bid-curve probe: EXPLORATORY P(make b) per (declaration, bid) at the auction point
level-1 seat (field = level-0 minds, n0=8), n_outer=40 CRN per hand, bids 30..=42, 18 rayon threads
SAMPLED — values are ESTIMATES; monotonicity in b is checked softly (see header)

hand 0: [11 20 50 52 53 61 64]
  P0  30: 7250 31: 7000 32: 5500 33: 5500 34: 5250 35: 5000 36: 4250 37: 4500 38: 4500 39: 4500 40: 3500 41: 2250 42:  500   [mono-viol x1]
  P1  30: 7750 31: 5750 32: 4750 33: 4750 34: 4750 35: 4250 36: 4000 37: 3500 38: 3500 39: 3500 40: 3500 41: 3500 42: 2750
  P2  30: 7250 31: 6750 32: 6250 33: 6250 34: 5750 35: 5250 36: 4750 37: 4000 38: 4000 39: 3750 40: 3500 41: 3000 42: 1500
  P3  30: 4750 31: 4000 32: 3750 33: 3750 34: 3750 35: 2750 36: 2750 37: 2000 38: 2000 39: 2250 40: 1500 41: 1250 42:  500   [mono-viol x1]
  P4  30: 5500 31: 5250 32: 5500 33: 5500 34: 5500 35: 4000 36: 3250 37: 4000 38: 4000 39: 4000 40: 3000 41: 1750 42: 1250   [mono-viol x2]
  P5  30: 7500 31: 4250 32: 3500 33: 3500 34: 3500 35: 3500 36: 3250 37: 3500 38: 3500 39: 3500 40: 3500 41: 3250 42: 2000   [mono-viol x1]
  P6  30: 8000 31: 8750 32: 8500 33: 8500 34: 8250 35: 7250 36: 6750 37: 7250 38: 7250 39: 7250 40: 7000 41: 4500 42: 2000   [mono-viol x2]
  DT  30: 6500 31: 5500 32: 5250 33: 5250 34: 5250 35: 4500 36: 4750 37: 4250 38: 4250 39: 3250 40: 2500 41: 2250 42: 1000   [mono-viol x1]
  NT  30: 7750 31: 7250 32: 6500 33: 6500 34: 6250 35: 6000 36: 5250 37: 5250 38: 5250 39: 5500 40: 5500 41: 4500 42: 2250   [mono-viol x1]
  (27.612s)

hand 1: [21 41 42 53 60 62 65]
  P0  30: 5250 31: 4250 32: 4000 33: 4250 34: 4000 35: 3500 36: 3000 37: 2500 38: 2500 39: 2750 40: 2250 41: 2000 42: 1000   [mono-viol x2]
  P1  30: 5250 31: 4750 32: 4750 33: 4500 34: 4500 35: 3500 36: 3000 37: 2750 38: 2750 39: 2500 40: 2250 41: 1250 42:  750
  P2  30: 7250 31: 7500 32: 6750 33: 7000 34: 6250 35: 6250 36: 4250 37: 4250 38: 4250 39: 4500 40: 4500 41: 3750 42:  750   [mono-viol x3]
  P3  30: 4750 31: 4750 32: 4000 33: 4000 34: 4000 35: 3000 36: 3000 37: 2250 38: 2250 39: 2500 40: 1750 41: 1000 42:  250   [mono-viol x1]
  P4  30: 4750 31: 3500 32: 3250 33: 3250 34: 3250 35: 2250 36: 1750 37: 2000 38: 2000 39: 1750 40: 1750 41: 1750 42:  750   [mono-viol x1]
  P5  30: 5000 31: 4500 32: 3250 33: 3250 34: 3000 35: 2750 36: 2500 37: 2500 38: 2500 39: 2250 40: 2000 41: 1750 42: 1250
  P6  30: 8000 31: 7250 32: 6250 33: 6500 34: 6000 35: 6250 36: 5750 37: 5250 38: 5250 39: 5250 40: 5250 41: 4000 42: 2250   [mono-viol x2]
  DT  30: 5000 31: 5000 32: 4750 33: 4750 34: 5000 35: 3750 36: 3000 37: 3000 38: 3000 39: 3000 40: 2500 41: 1250 42:  750   [mono-viol x1]
  NT  30: 6500 31: 4750 32: 5000 33: 5000 34: 5500 35: 5500 36: 4250 37: 4000 38: 4000 39: 4000 40: 4250 41: 3000 42: 2750   [mono-viol x3]
  (26.488s)

hand 2: [10 20 22 40 51 53 63]
  P0  30: 8500 31: 8250 32: 8250 33: 8250 34: 8000 35: 7250 36: 5250 37: 5250 38: 5250 39: 5250 40: 4750 41: 3750 42: 2500
  P1  30: 6250 31: 6000 32: 5750 33: 6000 34: 5250 35: 4500 36: 4000 37: 3500 38: 3750 39: 3250 40: 3250 41: 2750 42:  750   [mono-viol x2]
  P2  30: 6500 31: 5750 32: 5250 33: 5250 34: 5250 35: 4750 36: 3750 37: 4250 38: 4250 39: 4250 40: 4500 41: 3000 42: 2250   [mono-viol x2]
  P3  30: 9000 31: 8500 32: 7750 33: 7750 34: 8000 35: 7000 36: 5500 37: 5250 38: 5250 39: 5500 40: 4500 41: 4000 42:  750   [mono-viol x2]
  P4  30: 4500 31: 3750 32: 3500 33: 3500 34: 3250 35: 3500 36: 3000 37: 2250 38: 2250 39: 2250 40: 2750 41: 2000 42: 1750   [mono-viol x2]
  P5  30: 7000 31: 5250 32: 4000 33: 4000 34: 4000 35: 4000 36: 3750 37: 3250 38: 3250 39: 3250 40: 3000 41: 3000 42: 1500
  P6  30: 4750 31: 4000 32: 3000 33: 3000 34: 3000 35: 3000 36: 2250 37: 2500 38: 2500 39: 2500 40: 2250 41: 1250 42:  500   [mono-viol x1]
  DT  30: 4250 31: 3500 32: 3250 33: 3250 34: 3000 35: 2000 36: 2250 37: 1500 38: 1500 39: 1500 40: 1250 41: 1000 42:  500   [mono-viol x1]
  NT  30: 7000 31: 7000 32: 6250 33: 6250 34: 6250 35: 5750 36: 5750 37: 4500 38: 4500 39: 4750 40: 5000 41: 4500 42: 3250   [mono-viol x2]
  (24.676s)

hand 3: [10 31 32 44 55 60 64]
  P0  30: 7750 31: 7500 32: 7250 33: 7250 34: 7000 35: 6750 36: 6500 37: 5750 38: 5750 39: 5750 40: 5000 41: 3250 42: 1000
  P1  30: 6500 31: 6000 32: 6000 33: 6000 34: 5500 35: 4250 36: 3500 37: 3750 38: 3750 39: 4000 40: 3750 41: 3000 42: 1250   [mono-viol x2]
  P2  30: 8750 31: 8500 32: 8250 33: 8250 34: 7250 35: 5750 36: 5250 37: 4000 38: 4000 39: 4250 40: 4000 41: 2250 42: 1250   [mono-viol x1]
  P3  30:10000 31:10000 32:10000 33: 9750 34: 9500 35: 8250 36: 8250 37: 8250 38: 8250 39: 8000 40: 6000 41: 3750 42:  500
  P4  30:10000 31: 9750 32: 9750 33: 9750 34: 9750 35:10000 36: 9250 37: 9500 38: 9500 39: 9500 40: 8750 41: 7750 42: 4500   [mono-viol x2]
  P5  30: 8750 31: 8750 32: 9000 33: 8750 34: 8250 35: 7750 36: 7250 37: 7000 38: 7000 39: 6750 40: 6000 41: 4500 42: 3250   [mono-viol x1]
  P6  30:10000 31:10000 32:10000 33:10000 34: 9500 35: 9250 36: 8250 37: 8500 38: 8500 39: 8500 40: 7250 41: 4250 42: 1250   [mono-viol x1]
  DT  30: 9750 31: 9750 32: 9250 33: 9250 34: 9000 35: 7500 36: 7750 37: 7250 38: 7250 39: 7250 40: 6000 41: 2750 42:  250   [mono-viol x1]
  NT  30:10000 31: 9750 32: 9750 33: 9750 34: 9750 35: 9250 36: 9250 37: 8750 38: 8750 39: 8750 40: 8750 41: 7000 42: 4250
  (24.035s)

hand 4: [11 30 43 55 62 64 65]
  P0  30: 7250 31: 6750 32: 5500 33: 5750 34: 6000 35: 5000 36: 4750 37: 5750 38: 5750 39: 5750 40: 5000 41: 3000 42: 1000   [mono-viol x3]
  P1  30: 6750 31: 6750 32: 6750 33: 6750 34: 5750 35: 5000 36: 4250 37: 4250 38: 4250 39: 4500 40: 4000 41: 3000 42: 2000   [mono-viol x1]
  P2  30: 7000 31: 7250 32: 7250 33: 7250 34: 7000 35: 6750 36: 6750 37: 6250 38: 6250 39: 6250 40: 5250 41: 4750 42: 2000   [mono-viol x1]
  P3  30: 8500 31: 8500 32: 8500 33: 8500 34: 9000 35: 8000 36: 7750 37: 8000 38: 8000 39: 8000 40: 6750 41: 4250 42: 1250   [mono-viol x2]
  P4  30:10000 31: 9750 32:10000 33:10000 34:10000 35: 9750 36: 9500 37: 9250 38: 9250 39: 9250 40: 9000 41: 7000 42: 2750   [mono-viol x1]
  P5  30:10000 31:10000 32:10000 33:10000 34:10000 35: 9750 36:10000 37: 9750 38: 9750 39: 9750 40: 9500 41: 8000 42: 5250   [mono-viol x1]
  P6  30:10000 31:10000 32:10000 33:10000 34:10000 35:10000 36:10000 37:10000 38:10000 39:10000 40:10000 41: 8750 42: 3000
  DT  30: 9750 31: 9750 32: 9750 33: 9750 34: 9500 35: 9500 36: 9250 37: 9000 38: 9000 39: 8750 40: 8500 41: 4750 42: 1500
  NT  30:10000 31:10000 32:10000 33:10000 34:10000 35: 9750 36: 9500 37:10000 38:10000 39: 9750 40: 9250 41: 7500 42: 6250   [mono-viol x1]
  (23.774s)

hand 5: [22 33 50 52 55 60 62]
  P0  30:10000 31:10000 32:10000 33:10000 34:10000 35: 9500 36: 9000 37: 8250 38: 8250 39: 8000 40: 7500 41: 6750 42: 2500
  P1  30: 7500 31: 8250 32: 8250 33: 8250 34: 7000 35: 5500 36: 4750 37: 4500 38: 4250 39: 4000 40: 4000 41: 2750 42: 1250   [mono-viol x1]
  P2  30:10000 31:10000 32:10000 33:10000 34:10000 35:10000 36:10000 37:10000 38:10000 39:10000 40:10000 41:10000 42: 7750
  P3  30: 7500 31: 7250 32: 7250 33: 7250 34: 7500 35: 6500 36: 6250 37: 6500 38: 6500 39: 6250 40: 5250 41: 3250 42: 1750   [mono-viol x2]
  P4  30: 6000 31: 5250 32: 5000 33: 5000 34: 5000 35: 4500 36: 4000 37: 4250 38: 4250 39: 4250 40: 3500 41: 1750 42:  500   [mono-viol x1]
  P5  30: 9750 31: 9750 32: 9750 33: 9750 34: 9750 35: 9750 36: 9250 37: 9500 38: 9500 39: 9500 40: 9000 41: 6750 42: 3250   [mono-viol x1]
  P6  30: 7750 31: 6000 32: 6000 33: 6000 34: 6000 35: 5750 36: 5750 37: 5250 38: 5250 39: 5250 40: 5250 41: 4500 42: 2250
  DT  30: 9250 31: 9250 32: 9000 33: 9000 34: 8750 35: 8000 36: 7750 37: 7750 38: 7750 39: 7750 40: 6500 41: 3250 42:  250
  NT  30: 9500 31: 9500 32: 9500 33: 9500 34: 9250 35: 8500 36: 8500 37: 8250 38: 8250 39: 8000 40: 7500 41: 6750 42: 4500
  (38.112s)

hand 6: [22 30 31 42 60 61 63]
  P0  30: 8250 31: 8250 32: 7500 33: 7500 34: 7000 35: 6250 36: 5250 37: 3750 38: 3750 39: 3250 40: 4000 41: 2250 42: 1000   [mono-viol x1]
  P1  30: 8000 31: 7250 32: 7000 33: 7000 34: 6750 35: 6000 36: 4500 37: 4000 38: 4000 39: 3750 40: 3000 41: 2000 42: 1250
  P2  30: 8000 31: 7500 32: 7000 33: 7000 34: 6750 35: 6000 36: 5500 37: 5250 38: 5250 39: 5000 40: 4250 41: 2750 42: 1000
  P3  30: 8500 31: 7250 32: 7500 33: 7500 34: 7250 35: 7250 36: 6000 37: 5250 38: 5250 39: 5000 40: 5000 41: 4250 42: 1750   [mono-viol x1]
  P4  30: 5500 31: 4250 32: 4250 33: 4250 34: 4250 35: 4000 36: 3750 37: 3750 38: 3750 39: 4000 40: 3250 41: 2500 42: 1250   [mono-viol x1]
  P5  30: 3500 31: 3250 32: 2250 33: 2250 34: 2500 35: 2250 36: 2000 37: 1750 38: 1750 39: 1750 40: 1500 41: 1500 42: 1250   [mono-viol x1]
  P6  30: 7500 31: 6250 32: 6000 33: 6000 34: 5750 35: 5250 36: 5250 37: 5000 38: 5000 39: 5000 40: 4750 41: 3750 42: 1500
  DT  30: 4250 31: 5000 32: 3750 33: 3750 34: 4000 35: 3500 36: 2250 37: 2000 38: 2000 39: 2000 40: 1750 41: 1750 42:  750   [mono-viol x2]
  NT  30: 6500 31: 6000 32: 5250 33: 5250 34: 5500 35: 4750 36: 4750 37: 4250 38: 4250 39: 4250 40: 4500 41: 3000 42: 2250   [mono-viol x2]
  (30.409s)

hand 7: [00 20 21 40 43 51 54]
  P0  30: 9000 31: 8000 32: 8250 33: 8250 34: 8000 35: 8000 36: 7250 37: 4500 38: 4500 39: 4500 40: 4250 41: 4250 42: 2000   [mono-viol x1]
  P1  30: 6500 31: 5750 32: 5750 33: 5750 34: 5250 35: 4250 36: 3000 37: 3250 38: 3250 39: 3250 40: 2750 41: 2000 42:  500   [mono-viol x1]
  P2  30: 6250 31: 6750 32: 6500 33: 6500 34: 5500 35: 5250 36: 4000 37: 4000 38: 4000 39: 3750 40: 3250 41: 2250 42:  750   [mono-viol x1]
  P3  30: 6500 31: 4500 32: 4250 33: 4250 34: 3750 35: 3250 36: 2500 37: 1750 38: 1750 39: 1750 40: 1500 41: 1500 42:  500
  P4  30: 8500 31: 7000 32: 7000 33: 7000 34: 7000 35: 6750 36: 5500 37: 5250 38: 5250 39: 5250 40: 5250 41: 4250 42: 3000
  P5  30: 4750 31: 3750 32: 2500 33: 2500 34: 2250 35: 2500 36: 2000 37: 2250 38: 2250 39: 2250 40: 2250 41: 1500 42: 1000   [mono-viol x2]
  P6  30: 5500 31: 5250 32: 5000 33: 5000 34: 5250 35: 4500 36: 3000 37: 3250 38: 3250 39: 3250 40: 2500 41: 2000 42: 1250   [mono-viol x2]
  DT  30: 5000 31: 3500 32: 3000 33: 3000 34: 2750 35: 2750 36: 2500 37: 2250 38: 2250 39: 2250 40: 1750 41: 1250 42:  750
  NT  30: 6000 31: 5750 32: 5250 33: 5250 34: 4750 35: 4750 36: 4250 37: 4750 38: 4750 39: 4750 40: 4500 41: 4000 42: 2750   [mono-viol x1]
  (29.954s)

hand 8: [00 10 21 40 60 62 66]
  P0  30:10000 31:10000 32:10000 33:10000 34:10000 35:10000 36:10000 37:10000 38:10000 39:10000 40:10000 41:10000 42: 9750
  P1  30: 7000 31: 6500 32: 6500 33: 6500 34: 6500 35: 5250 36: 4250 37: 4000 38: 4000 39: 3750 40: 3250 41: 2250 42:  750
  P2  30: 9250 31: 8250 32: 8250 33: 8250 34: 7750 35: 7500 36: 6500 37: 6250 38: 6250 39: 6250 40: 7000 41: 5000 42: 1500   [mono-viol x1]
  P3  30: 5750 31: 5500 32: 5750 33: 6000 34: 4750 35: 3250 36: 2500 37: 2500 38: 2500 39: 2500 40: 2000 41: 1250 42:  500   [mono-viol x2]
  P4  30: 5750 31: 5250 32: 5000 33: 5000 34: 5000 35: 4250 36: 4250 37: 3750 38: 3750 39: 3250 40: 3250 41: 2500 42: 1250
  P5  30: 5250 31: 4750 32: 3750 33: 3750 34: 3750 35: 3500 36: 3750 37: 3000 38: 3000 39: 3250 40: 3000 41: 2000 42: 1250   [mono-viol x2]
  P6  30:10000 31: 9750 32: 9750 33: 9750 34: 9500 35: 9000 36: 9250 37: 8750 38: 8750 39: 8750 40: 8250 41: 6250 42: 3750   [mono-viol x1]
  DT  30: 7500 31: 7250 32: 7000 33: 7000 34: 6250 35: 5500 36: 4500 37: 4750 38: 4750 39: 4750 40: 4500 41: 2500 42:  750   [mono-viol x1]
  NT  30: 8500 31: 8000 32: 8000 33: 8000 34: 8000 35: 7500 36: 6000 37: 5750 38: 5750 39: 5750 40: 5500 41: 4750 42: 4250
  (34.702s)

hand 9: [00 30 32 51 52 54 66]
  P0  30: 8250 31: 6500 32: 6250 33: 6000 34: 5750 35: 6000 36: 5250 37: 5500 38: 5500 39: 5500 40: 4750 41: 4250 42: 2250   [mono-viol x2]
  P1  30: 5250 31: 5500 32: 5250 33: 5500 34: 5000 35: 4250 36: 3750 37: 3500 38: 3500 39: 3250 40: 2750 41: 2500 42: 1750   [mono-viol x2]
  P2  30: 8000 31: 8250 32: 8250 33: 8250 34: 8250 35: 7750 36: 8000 37: 6750 38: 6750 39: 6750 40: 5500 41: 4250 42: 1750   [mono-viol x2]
  P3  30: 7750 31: 7250 32: 7000 33: 7000 34: 6500 35: 6500 36: 5750 37: 6000 38: 6000 39: 6000 40: 5250 41: 3750 42: 2000   [mono-viol x1]
  P4  30: 5500 31: 5000 32: 4750 33: 4750 34: 4750 35: 4500 36: 4250 37: 3750 38: 3750 39: 3750 40: 3250 41: 3000 42: 2000
  P5  30: 6500 31: 5000 32: 2500 33: 2500 34: 2500 35: 2500 36: 2500 37: 2500 38: 2500 39: 2500 40: 2500 41: 2500 42: 2000
  P6  30: 7750 31: 6250 32: 6250 33: 6250 34: 6500 35: 6000 36: 4500 37: 5000 38: 5000 39: 5000 40: 5000 41: 3750 42: 1750   [mono-viol x2]
  DT  30: 7500 31: 6750 32: 6500 33: 6500 34: 6250 35: 5750 36: 4750 37: 4750 38: 4750 39: 4750 40: 5000 41: 3750 42: 1750   [mono-viol x1]
  NT  30: 8000 31: 7750 32: 7500 33: 7500 34: 7750 35: 7000 36: 6750 37: 7000 38: 7000 39: 7000 40: 6750 41: 6000 42: 3000   [mono-viol x2]
  (34.133s)

hand 10: [40 50 53 55 60 62 63]
  P0  30:10000 31:10000 32: 9750 33: 9750 34:10000 35: 9000 36: 9250 37: 9250 38: 9250 39: 9000 40: 8000 41: 6750 42: 2750   [mono-viol x2]
  P1  30: 3750 31: 4250 32: 4250 33: 4000 34: 3750 35: 3000 36: 2500 37: 2500 38: 2500 39: 2500 40: 1500 41: 1000 42:  750   [mono-viol x1]
  P2  30: 4500 31: 5750 32: 5750 33: 5750 34: 5500 35: 3500 36: 2500 37: 2750 38: 2750 39: 2500 40: 2250 41: 1750 42:  750   [mono-viol x2]
  P3  30: 9250 31: 9000 32: 9250 33: 9000 34: 9000 35: 8250 36: 7250 37: 6750 38: 6750 39: 6500 40: 6500 41: 4500 42: 1500   [mono-viol x1]
  P4  30: 6250 31: 5750 32: 6000 33: 6000 34: 5750 35: 5000 36: 4250 37: 4500 38: 4500 39: 4500 40: 4250 41: 3500 42: 1500   [mono-viol x2]
  P5  30:10000 31: 8500 32: 8250 33: 8500 34: 8250 35: 7750 36: 7250 37: 7000 38: 7250 39: 7000 40: 6750 41: 6250 42: 3250   [mono-viol x2]
  P6  30: 8250 31: 6750 32: 6250 33: 6250 34: 6000 35: 6000 36: 5750 37: 5500 38: 5500 39: 5500 40: 5500 41: 4250 42: 1250
  DT  30: 6250 31: 5500 32: 5250 33: 5250 34: 5500 35: 4250 36: 4250 37: 4000 38: 4000 39: 3750 40: 3000 41: 1250 42:  250   [mono-viol x1]
  NT  30: 9000 31: 8000 32: 7500 33: 7500 34: 6250 35: 6750 36: 6250 37: 6250 38: 6250 39: 6250 40: 5750 41: 4500 42: 3000   [mono-viol x1]
  (30.309s)

hand 11: [32 40 41 44 50 62 66]
  P0  30: 9000 31: 8500 32: 8250 33: 8250 34: 7250 35: 7250 36: 5000 37: 4500 38: 4500 39: 4250 40: 4750 41: 3000 42: 1500   [mono-viol x1]
  P1  30: 6500 31: 6250 32: 6250 33: 6250 34: 5750 35: 4750 36: 3750 37: 3750 38: 3750 39: 3500 40: 2500 41: 1500 42:  500
  P2  30: 8250 31: 8250 32: 7750 33: 7750 34: 8250 35: 7750 36: 6500 37: 6000 38: 6000 39: 6250 40: 6000 41: 4750 42: 2250   [mono-viol x2]
  P3  30: 7000 31: 6250 32: 5750 33: 5500 34: 6000 35: 4750 36: 3750 37: 3250 38: 3250 39: 3250 40: 2750 41: 2000 42: 1000   [mono-viol x1]
  P4  30: 9500 31: 9250 32: 9000 33: 9000 34: 9000 35: 8750 36: 8500 37: 8000 38: 8000 39: 8000 40: 7500 41: 6500 42: 4750
  P5  30: 6000 31: 3750 32: 4000 33: 4000 34: 3750 35: 3500 36: 3500 37: 3250 38: 3250 39: 3250 40: 3000 41: 2500 42: 1750   [mono-viol x1]
  P6  30: 8500 31: 8000 32: 7500 33: 7500 34: 7500 35: 7000 36: 6500 37: 5500 38: 5500 39: 5500 40: 5500 41: 5000 42: 3500
  DT  30: 6250 31: 5750 32: 5750 33: 5750 34: 5750 35: 5500 36: 4500 37: 3000 38: 3000 39: 3000 40: 2750 41: 3500 42: 1250   [mono-viol x1]
  NT  30: 9250 31: 9000 32: 9000 33: 9000 34: 8500 35: 8250 36: 8250 37: 7750 38: 7750 39: 7750 40: 7750 41: 7000 42: 5750
  (27.469s)

hand 12: [00 20 32 40 41 42 54]
  P0  30: 8750 31: 7750 32: 7500 33: 7500 34: 7500 35: 7000 36: 6250 37: 5500 38: 5500 39: 5500 40: 5500 41: 5000 42: 2750
  P1  30: 4250 31: 4250 32: 4000 33: 3750 34: 3750 35: 3500 36: 3000 37: 2750 38: 2750 39: 2750 40: 2750 41: 2250 42:  750
  P2  30: 8500 31: 8000 32: 8250 33: 8000 34: 7500 35: 6250 36: 6500 37: 6250 38: 6250 39: 6250 40: 5000 41: 3250 42: 1500   [mono-viol x2]
  P3  30: 5250 31: 4500 32: 4250 33: 4250 34: 4250 35: 4000 36: 3500 37: 4000 38: 4000 39: 4000 40: 3000 41: 2000 42: 1500   [mono-viol x1]
  P4  30: 9000 31: 7000 32: 6000 33: 6000 34: 6000 35: 6000 36: 6000 37: 6000 38: 6000 39: 6000 40: 6000 41: 5250 42: 3000
  P5  30: 5250 31: 3250 32: 2500 33: 2500 34: 2250 35: 2250 36: 1750 37: 1250 38: 1250 39: 1250 40: 1000 41: 1000 42:  500
  P6  30: 5500 31: 5000 32: 4250 33: 4250 34: 4500 35: 4750 36: 4250 37: 4250 38: 4250 39: 4250 40: 3500 41: 1750 42:  500   [mono-viol x2]
  DT  30: 4500 31: 3750 32: 3750 33: 3750 34: 3750 35: 3250 36: 2250 37: 2250 38: 2250 39: 2250 40: 2000 41: 1250 42:  250
  NT  30: 7000 31: 6500 32: 6000 33: 6000 34: 6250 35: 5250 36: 4750 37: 5000 38: 5000 39: 5000 40: 5000 41: 4750 42: 2500   [mono-viol x2]
  (31.963s)

hand 13: [11 20 21 40 44 61 62]
  P0  30: 6500 31: 6750 32: 6750 33: 6750 34: 6250 35: 5250 36: 4000 37: 3750 38: 3750 39: 3750 40: 3500 41: 2500 42:  750   [mono-viol x1]
  P1  30:10000 31:10000 32:10000 33:10000 34:10000 35: 9750 36: 9750 37: 9500 38: 9500 39: 9500 40: 9750 41: 9000 42: 7750   [mono-viol x1]
  P2  30:10000 31:10000 32:10000 33:10000 34:10000 35: 9750 36: 9250 37: 8000 38: 8000 39: 8000 40: 8000 41: 7250 42: 2750
  P3  30: 6500 31: 6500 32: 6250 33: 6250 34: 5500 35: 4500 36: 3750 37: 3000 38: 3000 39: 3000 40: 3000 41: 1500 42:  250
  P4  30: 8250 31: 7750 32: 8000 33: 8000 34: 7750 35: 6250 36: 6250 37: 6000 38: 6000 39: 6000 40: 5250 41: 4500 42: 1750   [mono-viol x1]
  P5  30: 4500 31: 3250 32: 2500 33: 2500 34: 2750 35: 2500 36: 2500 37: 2250 38: 2250 39: 2250 40: 2250 41: 1750 42:  250   [mono-viol x1]
  P6  30: 8750 31: 8250 32: 7750 33: 7750 34: 8000 35: 7500 36: 7000 37: 7000 38: 7000 39: 7000 40: 6750 41: 4750 42: 1250   [mono-viol x1]
  DT  30: 5000 31: 4750 32: 4500 33: 4500 34: 4000 35: 3750 36: 3500 37: 3000 38: 3000 39: 2750 40: 2500 41: 1750 42:  250
  NT  30: 8000 31: 7750 32: 7750 33: 7500 34: 8500 35: 7250 36: 6750 37: 6000 38: 6000 39: 6000 40: 6250 41: 4750 42: 2750   [mono-viol x2]
  (38.565s)

hand 14: [11 20 21 32 44 51 60]
  P0  30: 8750 31: 7750 32: 8000 33: 8000 34: 8000 35: 8000 36: 6500 37: 5750 38: 5750 39: 5750 40: 6000 41: 4000 42: 2000   [mono-viol x2]
  P1  30:10000 31:10000 32:10000 33:10000 34:10000 35:10000 36: 8750 37: 8500 38: 8500 39: 8750 40: 8750 41: 8750 42: 6750   [mono-viol x1]
  P2  30: 9500 31: 9250 32: 9250 33: 9250 34: 8750 35: 8000 36: 7500 37: 8000 38: 8000 39: 7750 40: 6500 41: 3750 42: 2250   [mono-viol x1]
  P3  30: 5750 31: 5000 32: 4750 33: 4750 34: 5000 35: 4750 36: 3500 37: 3250 38: 3250 39: 3250 40: 2500 41: 2250 42: 1500   [mono-viol x1]
  P4  30: 4750 31: 3500 32: 3750 33: 3750 34: 4000 35: 3500 36: 2500 37: 2250 38: 2250 39: 2250 40: 2000 41: 1000 42: 1000   [mono-viol x2]
  P5  30: 4750 31: 3500 32: 2500 33: 2500 34: 2500 35: 2500 36: 2500 37: 2500 38: 2500 39: 2500 40: 2250 41: 2000 42: 1250
  P6  30: 6000 31: 5000 32: 4750 33: 4750 34: 4500 35: 4000 36: 3500 37: 3250 38: 3250 39: 3250 40: 3000 41: 2750 42: 1500
  DT  30: 4500 31: 3500 32: 3500 33: 3500 34: 3000 35: 3250 36: 2750 37: 2000 38: 2000 39: 2000 40: 2000 41: 1500 42:  250   [mono-viol x1]
  NT  30: 8750 31: 7500 32: 7250 33: 7250 34: 7750 35: 7250 36: 6250 37: 5750 38: 5750 39: 5750 40: 5250 41: 5750 42: 5000   [mono-viol x2]
  (29.048s)

hand 15: [10 20 30 32 53 60 63]
  P0  30: 9500 31: 8750 32: 8750 33: 9000 34: 8750 35: 8000 36: 6750 37: 5500 38: 5500 39: 5250 40: 5000 41: 4000 42: 1750   [mono-viol x1]
  P1  30: 5500 31: 6250 32: 5500 33: 4750 34: 4000 35: 3000 36: 3250 37: 2750 38: 2750 39: 2250 40: 1500 41: 1000 42:  250   [mono-viol x2]
  P2  30: 5750 31: 5500 32: 5750 33: 5500 34: 4250 35: 3750 36: 3250 37: 3000 38: 3000 39: 2250 40: 2000 41:  750 42:  250   [mono-viol x1]
  P3  30:10000 31:10000 32:10000 33: 9750 34:10000 35: 9500 36: 8250 37: 8250 38: 8250 39: 8500 40: 7250 41: 5750 42: 2250   [mono-viol x2]
  P4  30: 4750 31: 4500 32: 4250 33: 4250 34: 3750 35: 3250 36: 3000 37: 2750 38: 2750 39: 2750 40: 2500 41: 1250 42:  250
  P5  30: 3250 31: 2750 32: 2750 33: 2750 34: 2250 35: 2250 36: 2000 37: 1500 38: 1500 39: 1500 40: 1500 41: 1250 42:  750
  P6  30: 6250 31: 6500 32: 6250 33: 6000 34: 5500 35: 4500 36: 4000 37: 3750 38: 3750 39: 3750 40: 2750 41: 1500 42:  750   [mono-viol x1]
  DT  30: 4000 31: 3750 32: 3750 33: 3750 34: 3000 35: 2500 36: 2000 37: 2250 38: 2250 39: 2000 40: 2000 41: 1500 42: 1000   [mono-viol x1]
  NT  30: 5000 31: 4750 32: 4750 33: 4500 34: 4250 35: 4250 36: 4000 37: 4500 38: 4500 39: 4250 40: 3000 41: 2500 42: 1750   [mono-viol x1]
  (29.208s)

hand 16: [00 21 30 33 44 53 60]
  P0  30:10000 31:10000 32:10000 33:10000 34:10000 35:10000 36:10000 37:10000 38:10000 39:10000 40:10000 41: 9750 42: 8500
  P1  30: 6250 31: 6000 32: 5750 33: 5750 34: 5500 35: 5000 36: 4500 37: 4000 38: 4000 39: 3750 40: 4000 41: 2500 42: 1000   [mono-viol x1]
  P2  30: 7250 31: 6500 32: 6500 33: 6500 34: 6500 35: 5750 36: 5000 37: 4750 38: 4750 39: 4500 40: 4000 41: 3000 42: 1750
  P3  30:10000 31:10000 32:10000 33:10000 34:10000 35:10000 36:10000 37: 9750 38: 9750 39: 9750 40: 9750 41: 9000 42: 7000
  P4  30: 5750 31: 4250 32: 4250 33: 4250 34: 4750 35: 4000 36: 3500 37: 3250 38: 3250 39: 3250 40: 3000 41: 2500 42: 1500   [mono-viol x1]
  P5  30: 6750 31: 5000 32: 4000 33: 4000 34: 4000 35: 3750 36: 3750 37: 3750 38: 3750 39: 3750 40: 3500 41: 3250 42: 2750
  P6  30: 6250 31: 5250 32: 5750 33: 5750 34: 5750 35: 5250 36: 4750 37: 5250 38: 5250 39: 5250 40: 5250 41: 3250 42: 1500   [mono-viol x2]
  DT  30: 5750 31: 5250 32: 4500 33: 4500 34: 4500 35: 4500 36: 3250 37: 3000 38: 3000 39: 3000 40: 3000 41: 2250 42:  500
  NT  30: 9750 31: 9750 32: 9250 33: 9000 34: 8750 35: 9250 36: 8750 37: 8250 38: 8250 39: 8250 40: 8250 41: 8250 42: 5750   [mono-viol x1]
  (32.115s)

hand 17: [10 20 30 44 50 52 63]
  P0  30: 9750 31: 9500 32: 9500 33: 9500 34: 9250 35: 8000 36: 8250 37: 7750 38: 7750 39: 7750 40: 6500 41: 4500 42: 1750   [mono-viol x1]
  P1  30: 4500 31: 5250 32: 5250 33: 5000 34: 4250 35: 3500 36: 3250 37: 2500 38: 2500 39: 2250 40: 2250 41: 2000 42: 1000   [mono-viol x1]
  P2  30: 6750 31: 6750 32: 6250 33: 6250 34: 5500 35: 5500 36: 4750 37: 4500 38: 4500 39: 4750 40: 3500 41: 2250 42: 1250   [mono-viol x1]
  P3  30: 8000 31: 8000 32: 8000 33: 8000 34: 7500 35: 7000 36: 6000 37: 6500 38: 6500 39: 6250 40: 6000 41: 4000 42: 2000   [mono-viol x1]
  P4  30: 4750 31: 4250 32: 3750 33: 3500 34: 3250 35: 2750 36: 2250 37: 2500 38: 2500 39: 2500 40: 2500 41: 2500 42: 1750   [mono-viol x1]
  P5  30: 5500 31: 4250 32: 3000 33: 3000 34: 3000 35: 3000 36: 2750 37: 2500 38: 2500 39: 2500 40: 2500 41: 2750 42: 1500   [mono-viol x1]
  P6  30: 5250 31: 4500 32: 4250 33: 4000 34: 3500 35: 3000 36: 3500 37: 3500 38: 3500 39: 3250 40: 3000 41: 2000 42:  500   [mono-viol x1]
  DT  30: 3750 31: 3500 32: 3500 33: 3500 34: 3500 35: 2250 36: 2250 37: 2250 38: 2250 39: 2250 40: 2000 41:  500 42:    0
  NT  30: 6000 31: 6750 32: 6000 33: 5750 34: 5750 35: 5000 36: 5500 37: 5250 38: 5250 39: 5000 40: 5250 41: 5250 42: 4250   [mono-viol x3]
  (22.700s)

hand 18: [30 32 43 50 60 63 64]
  P0  30: 9750 31: 9750 32:10000 33:10000 34: 9750 35: 9000 36: 8250 37: 8500 38: 8500 39: 8500 40: 7750 41: 6250 42: 2000   [mono-viol x2]
  P1  30: 4750 31: 4500 32: 4250 33: 3750 34: 3250 35: 2500 36: 2250 37: 2250 38: 2250 39: 1750 40: 1750 41:  750 42:    0
  P2  30: 6000 31: 5500 32: 5500 33: 5250 34: 4250 35: 4000 36: 2750 37: 2750 38: 2750 39: 2750 40: 1500 41: 1500 42: 1250
  P3  30: 9750 31: 9750 32: 9750 33: 9750 34: 9500 35: 8500 36: 8500 37: 8000 38: 8000 39: 8250 40: 7750 41: 6750 42: 3750   [mono-viol x1]
  P4  30: 9000 31: 8000 32: 8000 33: 8000 34: 7500 35: 6500 36: 5750 37: 5750 38: 5750 39: 5250 40: 4500 41: 3250 42: 1500
  P5  30: 4750 31: 4250 32: 3750 33: 3750 34: 3500 35: 3250 36: 3250 37: 3000 38: 3000 39: 3000 40: 2500 41: 2250 42: 1250
  P6  30: 8000 31: 8500 32: 8000 33: 8000 34: 7750 35: 7500 36: 7250 37: 7250 38: 7250 39: 7000 40: 6250 41: 4750 42: 2000   [mono-viol x1]
  DT  30: 6000 31: 5750 32: 5750 33: 5750 34: 5250 35: 4500 36: 4750 37: 4750 38: 4750 39: 4000 40: 3000 41: 2000 42: 1250   [mono-viol x1]
  NT  30: 7750 31: 6750 32: 7250 33: 7250 34: 7000 35: 6000 36: 5500 37: 5000 38: 4750 39: 5000 40: 4250 41: 4000 42: 2500   [mono-viol x2]
  (27.636s)

hand 19: [00 20 40 43 51 54 61]
  P0  30: 8500 31: 7500 32: 7500 33: 7500 34: 7750 35: 7750 36: 6750 37: 5000 38: 5000 39: 5000 40: 4500 41: 4250 42: 1500   [mono-viol x1]
  P1  30: 8250 31: 6750 32: 6250 33: 6500 34: 6500 35: 6250 36: 4750 37: 4750 38: 4750 39: 4500 40: 4000 41: 2750 42: 1250   [mono-viol x1]
  P2  30: 4000 31: 3500 32: 3000 33: 3250 34: 3000 35: 2750 36: 3000 37: 2500 38: 2500 39: 2500 40: 2250 41: 1500 42:  750   [mono-viol x2]
  P3  30: 4500 31: 4250 32: 4000 33: 4000 34: 4000 35: 4000 36: 4000 37: 3500 38: 3500 39: 3250 40: 2250 41: 1500 42: 1250
  P4  30: 7000 31: 5750 32: 5000 33: 5000 34: 5250 35: 5250 36: 5500 37: 5500 38: 5500 39: 5500 40: 5000 41: 4250 42: 1750   [mono-viol x2]
  P5  30: 4750 31: 4250 32: 3500 33: 3500 34: 3500 35: 3250 36: 2500 37: 2000 38: 2000 39: 2000 40: 2250 41: 1750 42: 1000   [mono-viol x1]
  P6  30: 4750 31: 4750 32: 4750 33: 4750 34: 4500 35: 4000 36: 3500 37: 4000 38: 4000 39: 3750 40: 2750 41: 1000 42:  750   [mono-viol x1]
  DT  30: 3750 31: 3500 32: 3250 33: 3250 34: 3000 35: 2500 36: 2000 37: 2000 38: 2000 39: 2000 40: 1500 41: 1000 42:  500
  NT  30: 7250 31: 6500 32: 6500 33: 6500 34: 6500 35: 6250 36: 5000 37: 4500 38: 4500 39: 4500 40: 4750 41: 4000 42: 2750   [mono-viol x1]
  (26.229s)

hand 20: [00 11 30 31 32 50 61]
  P0  30:10000 31:10000 32:10000 33:10000 34:10000 35:10000 36: 9250 37: 9250 38: 9250 39: 9250 40: 9250 41: 7500 42: 4750
  P1  30:10000 31: 9750 32: 9750 33: 9750 34: 9750 35: 9500 36: 9000 37: 8250 38: 8250 39: 8250 40: 8250 41: 8250 42: 7000
  P2  30: 4500 31: 4000 32: 3250 33: 3250 34: 3500 35: 3000 36: 2500 37: 2500 38: 2500 39: 2250 40: 2750 41:  500 42:  250   [mono-viol x2]
  P3  30:10000 31:10000 32:10000 33:10000 34:10000 35: 9250 36: 9500 37: 9000 38: 9000 39: 8750 40: 8750 41: 5000 42: 1500   [mono-viol x1]
  P4  30: 4250 31: 4250 32: 3500 33: 3500 34: 2750 35: 2500 36: 1750 37: 1750 38: 1750 39: 1250 40: 1000 41:  500 42:  250
  P5  30: 5000 31: 3750 32: 3000 33: 3000 34: 3000 35: 3000 36: 2750 37: 3250 38: 3250 39: 3250 40: 2250 41: 1250 42:  500   [mono-viol x1]
  P6  30: 5000 31: 4750 32: 4750 33: 4750 34: 4500 35: 4250 36: 4500 37: 4250 38: 4250 39: 4250 40: 3500 41: 2750 42: 1250   [mono-viol x1]
  DT  30: 4500 31: 4000 32: 4000 33: 3750 34: 4000 35: 2500 36: 1750 37: 1500 38: 1500 39: 1500 40: 1250 41: 1000 42:  250   [mono-viol x1]
  NT  30: 7000 31: 6000 32: 5500 33: 5500 34: 5000 35: 5000 36: 4250 37: 4250 38: 4250 39: 4250 40: 4750 41: 4000 42: 2500   [mono-viol x1]
  (32.362s)

hand 21: [00 11 20 32 50 55 64]
  P0  30:10000 31:10000 32: 9750 33: 9750 34: 9750 35:10000 36: 9250 37: 8000 38: 8000 39: 8000 40: 8250 41: 9000 42: 6250   [mono-viol x3]
  P1  30: 6750 31: 6250 32: 6250 33: 6250 34: 6250 35: 6250 36: 4750 37: 5000 38: 5000 39: 5000 40: 5000 41: 4000 42: 1750   [mono-viol x1]
  P2  30: 8750 31: 8250 32: 8250 33: 8250 34: 8000 35: 7000 36: 6500 37: 6000 38: 6000 39: 6000 40: 5750 41: 4500 42: 1750
  P3  30: 5750 31: 6250 32: 6000 33: 6000 34: 6500 35: 4750 36: 3000 37: 3250 38: 3250 39: 3250 40: 3500 41: 1000 42:  250   [mono-viol x4]
  P4  30: 9000 31: 9250 32: 8500 33: 8500 34: 9000 35: 8000 36: 6250 37: 6500 38: 6500 39: 6750 40: 7250 41: 4500 42: 2500   [mono-viol x5]
  P5  30: 9250 31: 9250 32: 9500 33: 9500 34: 9750 35: 8000 36: 6000 37: 6500 38: 6500 39: 6500 40: 6250 41: 5250 42: 3250   [mono-viol x3]
  P6  30: 9000 31: 8500 32: 8750 33: 8750 34: 8750 35: 7250 36: 6000 37: 6250 38: 6250 39: 6250 40: 5500 41: 4000 42: 1250   [mono-viol x2]
  DT  30: 9000 31: 8500 32: 8250 33: 8500 34: 8000 35: 7500 36: 6000 37: 6000 38: 6000 39: 6000 40: 6000 41: 3750 42: 1250   [mono-viol x1]
  NT  30: 9500 31: 9750 32: 9250 33: 9250 34: 9250 35: 9250 36: 9250 37: 8000 38: 8000 39: 8000 40: 7750 41: 7500 42: 7250   [mono-viol x1]
  (29.621s)

hand 22: [10 31 43 50 52 55 65]
  P0  30: 7250 31: 7000 32: 6750 33: 6750 34: 6250 35: 5250 36: 5000 37: 4000 38: 4000 39: 4250 40: 4000 41: 2000 42: 1000   [mono-viol x1]
  P1  30: 6250 31: 6000 32: 6000 33: 6000 34: 5500 35: 6000 36: 4750 37: 4500 38: 4500 39: 4500 40: 3750 41: 2750 42: 1500   [mono-viol x1]
  P2  30: 7500 31: 6250 32: 6500 33: 6500 34: 6000 35: 5750 36: 4750 37: 4000 38: 4000 39: 4000 40: 3750 41: 3500 42: 2250   [mono-viol x1]
  P3  30: 7500 31: 7750 32: 7500 33: 7500 34: 7250 35: 6750 36: 7000 37: 6000 38: 6000 39: 6000 40: 5750 41: 4250 42: 2250   [mono-viol x2]
  P4  30: 4750 31: 4750 32: 4250 33: 4250 34: 4250 35: 4250 36: 3250 37: 3250 38: 3250 39: 3000 40: 3000 41: 2500 42: 1250
  P5  30:10000 31:10000 32:10000 33:10000 34:10000 35:10000 36:10000 37:10000 38:10000 39:10000 40:10000 41:10000 42: 7500
  P6  30: 7750 31: 7500 32: 7250 33: 7250 34: 7000 35: 6500 36: 5250 37: 5750 38: 5750 39: 5750 40: 4500 41: 4000 42: 1500   [mono-viol x1]
  DT  30: 8500 31: 7750 32: 8250 33: 8250 34: 7500 35: 6250 36: 6500 37: 5500 38: 5500 39: 5750 40: 4750 41: 2250 42: 1000   [mono-viol x3]
  NT  30: 9750 31: 9500 32: 9250 33: 9250 34: 9500 35: 9000 36: 8250 37: 8250 38: 8250 39: 8000 40: 7750 41: 7750 42: 5750   [mono-viol x1]
  (27.960s)

hand 23: [21 42 44 50 51 52 62]
  P0  30: 6250 31: 5250 32: 5250 33: 5250 34: 4750 35: 4000 36: 3750 37: 3500 38: 3500 39: 3250 40: 3000 41: 2250 42: 1500
  P1  30: 8000 31: 7500 32: 6750 33: 6500 34: 6750 35: 5500 36: 5750 37: 5750 38: 5750 39: 5500 40: 4500 41: 3000 42:  750   [mono-viol x2]
  P2  30:10000 31:10000 32: 9750 33: 9750 34:10000 35: 9750 36: 8500 37: 8500 38: 8500 39: 8250 40: 8000 41: 7000 42: 2500   [mono-viol x1]
  P3  30: 5250 31: 5000 32: 5250 33: 5250 34: 4250 35: 4500 36: 3750 37: 3500 38: 3500 39: 3250 40: 2000 41: 1250 42:  250   [mono-viol x2]
  P4  30: 7750 31: 7000 32: 7000 33: 7000 34: 6500 35: 5500 36: 5750 37: 5500 38: 5500 39: 5250 40: 5250 41: 4500 42: 2500   [mono-viol x1]
  P5  30: 7500 31: 4500 32: 3500 33: 3500 34: 3500 35: 3500 36: 3500 37: 3500 38: 3500 39: 3500 40: 3500 41: 2750 42: 2250
  P6  30: 5750 31: 5000 32: 4750 33: 4750 34: 5250 35: 4500 36: 4750 37: 3250 38: 3250 39: 3000 40: 2750 41: 1500 42:  750   [mono-viol x2]
  DT  30: 5000 31: 4250 32: 4000 33: 4000 34: 4000 35: 3500 36: 2750 37: 2750 38: 2750 39: 2500 40: 2000 41: 2250 42:  750   [mono-viol x1]
  NT  30: 7750 31: 7000 32: 6500 33: 6250 34: 6250 35: 6000 36: 5750 37: 5500 38: 5500 39: 5500 40: 5750 41: 4750 42: 4000   [mono-viol x1]
  (32.271s)

hand 24: [00 10 21 22 44 50 54]
  P0  30:10000 31:10000 32:10000 33:10000 34:10000 35: 9750 36: 9750 37: 9500 38: 9500 39: 9500 40: 9250 41: 8750 42: 6750
  P1  30: 7750 31: 7750 32: 7500 33: 7500 34: 7000 35: 6750 36: 6250 37: 5250 38: 5250 39: 5250 40: 5000 41: 4000 42: 1750
  P2  30: 9000 31: 9500 32: 9000 33: 8750 34: 8750 35: 8500 36: 7500 37: 7250 38: 7250 39: 7250 40: 6750 41: 5500 42: 3500   [mono-viol x1]
  P3  30: 7500 31: 7000 32: 7000 33: 7000 34: 6250 35: 5250 36: 5250 37: 4750 38: 4750 39: 4750 40: 3500 41: 3250 42: 1500
  P4  30:10000 31: 9750 32: 9250 33: 9250 34: 9250 35: 9000 36: 8000 37: 7500 38: 7500 39: 7500 40: 7250 41: 7000 42: 4500
  P5  30: 8000 31: 5500 32: 3750 33: 3750 34: 3750 35: 3750 36: 3750 37: 3750 38: 3750 39: 3750 40: 3750 41: 3500 42: 2500
  P6  30: 6000 31: 5750 32: 5500 33: 5500 34: 5250 35: 5500 36: 5250 37: 5750 38: 5750 39: 5750 40: 4750 41: 2750 42:  750   [mono-viol x2]
  DT  30: 7750 31: 6250 32: 5000 33: 5000 34: 5000 35: 5250 36: 5000 37: 5250 38: 5250 39: 5000 40: 4750 41: 3250 42: 1250   [mono-viol x2]
  NT  30:10000 31: 9750 32: 9750 33: 9750 34: 9750 35: 9500 36: 9250 37: 9000 38: 9000 39: 8750 40: 8750 41: 8250 42: 6000
  (40.402s)

hand 25: [33 42 43 54 60 62 65]
  P0  30: 7000 31: 5500 32: 5250 33: 5250 34: 5250 35: 4000 36: 4000 37: 3750 38: 3750 39: 4000 40: 3250 41: 3250 42: 1500   [mono-viol x1]
  P1  30: 5000 31: 4750 32: 4750 33: 4750 34: 4000 35: 3250 36: 3500 37: 3250 38: 3250 39: 3000 40: 2750 41: 1500 42:  500   [mono-viol x1]
  P2  30: 8250 31: 8000 32: 7500 33: 7500 34: 7500 35: 7750 36: 6500 37: 6750 38: 6750 39: 6750 40: 6500 41: 5250 42: 2000   [mono-viol x2]
  P3  30: 9000 31: 8500 32: 7750 33: 7750 34: 7500 35: 7500 36: 7000 37: 6500 38: 6500 39: 6500 40: 6750 41: 5500 42: 3750   [mono-viol x1]
  P4  30: 7250 31: 5250 32: 4000 33: 4000 34: 4000 35: 4500 36: 4250 37: 3750 38: 3750 39: 3750 40: 3750 41: 3000 42: 1000   [mono-viol x1]
  P5  30: 7000 31: 6500 32: 3500 33: 3500 34: 3500 35: 3500 36: 3500 37: 3000 38: 3000 39: 3000 40: 2750 41: 2250 42: 2000
  P6  30: 9500 31:10000 32: 9500 33: 9250 34: 9500 35: 9500 36: 8750 37: 8000 38: 8000 39: 8000 40: 7250 41: 6750 42: 3750   [mono-viol x2]
  DT  30: 6750 31: 6250 32: 5500 33: 5500 34: 5250 35: 4500 36: 4750 37: 4500 38: 4500 39: 4250 40: 3500 41: 3500 42: 2000   [mono-viol x1]
  NT  30: 9000 31: 8250 32: 7000 33: 7000 34: 7250 35: 7000 36: 7000 37: 6750 38: 6750 39: 6750 40: 7250 41: 6250 42: 4500   [mono-viol x2]
  (41.258s)

hand 26: [21 30 52 53 55 61 62]
  P0  30: 5000 31: 4750 32: 4750 33: 4750 34: 4500 35: 3750 36: 2250 37: 2000 38: 2000 39: 2000 40: 1750 41: 1000 42:  750
  P1  30: 7750 31: 7500 32: 7500 33: 7250 34: 7000 35: 6000 36: 5250 37: 4750 38: 4750 39: 4750 40: 4000 41: 4000 42: 1500
  P2  30:10000 31: 9750 32: 9750 33: 9750 34: 9750 35: 9500 36: 8500 37: 8500 38: 8500 39: 8750 40: 8500 41: 7500 42: 3250   [mono-viol x1]
  P3  30: 9000 31: 8750 32: 8500 33: 8750 34: 8000 35: 6750 36: 7000 37: 6750 38: 6750 39: 6500 40: 6250 41: 3500 42: 1750   [mono-viol x2]
  P4  30: 5250 31: 4750 32: 4750 33: 4750 34: 4500 35: 2750 36: 3000 37: 3250 38: 3250 39: 3250 40: 3000 41: 1500 42:  500   [mono-viol x2]
  P5  30: 9750 31:10000 32:10000 33:10000 34: 9750 35: 8750 36: 8000 37: 7500 38: 7500 39: 7500 40: 7000 41: 6000 42: 3500   [mono-viol x1]
  P6  30: 6250 31: 6250 32: 6250 33: 6000 34: 5250 35: 4750 36: 4500 37: 4250 38: 4250 39: 4500 40: 4500 41: 2750 42: 1250   [mono-viol x1]
  DT  30: 7000 31: 6750 32: 6500 33: 6500 34: 5000 35: 4500 36: 4250 37: 3750 38: 3750 39: 3750 40: 3000 41: 2250 42:  750
  NT  30: 9500 31: 9250 32: 8750 33: 8500 34: 7750 35: 6750 36: 6250 37: 5500 38: 5500 39: 6000 40: 5750 41: 5250 42: 3250   [mono-viol x1]
  (28.856s)

hand 27: [20 41 42 44 55 62 65]
  P0  30: 5750 31: 5500 32: 5500 33: 5250 34: 5000 35: 3750 36: 3500 37: 3500 38: 3500 39: 3500 40: 3500 41: 2500 42: 1750
  P1  30: 7500 31: 8500 32: 8000 33: 7250 34: 6750 35: 6000 36: 5250 37: 4750 38: 4750 39: 4500 40: 3750 41: 2000 42: 1250   [mono-viol x1]
  P2  30: 9750 31: 9500 32: 9000 33: 9250 34: 9250 35: 9250 36: 9250 37: 8000 38: 8000 39: 8000 40: 8500 41: 7750 42: 3500   [mono-viol x2]
  P3  30: 8750 31: 9000 32: 8500 33: 8000 34: 7750 35: 6250 36: 6750 37: 7000 38: 7000 39: 6500 40: 4500 41: 2500 42: 1250   [mono-viol x3]
  P4  30:10000 31:10000 32:10000 33:10000 34: 9500 35:10000 36: 9500 37: 9750 38: 9750 39: 9750 40: 9250 41: 8000 42: 4750   [mono-viol x2]
  P5  30:10000 31: 9750 32: 9750 33: 9750 34: 9750 35: 9750 36: 9500 37: 9250 38: 9250 39: 9250 40: 9000 41: 7500 42: 5750
  P6  30: 9250 31: 9000 32: 8750 33: 8750 34: 9000 35: 8500 36: 8500 37: 8500 38: 8500 39: 8500 40: 8250 41: 6750 42: 3000   [mono-viol x1]
  DT  30: 9750 31: 9500 32: 9000 33: 9000 34: 9000 35: 8500 36: 7250 37: 6750 38: 6750 39: 6250 40: 5750 41: 3500 42: 1250
  NT  30:10000 31:10000 32:10000 33:10000 34:10000 35: 9500 36:10000 37: 9750 38: 9750 39: 9500 40: 9500 41: 8750 42: 7250   [mono-viol x1]
  (29.289s)

hand 28: [00 10 11 32 44 50 61]
  P0  30:10000 31:10000 32:10000 33:10000 34: 9750 35: 9750 36: 9500 37: 9000 38: 9000 39: 9000 40: 9000 41: 8750 42: 6000
  P1  30:10000 31:10000 32:10000 33:10000 34:10000 35:10000 36: 9500 37: 8750 38: 8750 39: 8750 40: 8750 41: 8750 42: 7250
  P2  30: 7000 31: 6500 32: 6500 33: 6250 34: 6250 35: 4750 36: 4500 37: 5000 38: 5000 39: 4500 40: 3750 41: 1250 42:  500   [mono-viol x1]
  P3  30: 6750 31: 6500 32: 6000 33: 6000 34: 5750 35: 5250 36: 5000 37: 4250 38: 4250 39: 4250 40: 3250 41: 2000 42: 1750
  P4  30: 7000 31: 6500 32: 5500 33: 5500 34: 5000 35: 4750 36: 3750 37: 4000 38: 4000 39: 4000 40: 3500 41: 3000 42: 2250   [mono-viol x1]
  P5  30: 4750 31: 3750 32: 3000 33: 3000 34: 3000 35: 3000 36: 3000 37: 3000 38: 3000 39: 3000 40: 3000 41: 2250 42: 1750
  P6  30: 7750 31: 7750 32: 7500 33: 7500 34: 7250 35: 6750 36: 5250 37: 5750 38: 5750 39: 5000 40: 4500 41: 2750 42: 1500   [mono-viol x1]
  DT  30: 6250 31: 5250 32: 4750 33: 4750 34: 5250 35: 4500 36: 3750 37: 3250 38: 3250 39: 3250 40: 2750 41: 2500 42:  500   [mono-viol x1]
  NT  30: 9250 31: 8500 32: 9000 33: 9000 34: 8750 35: 8750 36: 7750 37: 7000 38: 7000 39: 7000 40: 6750 41: 7000 42: 5250   [mono-viol x2]
  (31.469s)

hand 29: [00 32 53 54 60 65 66]
  P0  30: 9500 31: 9000 32: 9000 33: 9000 34: 9000 35: 8000 36: 6750 37: 6000 38: 6000 39: 6000 40: 6000 41: 5500 42: 3750
  P1  30: 6000 31: 5500 32: 5500 33: 5500 34: 5250 35: 4750 36: 3750 37: 4250 38: 4250 39: 4000 40: 3500 41: 3500 42: 2000   [mono-viol x1]
  P2  30: 6000 31: 5500 32: 5750 33: 6000 34: 5500 35: 3750 36: 4000 37: 3500 38: 3500 39: 3250 40: 2750 41: 2250 42:  750   [mono-viol x3]
  P3  30: 9500 31: 9750 32: 9750 33: 9500 34: 9500 35: 8750 36: 8000 37: 8500 38: 8500 39: 8000 40: 7000 41: 4000 42:  500   [mono-viol x2]
  P4  30: 6750 31: 6000 32: 6000 33: 6000 34: 6000 35: 6000 36: 6000 37: 5750 38: 5750 39: 5750 40: 5500 41: 5000 42: 2250
  P5  30: 8500 31: 8000 32: 3000 33: 3000 34: 3000 35: 3000 36: 3000 37: 3000 38: 3000 39: 3000 40: 3000 41: 3000 42: 3000
  P6  30:10000 31:10000 32: 9750 33: 9750 34: 9500 35: 9500 36: 9000 37: 8500 38: 8500 39: 8500 40: 8000 41: 8000 42: 6750
  DT  30: 9000 31: 9500 32: 9250 33: 9250 34: 9500 35: 9000 36: 7750 37: 7250 38: 7250 39: 7250 40: 6750 41: 5500 42: 3500   [mono-viol x2]
  NT  30: 9750 31: 9250 32: 8500 33: 8500 34: 8250 35: 8250 36: 7500 37: 7000 38: 7000 39: 7000 40: 6750 41: 7250 42: 6500   [mono-viol x1]
  (45.444s)

hand 30: [11 22 31 40 60 62 63]
  P0  30: 9250 31: 9250 32: 9000 33: 9000 34: 9000 35: 8750 36: 6750 37: 6000 38: 6000 39: 5750 40: 5000 41: 5250 42: 1750   [mono-viol x1]
  P1  30: 9250 31: 9000 32: 8250 33: 8250 34: 7750 35: 6250 36: 5750 37: 5250 38: 5250 39: 5250 40: 5000 41: 4000 42: 2250
  P2  30: 9500 31: 9250 32: 9250 33: 9250 34: 9000 35: 9250 36: 8750 37: 9000 38: 9000 39: 8750 40: 8750 41: 8000 42: 6000   [mono-viol x2]
  P3  30: 8500 31: 7750 32: 7750 33: 7750 34: 7750 35: 7250 36: 4750 37: 5500 38: 5500 39: 5500 40: 5000 41: 3500 42: 1250   [mono-viol x1]
  P4  30: 5000 31: 4750 32: 4750 33: 4750 34: 4750 35: 4000 36: 3000 37: 3250 38: 3250 39: 3250 40: 3000 41: 2250 42: 1500   [mono-viol x1]
  P5  30: 5500 31: 5000 32: 4500 33: 4500 34: 4500 35: 4000 36: 4000 37: 3500 38: 3500 39: 3500 40: 3250 41: 1750 42: 1250
  P6  30: 8750 31: 7000 32: 7250 33: 7250 34: 7000 35: 7000 36: 6000 37: 6500 38: 6500 39: 6750 40: 6500 41: 5000 42: 3250   [mono-viol x3]
  DT  30: 6000 31: 5750 32: 5500 33: 5500 34: 5250 35: 4000 36: 3500 37: 3000 38: 3000 39: 3000 40: 2750 41: 1500 42:  750
  NT  30: 9000 31: 9250 32: 8250 33: 8250 34: 7750 35: 7750 36: 7500 37: 7750 38: 7750 39: 7750 40: 7250 41: 6500 42: 3750   [mono-viol x2]
  (32.423s)

hand 31: [00 31 33 50 55 64 66]
  P0  30:10000 31: 9750 32:10000 33:10000 34:10000 35:10000 36: 9500 37: 9250 38: 9250 39: 9250 40: 9250 41: 8250 42: 6750   [mono-viol x1]
  P1  30: 6250 31: 6250 32: 6000 33: 6000 34: 5500 35: 5000 36: 4250 37: 4000 38: 4000 39: 3750 40: 4000 41: 3250 42: 1250   [mono-viol x1]
  P2  30: 7000 31: 7000 32: 6750 33: 6750 34: 6750 35: 6250 36: 5750 37: 5250 38: 5250 39: 5250 40: 4750 41: 4250 42: 1750
  P3  30: 9500 31: 9000 32: 9250 33: 9250 34: 9000 35: 9000 36: 8000 37: 8000 38: 8000 39: 7750 40: 7500 41: 6250 42: 3750   [mono-viol x1]
  P4  30: 9500 31: 9750 32: 9750 33: 9750 34: 9500 35: 9000 36: 8750 37: 8500 38: 8500 39: 8250 40: 8250 41: 7000 42: 3500   [mono-viol x1]
  P5  30:10000 31:10000 32:10000 33:10000 34:10000 35:10000 36: 9750 37: 9500 38: 9500 39: 9500 40: 9500 41: 8000 42: 4500
  P6  30:10000 31:10000 32:10000 33:10000 34: 9750 35:10000 36: 9500 37: 9500 38: 9500 39: 9500 40: 9250 41: 9000 42: 6250   [mono-viol x1]
  DT  30:10000 31:10000 32:10000 33:10000 34:10000 35:10000 36: 9750 37: 9250 38: 9250 39: 9250 40: 9250 41: 9000 42: 7000
  NT  30:10000 31:10000 32:10000 33:10000 34:10000 35:10000 36:10000 37: 9750 38: 9750 39: 9750 40: 9750 41:10000 42: 9000   [mono-viol x1]
  (32.312s)

hand 32: [10 43 51 60 61 62 65]
  P0  30: 5750 31: 5250 32: 5750 33: 5750 34: 5250 35: 4250 36: 3500 37: 2750 38: 2750 39: 2750 40: 3000 41: 2250 42: 1000   [mono-viol x2]
  P1  30: 8750 31: 8250 32: 7500 33: 7250 34: 7250 35: 7000 36: 7000 37: 6500 38: 6500 39: 6500 40: 6500 41: 4250 42: 2000
  P2  30: 4500 31: 4250 32: 4500 33: 4250 34: 3000 35: 2750 36: 2000 37: 1750 38: 1750 39: 1500 40: 1500 41: 1000 42:  250   [mono-viol x1]
  P3  30: 4500 31: 4000 32: 3750 33: 3750 34: 2750 35: 3000 36: 2000 37: 2250 38: 2250 39: 2250 40: 1500 41: 1000 42:  250   [mono-viol x2]
  P4  30: 4250 31: 3250 32: 3250 33: 3250 34: 3250 35: 3250 36: 2750 37: 3000 38: 3000 39: 3000 40: 2750 41: 2250 42: 1000   [mono-viol x1]
  P5  30: 4750 31: 4000 32: 3500 33: 3500 34: 3500 35: 3250 36: 2750 37: 2500 38: 2500 39: 2500 40: 2750 41: 2000 42: 1750   [mono-viol x1]
  P6  30: 9500 31: 9000 32: 8750 33: 8750 34: 9000 35: 7750 36: 7250 37: 6500 38: 6500 39: 6500 40: 6000 41: 5750 42: 2500   [mono-viol x1]
  DT  30: 4500 31: 3750 32: 3750 33: 3500 34: 3750 35: 3750 36: 3500 37: 2500 38: 2500 39: 2250 40: 2250 41: 1750 42:  750   [mono-viol x1]
  NT  30: 5750 31: 5000 32: 5250 33: 5250 34: 5000 35: 5000 36: 4750 37: 4750 38: 4750 39: 4250 40: 4500 41: 3750 42: 3000   [mono-viol x2]
  (29.141s)

hand 33: [22 40 42 50 51 60 61]
  P0  30: 9750 31: 9500 32: 9750 33: 9750 34: 9500 35: 9250 36: 8500 37: 8500 38: 8500 39: 8500 40: 8500 41: 7000 42: 2500   [mono-viol x1]
  P1  30: 8500 31: 8250 32: 8250 33: 8000 34: 7750 35: 7250 36: 6500 37: 6250 38: 6250 39: 6250 40: 5500 41: 4250 42: 1250
  P2  30: 7250 31: 7000 32: 6750 33: 6750 34: 5750 35: 5250 36: 5000 37: 5000 38: 5000 39: 5000 40: 4500 41: 3500 42: 1750
  P3  30: 4500 31: 4250 32: 4500 33: 4500 34: 3750 35: 3500 36: 3000 37: 2750 38: 2750 39: 2500 40: 2500 41: 1500 42:  750   [mono-viol x1]
  P4  30: 6000 31: 6000 32: 5750 33: 5750 34: 5500 35: 5500 36: 5000 37: 5000 38: 5000 39: 5000 40: 5000 41: 4500 42: 1500
  P5  30: 4750 31: 4000 32: 3250 33: 3250 34: 3500 35: 3500 36: 3250 37: 2750 38: 2750 39: 2750 40: 2750 41: 2000 42: 1000   [mono-viol x1]
  P6  30: 7750 31: 7250 32: 7250 33: 7000 34: 7000 35: 7000 36: 6750 37: 5000 38: 5000 39: 5000 40: 5000 41: 3250 42: 1500
  DT  30: 4750 31: 4000 32: 4000 33: 4000 34: 4000 35: 3250 36: 2500 37: 1750 38: 1750 39: 1750 40: 1750 41: 1250 42:  250
  NT  30: 8750 31: 8250 32: 7750 33: 7750 34: 7750 35: 7500 36: 6750 37: 7000 38: 7000 39: 7000 40: 6750 41: 4250 42: 3250   [mono-viol x1]
  (31.049s)

hand 34: [10 31 33 40 41 51 54]
  P0  30: 7250 31: 7000 32: 7000 33: 7000 34: 6000 35: 6000 36: 5250 37: 3500 38: 3500 39: 3500 40: 3250 41: 3000 42: 1250
  P1  30:10000 31:10000 32:10000 33:10000 34: 9750 35: 9750 36: 9750 37: 9250 38: 9250 39: 9250 40: 8750 41: 6250 42: 2500
  P2  30: 4500 31: 4250 32: 4250 33: 4000 34: 4000 35: 2750 36: 2750 37: 2500 38: 2500 39: 2750 40: 2250 41: 1000 42:  250   [mono-viol x1]
  P3  30: 8000 31: 8250 32: 7750 33: 7500 34: 6750 35: 6500 36: 5500 37: 5500 38: 5500 39: 5250 40: 5000 41: 3000 42: 1250   [mono-viol x1]
  P4  30: 7750 31: 6250 32: 6000 33: 6000 34: 6000 35: 6000 36: 5250 37: 5250 38: 5250 39: 5250 40: 5250 41: 4250 42: 1750
  P5  30: 6500 31: 5750 32: 4000 33: 4000 34: 3750 35: 4000 36: 4000 37: 3500 38: 3500 39: 3500 40: 3250 41: 2500 42: 1250   [mono-viol x1]
  P6  30: 6750 31: 6250 32: 5250 33: 5250 34: 5250 35: 4500 36: 4250 37: 4250 38: 4250 39: 4000 40: 3500 41: 2250 42: 1250
  DT  30: 5500 31: 5500 32: 5000 33: 5000 34: 4250 35: 4250 36: 4000 37: 3500 38: 3500 39: 3250 40: 3250 41: 1500 42: 1250
  NT  30: 7750 31: 7000 32: 6750 33: 6750 34: 6750 35: 7000 36: 5500 37: 5750 38: 5750 39: 5750 40: 5250 41: 4500 42: 3500   [mono-viol x2]
  (35.827s)

hand 35: [10 21 41 50 60 64 65]
  P0  30: 9500 31: 9500 32: 9750 33: 9750 34:10000 35: 9250 36: 8500 37: 8750 38: 8750 39: 8750 40: 8250 41: 5750 42: 2250   [mono-viol x3]
  P1  30: 9500 31: 8750 32: 8750 33: 8250 34: 8500 35: 7500 36: 6750 37: 6750 38: 6750 39: 6750 40: 5750 41: 4500 42: 1000   [mono-viol x1]
  P2  30: 6000 31: 5000 32: 5500 33: 5000 34: 4500 35: 4000 36: 3500 37: 3250 38: 3250 39: 3250 40: 2500 41: 2250 42:  750   [mono-viol x1]
  P3  30: 4250 31: 4000 32: 3500 33: 3250 34: 3000 35: 3000 36: 2500 37: 2250 38: 2250 39: 2000 40: 1500 41: 1000 42:  250
  P4  30: 7250 31: 7000 32: 7000 33: 7000 34: 6000 35: 6000 36: 4500 37: 4000 38: 4000 39: 4000 40: 3250 41: 2750 42: 1500
  P5  30: 4750 31: 4000 32: 2750 33: 2750 34: 3000 35: 3000 36: 2750 37: 2500 38: 2500 39: 2500 40: 2250 41: 2000 42: 1500   [mono-viol x1]
  P6  30: 9000 31: 8750 32: 8750 33: 9000 34: 8750 35: 7750 36: 7250 37: 6750 38: 6750 39: 6500 40: 6000 41: 4750 42: 3250   [mono-viol x1]
  DT  30: 5250 31: 4750 32: 5000 33: 5000 34: 4250 35: 4500 36: 3500 37: 3250 38: 3250 39: 3250 40: 2500 41: 1750 42:  750   [mono-viol x2]
  NT  30: 6250 31: 6500 32: 6000 33: 6000 34: 5750 35: 4750 36: 4250 37: 4500 38: 4500 39: 4500 40: 3500 41: 2750 42: 2000   [mono-viol x2]
  (28.966s)

hand 36: [21 32 40 42 55 62 64]
  P0  30: 7500 31: 7500 32: 6750 33: 6750 34: 6500 35: 5000 36: 4500 37: 4750 38: 4750 39: 4750 40: 4250 41: 2500 42: 1500   [mono-viol x1]
  P1  30: 7000 31: 7750 32: 7250 33: 7500 34: 6250 35: 5500 36: 5000 37: 4750 38: 4750 39: 4750 40: 3000 41: 3250 42: 1250   [mono-viol x3]
  P2  30: 9250 31: 9500 32: 9000 33: 9000 34: 9250 35: 8750 36: 8500 37: 8000 38: 8000 39: 7750 40: 8250 41: 6750 42: 3000   [mono-viol x3]
  P3  30: 8000 31: 8000 32: 7500 33: 7250 34: 6500 35: 5000 36: 5000 37: 5500 38: 5500 39: 5250 40: 4250 41: 2250 42: 1250   [mono-viol x1]
  P4  30: 9750 31: 9750 32: 9750 33: 9750 34: 9500 35: 9250 36: 9000 37: 8250 38: 8250 39: 8500 40: 8000 41: 6500 42: 2000   [mono-viol x1]
  P5  30: 8000 31: 7500 32: 8000 33: 7500 34: 6500 35: 5250 36: 5000 37: 5500 38: 5500 39: 5250 40: 4000 41: 1750 42:  750   [mono-viol x2]
  P6  30: 9250 31: 9750 32: 9250 33: 9500 34: 9500 35: 9000 36: 7500 37: 7250 38: 7250 39: 7500 40: 6750 41: 4750 42: 1500   [mono-viol x3]
  DT  30: 7250 31: 7750 32: 7500 33: 7500 34: 6500 35: 6250 36: 5500 37: 5250 38: 5250 39: 5000 40: 4750 41: 3250 42:  750   [mono-viol x1]
  NT  30: 9250 31: 9250 32: 9500 33: 9000 34: 8250 35: 8250 36: 8000 37: 8250 38: 8250 39: 8000 40: 6500 41: 5000 42: 3750   [mono-viol x2]
  (25.461s)

hand 37: [10 20 41 43 53 55 61]
  P0  30: 7250 31: 6750 32: 6000 33: 5750 34: 6000 35: 5000 36: 4750 37: 4500 38: 4500 39: 4500 40: 3750 41: 2500 42: 1250   [mono-viol x1]
  P1  30:10000 31: 9750 32: 9750 33: 9750 34: 9500 35: 9000 36: 8500 37: 8000 38: 8000 39: 8250 40: 7250 41: 6500 42: 3250   [mono-viol x1]
  P2  30: 6500 31: 6250 32: 6000 33: 6000 34: 3750 35: 4000 36: 2750 37: 2500 38: 2500 39: 2000 40: 2250 41: 1750 42: 1250   [mono-viol x2]
  P3  30: 7750 31: 8250 32: 8250 33: 8500 34: 7750 35: 7000 36: 6000 37: 5500 38: 5500 39: 5000 40: 4750 41: 2750 42: 1250   [mono-viol x2]
  P4  30: 7000 31: 5500 32: 5500 33: 5500 34: 5000 35: 5250 36: 5500 37: 5500 38: 5500 39: 5500 40: 4500 41: 2750 42: 1250   [mono-viol x2]
  P5  30: 9000 31: 7750 32: 8000 33: 7500 34: 6500 35: 6500 36: 6000 37: 6250 38: 6250 39: 6250 40: 4250 41: 3000 42:  750   [mono-viol x2]
  P6  30: 7000 31: 6750 32: 7000 33: 7000 34: 6750 35: 4750 36: 5000 37: 4750 38: 4750 39: 4500 40: 3250 41: 2000 42:  500   [mono-viol x2]
  DT  30: 5500 31: 5500 32: 5250 33: 5250 34: 4750 35: 3750 36: 3250 37: 3000 38: 3250 39: 3000 40: 2500 41: 1500 42:  250   [mono-viol x1]
  NT  30: 8250 31: 7000 32: 7500 33: 8000 34: 8250 35: 6500 36: 6250 37: 6000 38: 6000 39: 6500 40: 6500 41: 3750 42: 3000   [mono-viol x4]
  (23.307s)

hand 38: [11 21 22 50 52 53 63]
  P0  30: 7000 31: 5500 32: 4750 33: 4750 34: 5000 35: 4500 36: 4000 37: 3250 38: 3250 39: 3250 40: 3000 41: 2000 42: 1250   [mono-viol x1]
  P1  30: 8000 31: 6750 32: 6500 33: 6500 34: 6500 35: 5750 36: 5500 37: 5000 38: 5000 39: 5000 40: 4750 41: 4000 42: 2250
  P2  30: 9750 31: 9500 32: 9250 33: 9250 34: 9500 35: 9250 36: 8500 37: 8000 38: 8000 39: 8000 40: 8250 41: 7750 42: 4750   [mono-viol x2]
  P3  30: 9250 31: 9250 32: 9000 33: 9000 34: 8500 35: 8750 36: 7500 37: 7000 38: 7000 39: 7250 40: 7000 41: 5500 42: 2250   [mono-viol x2]
  P4  30: 5250 31: 4250 32: 4250 33: 4250 34: 4000 35: 2750 36: 2500 37: 2500 38: 2500 39: 2250 40: 2000 41: 1500 42:  250
  P5  30: 8750 31: 6000 32: 3000 33: 3000 34: 3000 35: 3000 36: 3000 37: 3000 38: 3000 39: 3000 40: 3000 41: 2750 42: 1750
  P6  30: 7500 31: 6000 32: 5750 33: 5750 34: 5750 35: 5250 36: 5250 37: 4500 38: 4500 39: 4500 40: 4000 41: 3500 42: 1250
  DT  30: 5750 31: 5000 32: 4500 33: 4500 34: 4500 35: 4500 36: 4000 37: 3750 38: 3750 39: 3750 40: 3000 41: 1750 42:  500
  NT  30: 9250 31: 9250 32: 7500 33: 7500 34: 7000 35: 7000 36: 6750 37: 7000 38: 7000 39: 7000 40: 6250 41: 5500 42: 4000   [mono-viol x1]
  (35.103s)

hand 39: [11 22 32 41 51 52 55]
  P0  30: 6250 31: 6500 32: 6250 33: 6000 34: 5500 35: 4750 36: 3500 37: 3500 38: 3500 39: 3750 40: 3000 41: 2500 42: 1000   [mono-viol x2]
  P1  30:10000 31:10000 32:10000 33:10000 34:10000 35:10000 36: 9500 37: 9500 38: 9500 39: 9500 40: 9500 41: 9000 42: 7500
  P2  30:10000 31:10000 32:10000 33:10000 34:10000 35:10000 36: 9250 37: 9500 38: 9500 39: 9500 40: 9500 41: 8750 42: 7250   [mono-viol x1]
  P3  30: 7500 31: 8250 32: 8250 33: 8250 34: 7250 35: 7250 36: 7750 37: 7500 38: 7500 39: 7000 40: 5250 41: 4000 42: 1500   [mono-viol x2]
  P4  30: 5500 31: 4250 32: 4000 33: 4000 34: 4250 35: 4250 36: 4250 37: 3750 38: 3750 39: 3750 40: 3500 41: 2500 42: 1250   [mono-viol x1]
  P5  30:10000 31:10000 32:10000 33:10000 34:10000 35:10000 36: 9250 37: 8750 38: 8750 39: 8750 40: 8250 41: 7250 42: 5250
  P6  30: 7750 31: 7000 32: 6500 33: 6500 34: 6500 35: 6500 36: 6000 37: 6250 38: 6250 39: 6500 40: 5500 41: 3500 42:  750   [mono-viol x2]
  DT  30: 9000 31: 9250 32: 9250 33: 9000 34: 7750 35: 6750 36: 4500 37: 5000 38: 5000 39: 5250 40: 4500 41: 3250 42: 1250   [mono-viol x3]
  NT  30: 9750 31: 9750 32: 9250 33: 9250 34: 9250 35: 8750 36: 8500 37: 8250 38: 8250 39: 8250 40: 8000 41: 7250 42: 6250
  (31.376s)

hand 40: [00 20 31 32 41 52 62]
  P0  30: 7000 31: 6500 32: 7000 33: 7000 34: 6250 35: 5000 36: 4250 37: 4000 38: 4000 39: 4000 40: 3750 41: 3250 42: 1750   [mono-viol x1]
  P1  30: 7250 31: 7250 32: 7250 33: 7250 34: 6000 35: 5500 36: 4500 37: 4500 38: 4500 39: 4500 40: 3500 41: 2500 42:  750
  P2  30:10000 31:10000 32:10000 33:10000 34:10000 35: 9500 36: 9000 37: 9000 38: 9000 39: 9250 40: 9250 41: 6500 42: 3250   [mono-viol x1]
  P3  30: 6500 31: 7000 32: 6250 33: 6000 34: 5500 35: 4500 36: 3250 37: 3000 38: 3000 39: 3000 40: 2250 41: 1000 42:    0   [mono-viol x1]
  P4  30: 4500 31: 4750 32: 4750 33: 4750 34: 4500 35: 4000 36: 3750 37: 3750 38: 3750 39: 3750 40: 2750 41: 1250 42:    0   [mono-viol x1]
  P5  30: 3500 31: 3000 32: 3000 33: 3000 34: 3000 35: 3000 36: 2500 37: 2500 38: 2500 39: 2500 40: 1750 41: 1500 42: 1250
  P6  30: 5000 31: 4500 32: 4500 33: 4500 34: 4250 35: 3750 36: 3000 37: 3000 38: 3000 39: 3250 40: 3000 41: 2250 42: 1000   [mono-viol x1]
  DT  30: 2750 31: 2500 32: 2750 33: 2750 34: 1500 35: 1000 36: 1000 37: 1000 38: 1000 39: 1000 40: 1000 41:  250 42:    0   [mono-viol x1]
  NT  30: 7250 31: 6750 32: 6500 33: 6500 34: 6250 35: 6250 36: 5500 37: 6250 38: 6250 39: 6500 40: 5500 41: 3750 42: 2750   [mono-viol x2]
  (22.013s)

hand 41: [10 20 21 32 41 64 66]
  P0  30: 6000 31: 5250 32: 5250 33: 5250 34: 5250 35: 5000 36: 3000 37: 2500 38: 2250 39: 2250 40: 2000 41: 2250 42: 1500   [mono-viol x1]
  P1  30: 8750 31: 8250 32: 8250 33: 8250 34: 8250 35: 7000 36: 6750 37: 7000 38: 7000 39: 6750 40: 6000 41: 4500 42: 1500   [mono-viol x1]
  P2  30: 9750 31: 9750 32: 9500 33: 9500 34: 9000 35: 8750 36: 8500 37: 8250 38: 8250 39: 8000 40: 6750 41: 5250 42: 2000
  P3  30: 5250 31: 4500 32: 4500 33: 4500 34: 4500 35: 4000 36: 3500 37: 2750 38: 2750 39: 2500 40: 2000 41: 1250 42:  750
  P4  30: 9750 31: 9500 32: 9750 33: 9750 34: 9000 35: 8000 36: 7750 37: 6500 38: 6500 39: 6250 40: 6500 41: 3750 42: 1000   [mono-viol x2]
  P5  30: 3750 31: 3000 32: 2250 33: 2250 34: 2250 35: 2250 36: 2000 37: 2000 38: 2000 39: 2000 40: 2000 41: 1000 42:  500
  P6  30:10000 31: 9500 32: 9500 33: 9500 34: 9250 35: 8500 36: 6250 37: 5500 38: 5500 39: 5500 40: 5750 41: 4250 42: 2000   [mono-viol x1]
  DT  30: 4000 31: 4000 32: 3500 33: 3500 34: 3500 35: 3000 36: 2250 37: 2250 38: 2250 39: 2000 40: 1750 41: 1750 42: 1000
  NT  30: 7250 31: 7000 32: 7250 33: 7000 34: 7250 35: 6250 36: 5750 37: 4750 38: 4750 39: 4750 40: 4750 41: 4000 42: 3250   [mono-viol x2]
  (25.369s)

hand 42: [11 20 22 31 42 51 66]
  P0  30: 5250 31: 4500 32: 4500 33: 4500 34: 4000 35: 3250 36: 3000 37: 2500 38: 2500 39: 2750 40: 2750 41: 2000 42:  750   [mono-viol x1]
  P1  30:10000 31:10000 32:10000 33:10000 34:10000 35:10000 36:10000 37: 9750 38: 9750 39: 9750 40: 9750 41: 9500 42: 7500
  P2  30:10000 31:10000 32:10000 33:10000 34:10000 35: 9750 36: 9750 37: 9500 38: 9500 39: 9500 40: 9000 41: 8000 42: 5500
  P3  30: 6000 31: 6500 32: 6250 33: 6250 34: 5750 35: 4500 36: 3000 37: 3250 38: 3250 39: 3250 40: 3250 41: 1500 42: 1250   [mono-viol x2]
  P4  30: 6250 31: 5750 32: 5750 33: 5750 34: 5500 35: 5000 36: 4000 37: 4000 38: 4000 39: 4000 40: 3750 41: 2250 42:  500
  P5  30: 5500 31: 3500 32: 2750 33: 2750 34: 2750 35: 2500 36: 2500 37: 2750 38: 2750 39: 2750 40: 2250 41: 2000 42: 1250   [mono-viol x1]
  P6  30: 9000 31: 7750 32: 8000 33: 8000 34: 8250 35: 7500 36: 6250 37: 7250 38: 7250 39: 7000 40: 6750 41: 4750 42: 2250   [mono-viol x3]
  DT  30: 9000 31: 8750 32: 8750 33: 8750 34: 8000 35: 7000 36: 5500 37: 5000 38: 5000 39: 5000 40: 4750 41: 2750 42:  750
  NT  30: 9500 31: 9000 32: 9000 33: 9000 34: 9250 35: 9250 36: 8000 37: 7250 38: 7250 39: 7250 40: 7500 41: 7000 42: 5000   [mono-viol x2]
  (31.905s)

hand 43: [00 20 31 50 52 61 63]
  P0  30: 9250 31: 8750 32: 8250 33: 8250 34: 8000 35: 8000 36: 7000 37: 7000 38: 7000 39: 7000 40: 6250 41: 5250 42: 2500
  P1  30: 7750 31: 7000 32: 6750 33: 7000 34: 6500 35: 5250 36: 4750 37: 4250 38: 4250 39: 4500 40: 4000 41: 3250 42: 1000   [mono-viol x2]
  P2  30: 6750 31: 6750 32: 6750 33: 6500 34: 6250 35: 5000 36: 4750 37: 3750 38: 3750 39: 3500 40: 2750 41: 1500 42:  750
  P3  30: 7250 31: 6750 32: 6500 33: 6500 34: 5750 35: 6750 36: 5250 37: 4250 38: 4250 39: 4250 40: 3750 41: 2500 42: 1000   [mono-viol x1]
  P4  30: 4250 31: 3250 32: 3250 33: 3500 34: 3000 35: 2750 36: 2750 37: 2250 38: 2250 39: 2250 40: 2250 41: 1750 42: 1250   [mono-viol x1]
  P5  30: 4500 31: 2750 32: 2000 33: 2000 34: 2000 35: 2250 36: 2000 37: 2000 38: 2000 39: 2000 40: 2000 41: 1500 42: 1250   [mono-viol x1]
  P6  30: 6750 31: 7000 32: 7000 33: 7000 34: 7000 35: 6250 36: 4250 37: 4000 38: 4000 39: 4000 40: 4000 41: 3500 42: 1250   [mono-viol x1]
  DT  30: 4750 31: 3750 32: 4250 33: 4250 34: 3250 35: 3000 36: 2750 37: 2250 38: 2250 39: 2250 40: 2250 41: 2250 42:  750   [mono-viol x1]
  NT  30: 7500 31: 7250 32: 6500 33: 6500 34: 6250 35: 6000 36: 5500 37: 4000 38: 4000 39: 4000 40: 3500 41: 3500 42: 2000
  (29.569s)

hand 44: [22 40 51 54 55 60 66]
  P0  30: 9500 31: 9250 32: 9000 33: 9000 34: 9250 35: 9250 36: 8750 37: 7750 38: 7750 39: 7750 40: 8000 41: 7000 42: 3250   [mono-viol x2]
  P1  30: 8500 31: 8750 32: 8250 33: 8250 34: 8000 35: 7250 36: 6250 37: 6250 38: 6250 39: 6000 40: 5000 41: 4250 42: 1750   [mono-viol x1]
  P2  30: 9250 31: 8750 32: 9000 33: 9000 34: 8500 35: 7750 36: 7500 37: 6500 38: 6500 39: 6500 40: 5750 41: 5000 42: 2250   [mono-viol x1]
  P3  30: 7750 31: 7500 32: 7750 33: 7750 34: 8250 35: 6500 36: 5250 37: 5250 38: 5250 39: 5000 40: 3750 41: 2250 42: 1000   [mono-viol x2]
  P4  30: 8000 31: 5750 32: 5000 33: 5000 34: 5000 35: 5000 36: 4750 37: 4750 38: 4750 39: 4750 40: 4750 41: 4250 42: 1250
  P5  30:10000 31:10000 32:10000 33:10000 34:10000 35:10000 36:10000 37: 9750 38: 9750 39: 9750 40:10000 41: 9500 42: 6250   [mono-viol x1]
  P6  30: 9250 31: 9500 32: 9500 33: 9500 34: 9500 35: 9500 36: 9250 37: 9000 38: 9000 39: 9000 40: 8000 41: 7000 42: 4000   [mono-viol x1]
  DT  30:10000 31:10000 32:10000 33:10000 34:10000 35: 9500 36: 9750 37: 9500 38: 9500 39: 9750 40: 9000 41: 7500 42: 2500   [mono-viol x2]
  NT  30:10000 31: 9750 32: 9750 33: 9750 34: 9500 35: 9250 36: 8750 37: 8750 38: 8750 39: 8500 40: 8250 41: 7750 42: 6750
  (37.064s)

hand 45: [42 50 54 55 61 62 65]
  P0  30: 6000 31: 5500 32: 5000 33: 5000 34: 4750 35: 3500 36: 3750 37: 3500 38: 3500 39: 3250 40: 2750 41: 1750 42:  750   [mono-viol x1]
  P1  30: 5000 31: 4250 32: 4250 33: 4250 34: 3500 35: 3250 36: 3000 37: 3000 38: 3000 39: 3000 40: 2500 41: 1500 42: 1250
  P2  30: 9000 31: 9000 32: 8750 33: 8500 34: 8250 35: 8250 36: 7250 37: 7750 38: 7750 39: 7750 40: 7500 41: 6250 42: 3250   [mono-viol x1]
  P3  30: 6250 31: 6000 32: 6000 33: 6000 34: 5000 35: 5000 36: 4750 37: 4250 38: 4250 39: 3750 40: 3250 41: 3250 42: 1000
  P4  30: 6250 31: 5000 32: 4500 33: 4500 34: 4500 35: 4250 36: 4250 37: 4000 38: 4000 39: 4000 40: 3500 41: 3500 42: 2000
  P5  30:10000 31: 9500 32: 9750 33: 9750 34: 9750 35: 9250 36: 8500 37: 8500 38: 8500 39: 8750 40: 8500 41: 7750 42: 7000   [mono-viol x2]
  P6  30: 9750 31:10000 32: 9000 33: 9000 34: 9250 35: 9000 36: 9000 37: 8750 38: 8750 39: 8750 40: 8250 41: 7250 42: 2750   [mono-viol x2]
  DT  30: 8500 31: 8500 32: 7750 33: 7750 34: 7500 35: 6500 36: 6000 37: 6250 38: 6250 39: 6500 40: 5000 41: 4000 42: 1000   [mono-viol x2]
  NT  30: 9500 31: 9250 32: 9750 33: 9750 34: 9500 35: 9000 36: 9000 37: 8750 38: 8750 39: 8750 40: 8500 41: 7750 42: 5000   [mono-viol x1]
  (34.061s)

hand 46: [21 22 33 43 44 55 61]
  P0  30: 7750 31: 8250 32: 8000 33: 8000 34: 7500 35: 6000 36: 5250 37: 4500 38: 4500 39: 4500 40: 4000 41: 3250 42:  750   [mono-viol x1]
  P1  30: 9750 31: 9500 32: 9750 33: 9750 34: 9750 35: 9500 36: 8250 37: 8250 38: 8250 39: 8250 40: 8000 41: 6750 42: 2250   [mono-viol x1]
  P2  30: 9750 31: 9750 32: 9750 33: 9500 34: 9500 35: 9000 36: 9250 37: 9250 38: 9250 39: 9250 40: 9250 41: 7000 42: 5500   [mono-viol x1]
  P3  30: 9750 31: 9750 32: 9750 33: 9750 34: 9750 35: 9500 36: 9750 37: 9750 38: 9750 39: 9750 40: 9500 41: 8250 42: 5750   [mono-viol x1]
  P4  30:10000 31: 9250 32: 9250 33: 9250 34: 9250 35: 9000 36: 9000 37: 9000 38: 9000 39: 8750 40: 8000 41: 7000 42: 5250
  P5  30: 9500 31: 9500 32: 9500 33: 9500 34: 9500 35: 9000 36: 8750 37: 9000 38: 9000 39: 9000 40: 8000 41: 5750 42: 2750   [mono-viol x1]
  P6  30: 8250 31: 7000 32: 7250 33: 7250 34: 7000 35: 7000 36: 7000 37: 6750 38: 6750 39: 6750 40: 6750 41: 4500 42: 1500   [mono-viol x1]
  DT  30:10000 31:10000 32: 9750 33:10000 34:10000 35:10000 36: 8500 37: 8250 38: 8250 39: 8000 40: 8250 41: 6500 42: 2250   [mono-viol x2]
  NT  30:10000 31:10000 32:10000 33:10000 34:10000 35:10000 36:10000 37: 9750 38: 9750 39: 9750 40:10000 41: 9500 42: 9000   [mono-viol x1]
  (38.960s)

hand 47: [00 10 31 60 62 64 66]
  P0  30:10000 31:10000 32:10000 33:10000 34:10000 35:10000 36:10000 37: 9500 38: 9500 39: 9500 40: 9750 41: 9500 42: 7250   [mono-viol x1]
  P1  30: 7500 31: 7750 32: 7500 33: 7500 34: 7750 35: 6000 36: 6250 37: 5500 38: 5500 39: 5000 40: 5000 41: 3250 42: 1250   [mono-viol x3]
  P2  30: 7250 31: 6250 32: 6250 33: 6000 34: 6250 35: 5000 36: 4500 37: 4750 38: 4750 39: 4500 40: 4000 41: 2750 42: 1500   [mono-viol x2]
  P3  30: 7000 31: 6500 32: 7000 33: 7000 34: 7000 35: 5250 36: 5000 37: 4500 38: 4500 39: 4750 40: 4250 41: 2750 42: 1500   [mono-viol x2]
  P4  30: 8500 31: 7500 32: 7500 33: 7500 34: 6750 35: 5500 36: 5250 37: 4000 38: 4000 39: 4000 40: 3750 41: 2750 42: 1000
  P5  30: 5500 31: 3500 32: 2750 33: 2750 34: 2750 35: 2750 36: 2750 37: 2500 38: 2500 39: 2500 40: 2500 41: 1500 42:  500
  P6  30:10000 31:10000 32:10000 33:10000 34:10000 35:10000 36:10000 37: 9500 38: 9500 39: 9500 40:10000 41: 9750 42: 8750   [mono-viol x1]
  DT  30: 9500 31: 9000 32: 9000 33: 9000 34: 8750 35: 7500 36: 7500 37: 6250 38: 6250 39: 5750 40: 5500 41: 4250 42: 1500
  NT  30: 9750 31: 9750 32: 9500 33: 9500 34: 9500 35: 9500 36: 9000 37: 9000 38: 9000 39: 9000 40: 9000 41: 8750 42: 8750
  (33.055s)

hand 48: [00 21 33 42 50 51 62]
  P0  30: 8750 31: 8750 32: 9250 33: 9250 34: 9250 35: 8750 36: 8000 37: 8000 38: 8000 39: 8000 40: 7250 41: 7250 42: 4000   [mono-viol x1]
  P1  30: 8250 31: 7500 32: 7250 33: 7250 34: 7000 35: 5750 36: 5500 37: 4750 38: 4750 39: 4500 40: 5250 41: 3750 42: 1250   [mono-viol x1]
  P2  30: 9750 31: 9000 32: 9000 33: 9000 34: 9250 35: 9250 36: 8000 37: 8250 38: 8250 39: 8250 40: 8250 41: 7250 42: 2750   [mono-viol x2]
  P3  30: 6000 31: 5750 32: 6000 33: 6000 34: 5500 35: 5000 36: 4000 37: 4000 38: 4000 39: 4250 40: 3500 41: 2750 42: 2250   [mono-viol x2]
  P4  30: 4750 31: 4250 32: 4250 33: 4250 34: 4250 35: 3250 36: 2750 37: 2500 38: 2500 39: 2500 40: 2500 41: 2250 42: 1000
  P5  30: 4750 31: 3250 32: 2250 33: 2250 34: 2250 35: 2000 36: 1500 37: 1750 38: 1750 39: 1750 40: 2000 41: 1500 42:  500   [mono-viol x2]
  P6  30: 6000 31: 5000 32: 5000 33: 5000 34: 5500 35: 4750 36: 4500 37: 4250 38: 4250 39: 4250 40: 4500 41: 3000 42: 2250   [mono-viol x2]
  DT  30: 5000 31: 4250 32: 4250 33: 4250 34: 4000 35: 3250 36: 2500 37: 2000 38: 2000 39: 2000 40: 1750 41: 1000 42:  250
  NT  30: 7750 31: 6500 32: 6750 33: 6750 34: 7000 35: 6500 36: 6000 37: 5750 38: 5750 39: 5750 40: 5250 41: 5000 42: 4750   [mono-viol x2]
  (26.765s)

hand 49: [11 40 44 50 53 54 65]
  P0  30: 8750 31: 8250 32: 8250 33: 8250 34: 7250 35: 8000 36: 6250 37: 6000 38: 6000 39: 6000 40: 5000 41: 3750 42: 2250   [mono-viol x1]
  P1  30: 6250 31: 5750 32: 5750 33: 5500 34: 5500 35: 5000 36: 4500 37: 4000 38: 4000 39: 3750 40: 3250 41: 2500 42: 1500
  P2  30: 6250 31: 5750 32: 6250 33: 6000 34: 4750 35: 4000 36: 4000 37: 3750 38: 3750 39: 3500 40: 3250 41: 2000 42:  500   [mono-viol x1]
  P3  30: 8000 31: 8000 32: 8000 33: 8000 34: 7250 35: 7750 36: 6500 37: 5750 38: 5750 39: 5750 40: 5250 41: 3250 42: 2000   [mono-viol x1]
  P4  30: 9750 31: 9250 32: 8500 33: 8500 34: 8750 35: 8000 36: 8000 37: 8250 38: 8250 39: 8250 40: 8500 41: 7750 42: 6250   [mono-viol x3]
  P5  30:10000 31:10000 32: 3250 33: 3250 34: 3250 35: 3250 36: 3250 37: 3250 38: 3250 39: 3250 40: 3250 41: 3250 42: 3250
  P6  30: 7750 31: 7000 32: 7000 33: 7000 34: 7250 35: 6750 36: 7000 37: 6500 38: 6500 39: 6500 40: 5500 41: 5250 42: 1000   [mono-viol x2]
  DT  30: 7250 31: 5250 32: 4750 33: 4750 34: 4750 35: 4500 36: 4500 37: 4500 38: 4500 39: 4500 40: 4250 41: 4000 42: 1500
  NT  30: 9500 31: 9000 32: 7000 33: 7000 34: 7500 35: 7000 36: 6500 37: 6500 38: 6500 39: 6500 40: 6500 41: 6000 42: 5000   [mono-viol x1]
  (41.809s)

hand 50: [11 20 33 52 53 61 63]
  P0  30: 4500 31: 3750 32: 4000 33: 4000 34: 4000 35: 3500 36: 2750 37: 2750 38: 2750 39: 3000 40: 3000 41: 1750 42:  500   [mono-viol x2]
  P1  30: 9500 31: 9000 32: 9500 33: 9500 34: 9250 35: 8250 36: 7000 37: 6250 38: 6250 39: 6250 40: 6750 41: 5500 42: 2500   [mono-viol x2]
  P2  30: 9000 31: 8500 32: 8250 33: 8250 34: 8250 35: 8000 36: 6750 37: 6500 38: 6500 39: 6500 40: 5000 41: 3750 42: 1000
  P3  30:10000 31:10000 32:10000 33:10000 34:10000 35:10000 36: 9750 37: 9500 38: 9500 39: 9750 40: 9500 41: 9250 42: 7500   [mono-viol x1]
  P4  30: 5000 31: 5000 32: 4750 33: 4750 34: 5000 35: 4500 36: 3750 37: 3000 38: 3000 39: 2750 40: 2750 41: 2000 42: 1000   [mono-viol x1]
  P5  30: 7250 31: 5750 32: 5000 33: 5000 34: 5000 35: 4750 36: 4250 37: 4250 38: 4250 39: 4250 40: 3750 41: 3250 42: 1750
  P6  30: 7250 31: 6250 32: 6250 33: 6250 34: 6000 35: 5250 36: 5750 37: 4500 38: 4500 39: 4500 40: 4250 41: 2250 42:  750   [mono-viol x1]
  DT  30: 6000 31: 5000 32: 5250 33: 5250 34: 5000 35: 4000 36: 3750 37: 3500 38: 3500 39: 3500 40: 3500 41: 3000 42:    0   [mono-viol x1]
  NT  30: 8750 31: 8750 32: 7750 33: 7750 34: 7500 35: 7250 36: 6500 37: 6750 38: 6750 39: 6750 40: 6500 41: 5750 42: 4000   [mono-viol x1]
  (33.869s)

hand 51: [00 10 31 32 62 63 64]
  P0  30: 8250 31: 7500 32: 7500 33: 7500 34: 7250 35: 6750 36: 6250 37: 6500 38: 6500 39: 6250 40: 5000 41: 4000 42: 1500   [mono-viol x1]
  P1  30: 6000 31: 5500 32: 5250 33: 5250 34: 5250 35: 4500 36: 3250 37: 3750 38: 3750 39: 3750 40: 3250 41: 1750 42:  500   [mono-viol x1]
  P2  30: 8750 31: 8000 32: 8000 33: 7750 34: 7500 35: 7000 36: 6250 37: 5750 38: 5750 39: 5250 40: 5250 41: 4750 42: 1750
  P3  30: 9750 31: 9500 32: 9000 33: 9000 34: 9000 35: 9000 36: 8500 37: 8250 38: 8250 39: 8250 40: 8000 41: 7000 42: 2500
  P4  30: 8500 31: 7750 32: 7000 33: 7000 34: 7000 35: 6750 36: 4750 37: 4750 38: 4750 39: 4500 40: 3750 41: 2750 42: 1750
  P5  30: 4250 31: 2500 32: 2250 33: 2250 34: 2250 35: 1750 36: 1750 37: 1750 38: 1750 39: 1750 40: 1500 41: 1250 42: 1000
  P6  30:10000 31: 9750 32:10000 33:10000 34: 9500 35: 9000 36: 8250 37: 8500 38: 8500 39: 8500 40: 6500 41: 5500 42: 2000   [mono-viol x2]
  DT  30: 5250 31: 4250 32: 4000 33: 4000 34: 4000 35: 3500 36: 3250 37: 3000 38: 2750 39: 2250 40: 2250 41: 2000 42:  750
  NT  30: 8000 31: 6750 32: 6500 33: 6500 34: 7250 35: 6250 36: 6500 37: 5500 38: 5500 39: 5500 40: 5000 41: 4250 42: 3250   [mono-viol x2]
  (27.641s)

hand 52: [11 20 32 40 52 54 55]
  P0  30: 7250 31: 7000 32: 7000 33: 7000 34: 6250 35: 5750 36: 4500 37: 4750 38: 4750 39: 4250 40: 4000 41: 2250 42:  500   [mono-viol x1]
  P1  30: 7250 31: 7750 32: 7250 33: 7250 34: 6500 35: 5750 36: 5500 37: 5250 38: 5250 39: 5250 40: 5000 41: 4250 42: 2250   [mono-viol x1]
  P2  30: 9750 31: 9750 32:10000 33:10000 34:10000 35: 9500 36: 9500 37: 9000 38: 9000 39: 8750 40: 8750 41: 6500 42: 3000   [mono-viol x1]
  P3  30: 8000 31: 8000 32: 8000 33: 7750 34: 8000 35: 7000 36: 6250 37: 7000 38: 7000 39: 6250 40: 4250 41: 3000 42:  750   [mono-viol x2]
  P4  30: 7250 31: 5250 32: 5500 33: 5500 34: 5500 35: 5250 36: 5000 37: 4750 38: 4750 39: 4750 40: 4250 41: 3500 42: 1500   [mono-viol x1]
  P5  30:10000 31:10000 32: 9750 33: 9750 34: 9750 35: 9750 36: 9500 37: 9500 38: 9500 39: 9500 40: 9500 41: 8500 42: 4750
  P6  30: 5500 31: 5250 32: 5250 33: 5250 34: 5250 35: 4500 36: 4750 37: 3750 38: 3750 39: 3750 40: 3500 41: 1250 42:  250   [mono-viol x1]
  DT  30: 8000 31: 8000 32: 7500 33: 7500 34: 7000 35: 5250 36: 5250 37: 4750 38: 4750 39: 4750 40: 3500 41: 2000 42: 1000
  NT  30: 9500 31:10000 32: 9500 33: 9500 34: 9500 35: 9000 36: 8250 37: 8500 38: 8500 39: 8250 40: 7250 41: 6500 42: 5500   [mono-viol x2]
  (31.802s)

hand 53: [10 11 22 41 43 61 62]
  P0  30: 5000 31: 4000 32: 4250 33: 4250 34: 3750 35: 3250 36: 2750 37: 2250 38: 2250 39: 2000 40: 1500 41:  500 42:  500   [mono-viol x1]
  P1  30:10000 31:10000 32:10000 33:10000 34:10000 35:10000 36:10000 37:10000 38:10000 39:10000 40:10000 41:10000 42: 9250
  P2  30: 9500 31: 9250 32: 9250 33: 9250 34: 9000 35: 8500 36: 8500 37: 8500 38: 8500 39: 8500 40: 8000 41: 7000 42: 4500
  P3  30: 6250 31: 5250 32: 5500 33: 5500 34: 5500 35: 4250 36: 4250 37: 4000 38: 4000 39: 4000 40: 3250 41: 2500 42: 1500   [mono-viol x1]
  P4  30: 7250 31: 5750 32: 5750 33: 5750 34: 5500 35: 5750 36: 5250 37: 5500 38: 5500 39: 5500 40: 5000 41: 3500 42: 1000   [mono-viol x2]
  P5  30: 5000 31: 4500 32: 3750 33: 3750 34: 3750 35: 4000 36: 3500 37: 3500 38: 3500 39: 3500 40: 3000 41: 2250 42: 1250   [mono-viol x1]
  P6  30: 7750 31: 5500 32: 5500 33: 5500 34: 5500 35: 5250 36: 5250 37: 5250 38: 5250 39: 5250 40: 5250 41: 4500 42: 1750
  DT  30: 5500 31: 4500 32: 4500 33: 4500 34: 4750 35: 3750 36: 3500 37: 3250 38: 3250 39: 3000 40: 2750 41: 1750 42:  750   [mono-viol x1]
  NT  30: 9000 31: 8500 32: 7500 33: 7500 34: 7750 35: 8000 36: 7000 37: 7250 38: 7250 39: 7250 40: 7250 41: 6000 42: 4250   [mono-viol x3]
  (38.418s)

hand 54: [30 33 44 53 54 55 65]
  P0  30: 7500 31: 7500 32: 7500 33: 7250 34: 6750 35: 6250 36: 6000 37: 6000 38: 6000 39: 5500 40: 5000 41: 2750 42: 1500
  P1  30: 8250 31: 7750 32: 7500 33: 7250 34: 7000 35: 5750 36: 5000 37: 4750 38: 4750 39: 4750 40: 3750 41: 2500 42: 1000
  P2  30: 8250 31: 8250 32: 8250 33: 8250 34: 7750 35: 6750 36: 6500 37: 6500 38: 6500 39: 6500 40: 5250 41: 3000 42:  750
  P3  30:10000 31:10000 32:10000 33:10000 34:10000 35:10000 36:10000 37:10000 38:10000 39:10000 40:10000 41: 9750 42: 8750
  P4  30:10000 31: 9750 32: 9500 33: 9500 34: 9500 35: 9500 36: 9750 37: 9750 38: 9750 39: 9750 40: 9750 41: 9000 42: 6250   [mono-viol x1]
  P5  30:10000 31:10000 32:10000 33:10000 34:10000 35:10000 36:10000 37:10000 38:10000 39:10000 40:10000 41:10000 42:10000
  P6  30: 9250 31: 7500 32: 7750 33: 7750 34: 7750 35: 8000 36: 7000 37: 7000 38: 7000 39: 7000 40: 7500 41: 5750 42: 2250   [mono-viol x3]
  DT  30:10000 31:10000 32:10000 33:10000 34:10000 35:10000 36: 9750 37: 9500 38: 9500 39: 9500 40: 9250 41: 8250 42: 2500
  NT  30:10000 31:10000 32:10000 33:10000 34:10000 35:10000 36:10000 37:10000 38:10000 39:10000 40:10000 41:10000 42:10000
  (40.809s)

hand 55: [20 22 33 43 52 55 65]
  P0  30: 8000 31: 7500 32: 7250 33: 7000 34: 6500 35: 5750 36: 4250 37: 3750 38: 3750 39: 3500 40: 3000 41: 1750 42:  750
  P1  30: 6500 31: 7000 32: 6250 33: 6250 34: 6250 35: 5750 36: 5250 37: 4750 38: 4750 39: 4750 40: 3500 41: 1500 42:  250   [mono-viol x1]
  P2  30:10000 31:10000 32:10000 33:10000 34:10000 35:10000 36:10000 37:10000 38:10000 39:10000 40:10000 41: 9250 42: 7250
  P3  30:10000 31:10000 32:10000 33:10000 34:10000 35:10000 36:10000 37:10000 38:10000 39:10000 40: 9500 41: 9000 42: 5750
  P4  30: 7500 31: 6000 32: 5500 33: 5500 34: 5500 35: 5250 36: 4750 37: 5000 38: 5000 39: 5000 40: 5000 41: 4250 42: 2250   [mono-viol x1]
  P5  30:10000 31:10000 32:10000 33:10000 34:10000 35:10000 36:10000 37:10000 38:10000 39:10000 40:10000 41:10000 42: 9500
  P6  30: 9500 31: 9000 32: 8250 33: 8250 34: 8000 35: 7250 36: 7750 37: 7750 38: 7750 39: 7750 40: 7000 41: 6250 42: 3000   [mono-viol x1]
  DT  30:10000 31:10000 32: 9750 33: 9750 34: 9750 35: 9750 36: 8500 37: 8250 38: 8250 39: 8250 40: 7750 41: 6250 42: 2500
  NT  30:10000 31:10000 32:10000 33:10000 34:10000 35:10000 36:10000 37:10000 38:10000 39:10000 40:10000 41: 9500 42: 8750
  (31.425s)

hand 56: [22 41 44 52 54 55 65]
  P0  30: 7500 31: 7500 32: 7250 33: 7500 34: 6750 35: 6000 36: 5500 37: 5500 38: 5250 39: 5500 40: 5250 41: 2750 42: 1500   [mono-viol x2]
  P1  30: 7750 31: 7500 32: 7500 33: 7500 34: 7250 35: 6250 36: 6000 37: 6500 38: 6500 39: 6500 40: 5500 41: 3750 42: 1250   [mono-viol x1]
  P2  30:10000 31: 9750 32: 9500 33: 9500 34: 9500 35: 9500 36: 9500 37: 9250 38: 9250 39: 9250 40: 9250 41: 7500 42: 6000
  P3  30: 8750 31: 8500 32: 8250 33: 8250 34: 8000 35: 7500 36: 6750 37: 6750 38: 6750 39: 6750 40: 5000 41: 3000 42: 1000
  P4  30:10000 31:10000 32:10000 33:10000 34:10000 35:10000 36:10000 37:10000 38:10000 39: 9750 40:10000 41: 9500 42: 7750   [mono-viol x1]
  P5  30:10000 31:10000 32:10000 33:10000 34:10000 35:10000 36:10000 37:10000 38:10000 39:10000 40:10000 41:10000 42:10000
  P6  30: 9000 31: 8000 32: 7750 33: 7750 34: 8000 35: 7750 36: 6500 37: 6000 38: 6000 39: 6000 40: 6000 41: 5750 42: 2000   [mono-viol x1]
  DT  30:10000 31:10000 32:10000 33:10000 34:10000 35: 9750 36: 9500 37: 9000 38: 9000 39: 8750 40: 9250 41: 8250 42: 2750   [mono-viol x1]
  NT  30:10000 31:10000 32:10000 33:10000 34:10000 35:10000 36:10000 37:10000 38:10000 39:10000 40:10000 41:10000 42: 9500
  (39.233s)

hand 57: [20 31 41 50 53 54 61]
  P0  30: 6250 31: 5750 32: 5750 33: 5750 34: 5000 35: 4750 36: 4750 37: 4000 38: 4000 39: 3750 40: 2750 41: 1750 42: 1000
  P1  30: 8250 31: 8000 32: 7500 33: 7750 34: 7500 35: 7250 36: 6000 37: 6000 38: 6000 39: 5750 40: 5250 41: 6000 42: 3000   [mono-viol x2]
  P2  30: 3500 31: 3500 32: 3500 33: 3500 34: 2750 35: 2000 36: 2000 37: 1500 38: 1500 39: 1250 40: 1250 41:  500 42:  500
  P3  30: 3750 31: 4250 32: 4000 33: 4000 34: 3500 35: 3500 36: 3500 37: 2500 38: 2500 39: 2000 40: 1750 41: 1250 42: 1500   [mono-viol x2]
  P4  30: 4250 31: 3750 32: 4750 33: 4750 34: 4000 35: 2750 36: 3250 37: 2500 38: 2500 39: 2500 40: 2500 41: 1500 42:  750   [mono-viol x2]
  P5  30: 5250 31: 3750 32: 3000 33: 3000 34: 3000 35: 3000 36: 2500 37: 2000 38: 2000 39: 2000 40: 2500 41: 2000 42: 1500   [mono-viol x1]
  P6  30: 4500 31: 4000 32: 4000 33: 4000 34: 3750 35: 3000 36: 2250 37: 2250 38: 2250 39: 2250 40: 2500 41: 1500 42: 1250   [mono-viol x1]
  DT  30: 5750 31: 4750 32: 4750 33: 4500 34: 4000 35: 4500 36: 3500 37: 4000 38: 4000 39: 3750 40: 3500 41: 2000 42: 1250   [mono-viol x2]
  NT  30: 6000 31: 5000 32: 4500 33: 4500 34: 4250 35: 3750 36: 3500 37: 3500 38: 3500 39: 3000 40: 3250 41: 2500 42: 2250   [mono-viol x1]
  (20.862s)

hand 58: [00 30 40 52 55 61 66]
  P0  30:10000 31:10000 32:10000 33:10000 34:10000 35:10000 36: 9500 37: 9250 38: 9250 39: 9250 40: 9250 41: 7500 42: 3500
  P1  30: 7750 31: 7250 32: 7500 33: 7250 34: 6500 35: 6000 36: 5750 37: 5000 38: 5000 39: 5000 40: 4500 41: 3250 42: 2000   [mono-viol x1]
  P2  30: 6750 31: 6750 32: 7000 33: 6750 34: 6500 35: 5750 36: 5250 37: 4500 38: 4500 39: 4500 40: 3500 41: 3500 42: 2000   [mono-viol x1]
  P3  30: 7750 31: 7250 32: 7250 33: 7000 34: 6500 35: 5000 36: 4250 37: 4000 38: 4000 39: 4000 40: 3500 41: 1750 42:  500
  P4  30: 7500 31: 6000 32: 5500 33: 5500 34: 5500 35: 5250 36: 4250 37: 4250 38: 4250 39: 4250 40: 4000 41: 3000 42:  500
  P5  30:10000 31:10000 32:10000 33:10000 34:10000 35:10000 36: 9500 37: 9250 38: 9250 39: 9500 40: 8750 41: 7500 42: 4500   [mono-viol x1]
  P6  30: 9250 31: 9500 32: 9250 33: 9250 34: 9500 35: 8750 36: 8250 37: 8750 38: 8750 39: 8750 40: 8500 41: 6750 42: 3750   [mono-viol x3]
  DT  30:10000 31:10000 32:10000 33:10000 34:10000 35: 9750 36: 9000 37: 8500 38: 8500 39: 8500 40: 8250 41: 7500 42: 4750
  NT  30:10000 31:10000 32: 9750 33: 9750 34: 9750 35: 9750 36: 8750 37: 8750 38: 8750 39: 8750 40: 8000 41: 6750 42: 4750
  (29.557s)

hand 59: [11 20 31 41 42 51 62]
  P0  30: 2500 31: 2250 32: 2250 33: 2250 34: 2000 35: 2000 36: 1250 37: 1250 38: 1250 39: 1000 40: 1250 41:  750 42:  250   [mono-viol x1]
  P1  30:10000 31:10000 32:10000 33:10000 34:10000 35:10000 36:10000 37: 9750 38: 9750 39: 9750 40: 9500 41: 8750 42: 5500
  P2  30: 9500 31: 9250 32: 9000 33: 9000 34: 9000 35: 8750 36: 8250 37: 6750 38: 6750 39: 6750 40: 7250 41: 5250 42: 2000   [mono-viol x1]
  P3  30: 4500 31: 4500 32: 3750 33: 3500 34: 3000 35: 2250 36: 2250 37: 2500 38: 2500 39: 2500 40: 1750 41: 1000 42:  500   [mono-viol x1]
  P4  30: 4750 31: 4250 32: 4000 33: 4000 34: 4000 35: 4000 36: 3000 37: 2750 38: 2750 39: 2750 40: 2750 41: 2000 42: 1000
  P5  30: 4500 31: 3000 32: 2500 33: 2500 34: 2250 35: 1500 36: 1750 37: 1750 38: 1750 39: 1750 40: 1500 41: 1000 42:  500   [mono-viol x1]
  P6  30: 5750 31: 6000 32: 5250 33: 5250 34: 5250 35: 4500 36: 3500 37: 3500 38: 3500 39: 3250 40: 3500 41: 2500 42: 1250   [mono-viol x2]
  DT  30: 3250 31: 2750 32: 3000 33: 3000 34: 3000 35: 2000 36: 1500 37: 1500 38: 1500 39: 1500 40: 1750 41: 1500 42:  750   [mono-viol x2]
  NT  30: 7500 31: 6250 32: 5250 33: 5250 34: 5000 35: 4750 36: 4000 37: 4500 38: 4500 39: 4750 40: 4500 41: 2500 42: 2000   [mono-viol x2]
  (21.467s)

hand 60: [00 10 11 40 50 62 65]
  P0  30:10000 31:10000 32:10000 33:10000 34:10000 35:10000 36:10000 37:10000 38:10000 39:10000 40:10000 41: 9500 42: 6750
  P1  30: 8000 31: 7500 32: 7250 33: 7250 34: 7250 35: 6750 36: 6750 37: 6250 38: 6250 39: 6250 40: 5250 41: 5000 42: 1750
  P2  30: 7000 31: 7750 32: 7250 33: 7000 34: 6500 35: 5000 36: 4750 37: 4500 38: 4500 39: 4500 40: 3750 41: 2750 42: 1750   [mono-viol x1]
  P3  30: 5500 31: 5000 32: 4750 33: 4750 34: 4000 35: 3250 36: 3750 37: 3500 38: 3500 39: 3250 40: 2250 41: 2000 42: 1250   [mono-viol x1]
  P4  30: 6250 31: 5500 32: 5750 33: 6000 34: 5750 35: 5500 36: 4750 37: 4500 38: 4500 39: 4500 40: 4250 41: 3000 42: 1500   [mono-viol x2]
  P5  30: 7500 31: 4750 32: 3250 33: 3250 34: 3250 35: 3250 36: 3250 37: 3250 38: 3250 39: 3250 40: 3250 41: 3250 42: 2000
  P6  30: 8750 31: 8000 32: 8000 33: 7750 34: 7750 35: 7000 36: 7250 37: 6500 38: 6500 39: 6500 40: 6500 41: 5250 42: 2750   [mono-viol x1]
  DT  30: 6000 31: 4750 32: 4750 33: 4750 34: 4500 35: 4500 36: 3500 37: 3500 38: 3500 39: 3500 40: 3500 41: 3250 42: 1000
  NT  30: 9000 31: 9000 32: 8500 33: 8500 34: 8000 35: 8750 36: 7500 37: 6750 38: 6750 39: 6750 40: 6750 41: 6750 42: 5750   [mono-viol x1]
  (38.103s)

hand 61: [20 41 42 52 54 61 65]
  P0  30: 3250 31: 4000 32: 3500 33: 3500 34: 3000 35: 2750 36: 2500 37: 3250 38: 3250 39: 3000 40: 1750 41: 1250 42:  500   [mono-viol x2]
  P1  30: 7250 31: 7000 32: 6750 33: 6500 34: 7000 35: 6250 36: 5500 37: 4750 38: 4750 39: 5000 40: 5000 41: 3000 42: 1250   [mono-viol x2]
  P2  30: 8750 31: 8500 32: 8500 33: 8500 34: 8250 35: 7750 36: 7750 37: 7750 38: 7750 39: 7500 40: 6250 41: 4250 42: 1250
  P3  30: 5750 31: 5500 32: 5250 33: 5250 34: 4500 35: 4750 36: 3750 37: 4250 38: 4250 39: 3750 40: 2500 41: 1500 42: 1250   [mono-viol x2]
  P4  30: 7000 31: 6250 32: 5750 33: 5750 34: 6000 35: 5500 36: 5500 37: 5500 38: 5250 39: 5250 40: 4250 41: 3500 42: 1500   [mono-viol x1]
  P5  30: 6500 31: 5500 32: 3500 33: 3500 34: 3750 35: 3750 36: 3250 37: 3000 38: 3000 39: 3000 40: 2750 41: 2500 42: 1750   [mono-viol x1]
  P6  30: 8750 31: 7750 32: 7500 33: 7500 34: 7000 35: 5500 36: 4250 37: 4250 38: 4250 39: 4250 40: 4000 41: 2750 42: 1250
  DT  30: 5250 31: 5000 32: 5000 33: 5000 34: 4750 35: 4500 36: 3750 37: 4000 38: 4000 39: 3750 40: 3750 41: 3000 42:  750   [mono-viol x1]
  NT  30: 7250 31: 7000 32: 6750 33: 6750 34: 6500 35: 6250 36: 5250 37: 5750 38: 5750 39: 5000 40: 5000 41: 3750 42: 3000   [mono-viol x1]
  (31.522s)

hand 62: [20 30 42 51 55 62 63]
  P0  30: 6250 31: 5250 32: 5250 33: 5500 34: 4750 35: 4750 36: 4250 37: 4250 38: 4250 39: 4500 40: 3250 41: 2500 42: 1250   [mono-viol x2]
  P1  30: 5500 31: 5250 32: 5250 33: 5500 34: 4500 35: 3750 36: 3500 37: 3000 38: 3000 39: 3250 40: 2500 41: 2000 42: 1000   [mono-viol x2]
  P2  30: 9500 31: 9500 32: 9500 33: 9500 34: 9250 35: 9250 36: 9000 37: 9000 38: 8750 39: 9000 40: 8250 41: 7500 42: 2250   [mono-viol x1]
  P3  30: 8750 31: 8250 32: 8500 33: 9000 34: 8250 35: 8500 36: 7250 37: 6750 38: 6750 39: 7250 40: 6500 41: 4750 42: 1750   [mono-viol x4]
  P4  30: 5750 31: 5000 32: 4750 33: 5000 34: 4500 35: 4000 36: 4000 37: 3500 38: 3500 39: 2500 40: 2250 41: 1750 42:  500   [mono-viol x1]
  P5  30: 8500 31: 8750 32: 8750 33: 9000 34: 8500 35: 8000 36: 6500 37: 6000 38: 6000 39: 5500 40: 5250 41: 4500 42: 2000   [mono-viol x2]
  P6  30: 7500 31: 6000 32: 6000 33: 6000 34: 5750 35: 5750 36: 5250 37: 5250 38: 5250 39: 5250 40: 4500 41: 2500 42: 1500
  DT  30: 6750 31: 6000 32: 6500 33: 6500 34: 5750 35: 4750 36: 3250 37: 4750 38: 4750 39: 4500 40: 3750 41: 2500 42: 1500   [mono-viol x2]
  NT  30: 8500 31: 7750 32: 7750 33: 8000 34: 8250 35: 7500 36: 6500 37: 6500 38: 6500 39: 6500 40: 6750 41: 5750 42: 3500   [mono-viol x3]
  (22.440s)

hand 63: [20 33 42 44 51 53 64]
  P0  30: 4750 31: 4250 32: 4500 33: 4250 34: 3750 35: 4000 36: 2750 37: 2250 38: 2250 39: 2250 40: 2500 41: 2000 42: 1000   [mono-viol x3]
  P1  30: 6500 31: 6250 32: 6000 33: 5250 34: 5250 35: 4500 36: 4000 37: 3500 38: 3500 39: 3500 40: 3250 41: 2750 42: 1000
  P2  30: 6750 31: 6750 32: 6750 33: 6750 34: 6250 35: 6250 36: 4750 37: 5000 38: 5000 39: 4750 40: 5000 41: 3500 42: 1750   [mono-viol x2]
  P3  30: 9000 31: 8500 32: 8250 33: 8250 34: 7750 35: 7500 36: 7500 37: 6750 38: 6750 39: 6500 40: 6500 41: 5750 42: 3750
  P4  30:10000 31:10000 32:10000 33:10000 34:10000 35: 9750 36: 9500 37: 9500 38: 9500 39: 9500 40: 9250 41: 8750 42: 7000
  P5  30: 7000 31: 5250 32: 3250 33: 3250 34: 3250 35: 3250 36: 3250 37: 3250 38: 3250 39: 3250 40: 3000 41: 3000 42: 2000
  P6  30: 7250 31: 6250 32: 7250 33: 7250 34: 7000 35: 7000 36: 5500 37: 5000 38: 5000 39: 5000 40: 5250 41: 3000 42: 2000   [mono-viol x2]
  DT  30: 6250 31: 4250 32: 4250 33: 4000 34: 4000 35: 4000 36: 3500 37: 3250 38: 3250 39: 3250 40: 2500 41: 2500 42: 1000
  NT  30: 9000 31: 9250 32: 8250 33: 8250 34: 8250 35: 8750 36: 8000 37: 7500 38: 7500 39: 7500 40: 7750 41: 7750 42: 6750   [mono-viol x3]
  (29.556s)

hand 64: [11 32 40 41 44 62 64]
  P0  30: 5750 31: 5750 32: 5500 33: 5500 34: 5500 35: 4750 36: 3500 37: 3250 38: 3250 39: 3000 40: 2750 41: 1750 42:  500
  P1  30: 8750 31: 8250 32: 8250 33: 8250 34: 8500 35: 8000 36: 7000 37: 6750 38: 6750 39: 7000 40: 6750 41: 5750 42: 3000   [mono-viol x2]
  P2  30: 9250 31: 8750 32: 9000 33: 9000 34: 8750 35: 8000 36: 7500 37: 7000 38: 6750 39: 6750 40: 6250 41: 4000 42: 1750   [mono-viol x1]
  P3  30: 8500 31: 7750 32: 7250 33: 7250 34: 6750 35: 5750 36: 4750 37: 4500 38: 4500 39: 4500 40: 4250 41: 2750 42: 1000
  P4  30:10000 31:10000 32:10000 33:10000 34:10000 35:10000 36:10000 37:10000 38:10000 39:10000 40:10000 41:10000 42: 8250
  P5  30: 4500 31: 3750 32: 2500 33: 2500 34: 2250 35: 2250 36: 2000 37: 2250 38: 2250 39: 2250 40: 1750 41: 1250 42:  250   [mono-viol x1]
  P6  30: 9250 31: 9750 32: 9500 33: 9500 34: 9500 35: 9250 36: 8250 37: 8000 38: 8000 39: 8000 40: 7250 41: 4750 42: 2500   [mono-viol x1]
  DT  30: 5000 31: 3500 32: 3500 33: 3500 34: 3500 35: 2750 36: 2250 37: 2250 38: 2250 39: 2250 40: 2000 41: 1250 42:  750
  NT  30: 9500 31: 9000 32: 9000 33: 9000 34: 9000 35: 8750 36: 8500 37: 8000 38: 8000 39: 8000 40: 7500 41: 7250 42: 5750
  (32.542s)

hand 65: [20 32 33 43 51 53 64]
  P0  30: 3000 31: 3500 32: 3250 33: 3250 34: 3000 35: 2500 36: 2000 37: 1750 38: 1750 39: 1750 40: 1750 41: 1500 42:  750   [mono-viol x1]
  P1  30: 5250 31: 4750 32: 4750 33: 4750 34: 4500 35: 3500 36: 3250 37: 3000 38: 3000 39: 3000 40: 2500 41: 2250 42: 1000
  P2  30: 5250 31: 4750 32: 5250 33: 5250 34: 5750 35: 5000 36: 3750 37: 3750 38: 3750 39: 3750 40: 3000 41: 2000 42:  500   [mono-viol x2]
  P3  30:10000 31: 9750 32: 9750 33: 9750 34: 9250 35: 9500 36: 9250 37: 9250 38: 9250 39: 9250 40: 9250 41: 8000 42: 5250   [mono-viol x1]
  P4  30: 8000 31: 7750 32: 8000 33: 7500 34: 7250 35: 6500 36: 6000 37: 6000 38: 6000 39: 6000 40: 5750 41: 4250 42: 1750   [mono-viol x1]
  P5  30: 5250 31: 4000 32: 3750 33: 3750 34: 3750 35: 3500 36: 3750 37: 3750 38: 3750 39: 3750 40: 3500 41: 3250 42: 2000   [mono-viol x1]
  P6  30: 7000 31: 7250 32: 6750 33: 6750 34: 6750 35: 6000 36: 4500 37: 3750 38: 3750 39: 3750 40: 3500 41: 2000 42:  750   [mono-viol x1]
  DT  30: 5250 31: 4250 32: 4000 33: 3750 34: 3250 35: 3000 36: 3000 37: 3000 38: 3000 39: 3000 40: 2500 41: 2000 42:  750
  NT  30: 8000 31: 7250 32: 7000 33: 7000 34: 7250 35: 6250 36: 6250 37: 6500 38: 6500 39: 6500 40: 6000 41: 5250 42: 3500   [mono-viol x2]
  (28.131s)

hand 66: [00 10 33 40 52 61 64]
  P0  30: 9750 31: 9750 32: 9500 33: 9500 34: 9000 35: 9250 36: 7750 37: 7500 38: 7500 39: 7500 40: 8250 41: 5750 42: 3750   [mono-viol x2]
  P1  30: 8000 31: 8000 32: 7500 33: 7750 34: 7750 35: 7000 36: 6250 37: 6000 38: 6000 39: 6000 40: 5750 41: 3500 42: 1250   [mono-viol x1]
  P2  30: 5750 31: 6000 32: 5750 33: 5750 34: 5500 35: 5250 36: 4000 37: 3250 38: 3250 39: 3500 40: 2750 41: 2250 42:  750   [mono-viol x2]
  P3  30: 7250 31: 7000 32: 6500 33: 6250 34: 5750 35: 5000 36: 4500 37: 4000 38: 4000 39: 3750 40: 3500 41: 3250 42: 1250
  P4  30: 8750 31: 8250 32: 8250 33: 8250 34: 8250 35: 7750 36: 7250 37: 6750 38: 6750 39: 6750 40: 5750 41: 4750 42: 1500
  P5  30: 4250 31: 2750 32: 2250 33: 2250 34: 2250 35: 1750 36: 2000 37: 1500 38: 1500 39: 1500 40: 1500 41: 1500 42:  750   [mono-viol x1]
  P6  30: 8500 31: 8000 32: 8250 33: 8250 34: 8000 35: 7750 36: 6000 37: 5500 38: 5500 39: 5000 40: 4250 41: 3750 42: 2000   [mono-viol x1]
  DT  30: 5000 31: 4750 32: 4250 33: 4250 34: 4500 35: 4000 36: 3250 37: 2500 38: 2500 39: 2500 40: 2500 41: 1750 42:  250   [mono-viol x1]
  NT  30: 8750 31: 8500 32: 7500 33: 7500 34: 6750 35: 6250 36: 6500 37: 6750 38: 6750 39: 7000 40: 7500 41: 6000 42: 4000   [mono-viol x4]
  (28.539s)

hand 67: [10 11 33 53 61 62 63]
  P0  30: 4500 31: 4500 32: 4500 33: 4500 34: 4250 35: 3250 36: 3250 37: 2750 38: 2750 39: 2750 40: 2750 41: 2000 42: 1250
  P1  30:10000 31:10000 32: 9750 33: 9750 34: 9750 35: 9500 36: 9750 37: 9000 38: 9000 39: 9000 40: 9000 41: 8000 42: 6250   [mono-viol x1]
  P2  30: 6500 31: 5000 32: 5000 33: 5000 34: 4750 35: 5000 36: 4000 37: 3250 38: 3250 39: 3250 40: 3500 41: 3250 42: 2250   [mono-viol x2]
  P3  30:10000 31:10000 32:10000 33:10000 34:10000 35:10000 36:10000 37: 9250 38: 9250 39: 9250 40: 9500 41: 9250 42: 7000   [mono-viol x1]
  P4  30: 5500 31: 4750 32: 4250 33: 4250 34: 4000 35: 3500 36: 2750 37: 2750 38: 2750 39: 2750 40: 3250 41: 1750 42:  750   [mono-viol x1]
  P5  30: 4750 31: 3250 32: 2250 33: 2250 34: 2250 35: 2500 36: 2250 37: 2500 38: 2500 39: 2500 40: 1750 41: 2000 42: 1250   [mono-viol x3]
  P6  30: 8000 31: 6500 32: 6250 33: 6250 34: 6250 35: 6250 36: 5750 37: 5750 38: 5750 39: 5750 40: 5750 41: 5250 42: 3250
  DT  30: 5750 31: 4000 32: 4000 33: 4000 34: 3750 35: 3750 36: 2250 37: 2000 38: 2000 39: 2250 40: 1750 41: 1250 42: 1000   [mono-viol x1]
  NT  30: 9250 31: 9000 32: 8500 33: 8500 34: 8500 35: 8000 36: 6500 37: 6750 38: 6750 39: 6750 40: 6500 41: 6000 42: 4250   [mono-viol x1]
  (35.132s)

hand 68: [30 32 40 42 53 55 64]
  P0  30: 5750 31: 5250 32: 5250 33: 5250 34: 5750 35: 4250 36: 3250 37: 2750 38: 2750 39: 2750 40: 2750 41: 1750 42:  750   [mono-viol x1]
  P1  30: 5750 31: 6000 32: 5750 33: 5750 34: 5250 35: 5000 36: 4000 37: 4500 38: 4500 39: 3750 40: 2750 41: 1500 42:  750   [mono-viol x2]
  P2  30: 8000 31: 8500 32: 8250 33: 8000 34: 7750 35: 6750 36: 6500 37: 6000 38: 6000 39: 5500 40: 5750 41: 3250 42: 1250   [mono-viol x2]
  P3  30:10000 31:10000 32: 9500 33: 9500 34: 9500 35: 9250 36: 9250 37: 9000 38: 9000 39: 9250 40: 8250 41: 6000 42: 2250   [mono-viol x1]
  P4  30: 9750 31: 9250 32: 9750 33: 9750 34: 9750 35:10000 36: 8250 37: 9000 38: 9500 39: 9750 40: 9250 41: 7750 42: 3500   [mono-viol x5]
  P5  30: 9000 31: 8250 32: 8500 33: 8500 34: 8000 35: 6750 36: 7000 37: 6250 38: 6250 39: 5750 40: 5500 41: 4000 42: 2000   [mono-viol x2]
  P6  30: 8500 31: 9000 32: 9250 33: 9250 34: 8750 35: 7750 36: 7250 37: 7500 38: 7500 39: 7000 40: 6000 41: 3250 42: 1750   [mono-viol x3]
  DT  30: 8000 31: 8250 32: 8000 33: 8000 34: 7000 35: 7000 36: 6500 37: 5750 38: 5750 39: 5500 40: 5500 41: 3000 42: 1500   [mono-viol x1]
  NT  30:10000 31: 9750 32:10000 33: 9750 34: 9750 35: 9250 36: 9500 37: 9000 38: 9000 39: 8500 40: 6750 41: 4750 42: 4000   [mono-viol x2]
  (26.376s)

hand 69: [10 21 32 42 51 64 66]
  P0  30: 3750 31: 3750 32: 3750 33: 3500 34: 3750 35: 3500 36: 2500 37: 2250 38: 2250 39: 2250 40: 1750 41: 1500 42: 1000   [mono-viol x1]
  P1  30: 8750 31: 8500 32: 8500 33: 8500 34: 8500 35: 7500 36: 6750 37: 6500 38: 6500 39: 6500 40: 6000 41: 4750 42: 2500
  P2  30: 8750 31: 8250 32: 8500 33: 8500 34: 8750 35: 8500 36: 7750 37: 8000 38: 8000 39: 8000 40: 7500 41: 4750 42: 1750   [mono-viol x3]
  P3  30: 5500 31: 5500 32: 5250 33: 5000 34: 4500 35: 4500 36: 3500 37: 2750 38: 2750 39: 2750 40: 2750 41: 1500 42:  500
  P4  30: 8500 31: 8750 32: 8000 33: 8000 34: 7750 35: 7750 36: 6250 37: 6000 38: 6000 39: 6000 40: 4750 41: 3500 42: 1500   [mono-viol x1]
  P5  30: 5000 31: 4250 32: 3500 33: 3500 34: 3500 35: 3250 36: 2750 37: 2250 38: 2250 39: 2250 40: 2250 41: 1750 42: 1000
  P6  30: 8750 31: 8000 32: 7750 33: 7750 34: 7750 35: 7250 36: 6250 37: 5250 38: 5250 39: 5250 40: 4750 41: 4250 42: 3000
  DT  30: 5750 31: 4500 32: 4500 33: 4500 34: 4750 35: 3750 36: 3250 37: 3250 38: 3250 39: 3250 40: 3250 41: 3000 42: 1250   [mono-viol x1]
  NT  30: 7250 31: 7250 32: 6750 33: 6750 34: 6750 35: 6750 36: 6250 37: 5250 38: 5250 39: 5250 40: 5500 41: 4750 42: 2750   [mono-viol x1]
  (26.036s)

hand 70: [11 20 21 33 50 54 63]
  P0  30: 7500 31: 6000 32: 6500 33: 6250 34: 6750 35: 5750 36: 5500 37: 5250 38: 5250 39: 5000 40: 5000 41: 3000 42: 1250   [mono-viol x2]
  P1  30: 7750 31: 6500 32: 6750 33: 6750 34: 7000 35: 6250 36: 5500 37: 4750 38: 4750 39: 5250 40: 5250 41: 4000 42: 1500   [mono-viol x3]
  P2  30: 5750 31: 5500 32: 5000 33: 5000 34: 5250 35: 5250 36: 4000 37: 4250 38: 4250 39: 4250 40: 3750 41: 3250 42:  500   [mono-viol x2]
  P3  30: 9000 31: 8500 32: 8500 33: 8500 34: 8250 35: 8750 36: 7750 37: 7500 38: 7500 39: 7500 40: 7500 41: 4750 42: 2500   [mono-viol x1]
  P4  30: 5250 31: 5000 32: 4750 33: 4750 34: 4750 35: 4250 36: 3250 37: 3000 38: 3000 39: 3000 40: 2750 41: 1750 42:  500
  P5  30: 6000 31: 4750 32: 3250 33: 3250 34: 3250 35: 3250 36: 3250 37: 2750 38: 2750 39: 2750 40: 2500 41: 2250 42:  750
  P6  30: 6500 31: 6000 32: 5500 33: 5500 34: 5500 35: 5500 36: 4000 37: 4250 38: 4250 39: 4250 40: 4250 41: 2750 42: 1000   [mono-viol x1]
  DT  30: 4000 31: 3750 32: 3750 33: 3750 34: 3500 35: 3750 36: 2250 37: 2500 38: 2500 39: 2000 40: 1750 41: 1000 42:  500   [mono-viol x2]
  NT  30: 8750 31: 7000 32: 8250 33: 8250 34: 8500 35: 7500 36: 6500 37: 6500 38: 6500 39: 6500 40: 6250 41: 4750 42: 3000   [mono-viol x2]
  (28.573s)

hand 71: [44 54 61 62 64 65 66]
  P0  30: 7000 31: 7500 32: 6750 33: 6500 34: 5500 35: 5000 36: 4000 37: 3750 38: 3750 39: 3750 40: 3500 41: 2500 42: 1500   [mono-viol x1]
  P1  30: 7500 31: 6250 32: 6500 33: 6500 34: 6500 35: 5500 36: 5000 37: 5000 38: 5000 39: 5250 40: 4000 41: 4000 42: 2250   [mono-viol x2]
  P2  30: 8000 31: 8500 32: 8750 33: 8750 34: 8750 35: 8500 36: 7000 37: 5750 38: 5750 39: 5750 40: 6250 41: 3750 42: 2500   [mono-viol x3]
  P3  30: 7250 31: 8250 32: 7250 33: 7250 34: 6750 35: 6250 36: 5000 37: 5250 38: 5250 39: 5000 40: 3750 41: 2500 42:  500   [mono-viol x2]
  P4  30:10000 31:10000 32:10000 33:10000 34:10000 35:10000 36:10000 37:10000 38:10000 39:10000 40:10000 41:10000 42:10000
  P5  30: 9000 31: 7250 32: 2250 33: 2250 34: 2250 35: 2250 36: 2250 37: 2250 38: 2250 39: 2250 40: 2250 41: 2250 42: 2250
  P6  30:10000 31:10000 32:10000 33:10000 34:10000 35:10000 36:10000 37:10000 38:10000 39:10000 40:10000 41: 9750 42: 9500
  DT  30:10000 31: 9750 32: 9750 33: 9750 34: 9750 35:10000 36: 9750 37: 9750 38: 9750 39: 9500 40: 9250 41: 8000 42: 5000   [mono-viol x1]
  NT  30:10000 31:10000 32: 9750 33: 9750 34: 9750 35: 9500 36: 9250 37: 9750 38: 9750 39: 9750 40: 9750 41: 9500 42: 9500   [mono-viol x1]
  (54.127s)

hand 72: [00 31 43 51 53 65 66]
  P0  30: 8250 31: 7000 32: 6750 33: 6750 34: 6750 35: 6250 36: 4750 37: 4000 38: 4000 39: 4000 40: 3500 41: 2500 42: 2000
  P1  30: 8000 31: 7500 32: 6750 33: 6750 34: 6750 35: 5750 36: 5750 37: 5250 38: 5250 39: 5250 40: 4250 41: 3000 42: 1750
  P2  30: 5500 31: 5000 32: 5250 33: 5250 34: 5250 35: 4750 36: 3000 37: 3250 38: 3250 39: 3250 40: 3250 41: 2250 42: 1000   [mono-viol x2]
  P3  30: 9750 31:10000 32: 9750 33: 9750 34: 9750 35: 9750 36: 9000 37: 8500 38: 8500 39: 8250 40: 8250 41: 6750 42: 2500   [mono-viol x1]
  P4  30: 8000 31: 7000 32: 6500 33: 6500 34: 6500 35: 6000 36: 6250 37: 5250 38: 5250 39: 5250 40: 5500 41: 4500 42: 1500   [mono-viol x2]
  P5  30: 8500 31: 7500 32: 2750 33: 2750 34: 2750 35: 2750 36: 2750 37: 2750 38: 2750 39: 2750 40: 2750 41: 2750 42: 2500
  P6  30:10000 31: 9750 32: 9750 33: 9750 34: 9500 35: 9250 36: 8500 37: 8250 38: 8250 39: 8250 40: 8250 41: 7250 42: 5500
  DT  30: 9250 31: 9000 32: 9000 33: 9000 34: 8500 35: 8250 36: 6750 37: 7000 38: 7000 39: 6750 40: 6500 41: 4500 42: 2250   [mono-viol x1]
  NT  30: 9750 31: 9500 32: 9500 33: 9500 34: 9500 35: 9250 36: 9000 37: 8000 38: 8000 39: 8000 40: 8000 41: 8000 42: 6250
  (38.665s)

hand 73: [20 22 32 41 43 54 61]
  P0  30: 4750 31: 4500 32: 4500 33: 4500 34: 3500 35: 2750 36: 2250 37: 2500 38: 2500 39: 2250 40: 2000 41:  750 42:  250   [mono-viol x1]
  P1  30: 9000 31: 9250 32: 8750 33: 8750 34: 8250 35: 8000 36: 7500 37: 7000 38: 7000 39: 7000 40: 6250 41: 3500 42: 1500   [mono-viol x1]
  P2  30: 9750 31: 8750 32: 8500 33: 8750 34: 8750 35: 8500 36: 8250 37: 8000 38: 8000 39: 8000 40: 7250 41: 6000 42: 3000   [mono-viol x1]
  P3  30: 7500 31: 7750 32: 7500 33: 7250 34: 6500 35: 5000 36: 4250 37: 4500 38: 4500 39: 4500 40: 3750 41: 2500 42: 1500   [mono-viol x2]
  P4  30: 8500 31: 6750 32: 6500 33: 6500 34: 6250 35: 6500 36: 6250 37: 5500 38: 5500 39: 5500 40: 6000 41: 5500 42: 3000   [mono-viol x2]
  P5  30: 4750 31: 4000 32: 4000 33: 4000 34: 3750 35: 3500 36: 3000 37: 2500 38: 2500 39: 2500 40: 2500 41: 2500 42: 1750
  P6  30: 5250 31: 4750 32: 5000 33: 5000 34: 5000 35: 4000 36: 4000 37: 3250 38: 3250 39: 3250 40: 3250 41: 2250 42: 1500   [mono-viol x1]
  DT  30: 4500 31: 4750 32: 4500 33: 4500 34: 4500 35: 3750 36: 3000 37: 2750 38: 2750 39: 2750 40: 2500 41: 2000 42:  500   [mono-viol x1]
  NT  30: 8250 31: 8000 32: 7500 33: 7500 34: 7250 35: 6500 36: 5750 37: 6000 38: 5750 39: 5500 40: 5250 41: 4500 42: 3750   [mono-viol x1]
  (26.871s)

hand 74: [10 30 43 50 51 62 64]
  P0  30: 7750 31: 7000 32: 6500 33: 6500 34: 6000 35: 5750 36: 4000 37: 3750 38: 3750 39: 3750 40: 3250 41: 2500 42:  750
  P1  30: 4750 31: 5000 32: 5250 33: 5500 34: 4750 35: 4000 36: 3500 37: 3250 38: 3250 39: 3250 40: 1750 41:  750 42:  250   [mono-viol x3]
  P2  30: 5750 31: 4500 32: 4750 33: 4750 34: 4000 35: 4250 36: 3500 37: 3000 38: 3000 39: 3000 40: 2750 41: 1750 42: 1250   [mono-viol x2]
  P3  30: 5750 31: 4000 32: 4500 33: 4750 34: 4500 35: 4250 36: 3250 37: 2750 38: 2750 39: 2500 40: 2250 41: 1500 42:  250   [mono-viol x2]
  P4  30: 8500 31: 7250 32: 7750 33: 7750 34: 8000 35: 6500 36: 4500 37: 5000 38: 5000 39: 4750 40: 3750 41: 2750 42: 1500   [mono-viol x3]
  P5  30: 5250 31: 4000 32: 3500 33: 3250 34: 3000 35: 3000 36: 2500 37: 2250 38: 2250 39: 2500 40: 2250 41: 2000 42: 1000   [mono-viol x1]
  P6  30: 8000 31: 7500 32: 8000 33: 8000 34: 7250 35: 6250 36: 4750 37: 5000 38: 5000 39: 5000 40: 3500 41: 3500 42: 1500   [mono-viol x2]
  DT  30: 5250 31: 4750 32: 4500 33: 4500 34: 4500 35: 4000 36: 3750 37: 3500 38: 3500 39: 3250 40: 2500 41: 1500 42:  750
  NT  30: 6250 31: 5750 32: 5500 33: 5250 34: 5250 35: 4500 36: 3500 37: 3750 38: 3750 39: 3500 40: 3250 41: 2250 42: 1750   [mono-viol x1]
  (22.429s)

hand 75: [21 32 33 40 53 54 62]
  P0  30: 3750 31: 4000 32: 3750 33: 3500 34: 3500 35: 3000 36: 2250 37: 2250 38: 2250 39: 2250 40: 2250 41: 1250 42:  500   [mono-viol x1]
  P1  30: 4500 31: 4250 32: 3750 33: 3750 34: 3750 35: 3250 36: 2750 37: 2750 38: 2750 39: 2750 40: 2250 41: 1750 42:  750
  P2  30: 9250 31: 9000 32: 9000 33: 9000 34: 8500 35: 8500 36: 7250 37: 7500 38: 7500 39: 7500 40: 7500 41: 6000 42: 3000   [mono-viol x1]
  P3  30: 9500 31: 9250 32: 8750 33: 8750 34: 9000 35: 8500 36: 8500 37: 8000 38: 8000 39: 8000 40: 7500 41: 6000 42: 4500   [mono-viol x1]
  P4  30: 6250 31: 5500 32: 5000 33: 5250 34: 5000 35: 5000 36: 4500 37: 4250 38: 4250 39: 4000 40: 4000 41: 3500 42: 2000   [mono-viol x1]
  P5  30: 6500 31: 5500 32: 5000 33: 5000 34: 5000 35: 4500 36: 4750 37: 4500 38: 4500 39: 4250 40: 4000 41: 3500 42: 1500   [mono-viol x1]
  P6  30: 4750 31: 4500 32: 5000 33: 5000 34: 5000 35: 4250 36: 4250 37: 3000 38: 3000 39: 3000 40: 2750 41: 2000 42:  500   [mono-viol x1]
  DT  30: 5250 31: 4500 32: 4500 33: 4500 34: 4500 35: 4500 36: 3750 37: 3500 38: 3500 39: 3750 40: 3000 41: 2000 42:  500   [mono-viol x1]
  NT  30: 8000 31: 7750 32: 6500 33: 6500 34: 6750 35: 7000 36: 6000 37: 6000 38: 6000 39: 6000 40: 6250 41: 5250 42: 3750   [mono-viol x3]
  (29.186s)

hand 76: [32 41 51 52 53 60 65]
  P0  30: 5000 31: 4750 32: 4250 33: 4000 34: 3500 35: 3250 36: 3000 37: 3500 38: 3500 39: 3500 40: 3250 41: 3000 42: 2000   [mono-viol x1]
  P1  30: 7000 31: 6000 32: 6000 33: 5750 34: 5500 35: 5500 36: 4500 37: 4500 38: 4500 39: 4500 40: 3500 41: 2750 42: 1500
  P2  30: 5250 31: 5000 32: 4250 33: 4000 34: 4500 35: 4000 36: 3500 37: 4000 38: 4000 39: 3750 40: 2750 41: 2250 42:  500   [mono-viol x2]
  P3  30: 4750 31: 5250 32: 5000 33: 4750 34: 4750 35: 3250 36: 2750 37: 2750 38: 2750 39: 3000 40: 2500 41: 2000 42:  750   [mono-viol x2]
  P4  30: 3500 31: 3250 32: 3250 33: 3000 34: 2750 35: 2750 36: 2500 37: 2500 38: 2500 39: 2250 40: 1750 41: 1500 42: 1000
  P5  30: 5250 31: 4750 32: 2500 33: 2750 34: 2750 35: 2750 36: 2750 37: 2750 38: 2750 39: 2750 40: 2250 41: 2500 42: 1500   [mono-viol x2]
  P6  30: 6000 31: 6250 32: 5750 33: 5750 34: 5000 35: 4250 36: 3500 37: 4000 38: 4000 39: 4000 40: 3500 41: 2500 42: 1500   [mono-viol x2]
  DT  30: 6000 31: 4750 32: 4500 33: 4500 34: 3750 35: 3500 36: 2750 37: 2750 38: 2750 39: 2750 40: 2000 41: 1500 42: 1250
  NT  30: 6750 31: 6000 32: 5750 33: 5500 34: 5250 35: 5000 36: 4500 37: 4500 38: 4500 39: 4750 40: 4000 41: 4250 42: 3000   [mono-viol x2]
  (23.609s)

hand 77: [22 30 40 53 54 60 62]
  P0  30: 9250 31: 8750 32: 8500 33: 8500 34: 9000 35: 8000 36: 6750 37: 6750 38: 6750 39: 7000 40: 6000 41: 5500 42: 2500   [mono-viol x2]
  P1  30: 4250 31: 3500 32: 3500 33: 3500 34: 3000 35: 2750 36: 2500 37: 2500 38: 2500 39: 2500 40: 2500 41: 1500 42:  250
  P2  30: 8000 31: 7000 32: 7000 33: 7000 34: 7000 35: 6750 36: 6750 37: 5750 38: 5750 39: 5500 40: 5500 41: 4500 42: 2500
  P3  30: 5750 31: 5500 32: 5500 33: 5500 34: 4750 35: 4500 36: 4000 37: 4000 38: 4000 39: 4000 40: 3750 41: 1750 42: 1000
  P4  30: 5500 31: 5000 32: 4750 33: 4750 34: 4250 35: 3750 36: 3500 37: 3000 38: 3000 39: 2750 40: 2500 41: 2500 42: 1250
  P5  30: 6250 31: 3750 32: 3250 33: 3250 34: 3250 35: 3000 36: 2500 37: 2750 38: 2750 39: 2750 40: 2750 41: 2000 42: 1250   [mono-viol x1]
  P6  30: 6000 31: 4750 32: 4500 33: 4500 34: 4250 35: 4500 36: 3250 37: 4250 38: 4250 39: 4000 40: 3500 41: 3000 42:  250   [mono-viol x2]
  DT  30: 4000 31: 3250 32: 3250 33: 3250 34: 3000 35: 2250 36: 1250 37: 1250 38: 1250 39: 1250 40: 1250 41:  500 42:  250
  NT  30: 7500 31: 5750 32: 5000 33: 5000 34: 5000 35: 6000 36: 5000 37: 5000 38: 5000 39: 5250 40: 5000 41: 4250 42: 2500   [mono-viol x2]
  (30.652s)

hand 78: [00 40 41 53 54 64 65]
  P0  30: 8250 31: 7250 32: 7000 33: 7000 34: 7250 35: 6500 36: 6500 37: 5750 38: 5750 39: 5750 40: 5000 41: 4500 42: 2250   [mono-viol x1]
  P1  30: 5500 31: 5000 32: 5250 33: 5250 34: 4250 35: 3750 36: 3000 37: 2750 38: 2750 39: 2500 40: 2000 41: 1750 42: 1000   [mono-viol x1]
  P2  30: 5500 31: 4750 32: 4750 33: 4750 34: 4000 35: 3750 36: 2750 37: 2750 38: 2750 39: 2750 40: 2250 41: 1750 42:    0
  P3  30: 5750 31: 5750 32: 5750 33: 5500 34: 4750 35: 5000 36: 4500 37: 3750 38: 3750 39: 3250 40: 3250 41: 2250 42: 1000   [mono-viol x1]
  P4  30:10000 31:10000 32:10000 33:10000 34:10000 35: 9750 36: 9500 37: 9500 38: 9500 39: 9500 40: 9750 41: 8750 42: 2500   [mono-viol x1]
  P5  30: 8750 31: 6750 32: 3500 33: 3500 34: 3500 35: 3500 36: 3500 37: 3500 38: 3500 39: 3500 40: 3500 41: 3250 42: 2750
  P6  30: 9250 31: 8250 32: 8250 33: 8250 34: 8000 35: 7500 36: 6250 37: 6500 38: 6500 39: 6500 40: 6250 41: 4250 42: 2000   [mono-viol x1]
  DT  30: 6250 31: 5250 32: 4750 33: 4750 34: 4750 35: 4500 36: 4250 37: 5000 38: 5000 39: 4500 40: 3250 41: 2750 42: 1000   [mono-viol x1]
  NT  30: 7500 31: 7250 32: 7000 33: 7000 34: 7000 35: 6250 36: 5750 37: 5750 38: 5750 39: 5500 40: 5500 41: 5250 42: 4000
  (39.649s)

hand 79: [21 41 50 53 54 63 66]
  P0  30: 4500 31: 4000 32: 4500 33: 4500 34: 4000 35: 3000 36: 2750 37: 3000 38: 3000 39: 3000 40: 2250 41: 2000 42:  750   [mono-viol x2]
  P1  30: 7750 31: 6750 32: 7000 33: 7000 34: 6000 35: 5750 36: 6000 37: 6250 38: 6250 39: 6250 40: 5750 41: 4750 42: 1750   [mono-viol x3]
  P2  30: 5000 31: 4750 32: 4000 33: 4000 34: 3250 35: 3000 36: 2750 37: 2750 38: 2750 39: 2500 40: 2000 41: 1750 42:  750
  P3  30: 8750 31: 8250 32: 7750 33: 8000 34: 7750 35: 7750 36: 7500 37: 6000 38: 6000 39: 6000 40: 5500 41: 4250 42: 1500   [mono-viol x1]
  P4  30: 5250 31: 4250 32: 4000 33: 4000 34: 4250 35: 3500 36: 2500 37: 2250 38: 2250 39: 2500 40: 2000 41: 2000 42: 1500   [mono-viol x2]
  P5  30: 7750 31: 5500 32: 2500 33: 2500 34: 2500 35: 2500 36: 2500 37: 2500 38: 2500 39: 2500 40: 2500 41: 2000 42: 2000
  P6  30: 7500 31: 6750 32: 6250 33: 6250 34: 6250 35: 5500 36: 5000 37: 4250 38: 4250 39: 4250 40: 4250 41: 4000 42: 3250
  DT  30: 5750 31: 5000 32: 4500 33: 4500 34: 4750 35: 4250 36: 3500 37: 3000 38: 3000 39: 3000 40: 3000 41: 2000 42: 1250   [mono-viol x1]
  NT  30: 7250 31: 6750 32: 6500 33: 6750 34: 6500 35: 6250 36: 5500 37: 4250 38: 4250 39: 4250 40: 4500 41: 4000 42: 4000   [mono-viol x2]
  (28.171s)

hand 80: [11 20 31 32 33 51 55]
  P0  30: 5250 31: 5250 32: 5250 33: 5250 34: 4500 35: 3750 36: 2500 37: 2750 38: 2750 39: 2500 40: 2000 41: 1250 42:  500   [mono-viol x1]
  P1  30:10000 31:10000 32:10000 33:10000 34:10000 35:10000 36:10000 37:10000 38:10000 39:10000 40:10000 41: 9750 42: 8500
  P2  30:10000 31:10000 32:10000 33:10000 34: 9750 35: 9250 36: 9500 37: 9000 38: 9000 39: 8500 40: 7000 41: 4750 42: 1500   [mono-viol x1]
  P3  30:10000 31:10000 32:10000 33:10000 34:10000 35:10000 36: 9750 37: 9750 38: 9750 39: 9750 40: 9750 41: 8500 42: 5000
  P4  30: 5000 31: 4500 32: 4000 33: 4000 34: 4000 35: 3250 36: 3500 37: 3500 38: 3500 39: 3500 40: 3250 41: 2000 42:  500   [mono-viol x1]
  P5  30: 9750 31:10000 32:10000 33:10000 34:10000 35:10000 36: 9500 37: 9500 38: 9500 39: 9500 40: 9000 41: 7500 42: 4000   [mono-viol x1]
  P6  30: 6750 31: 6250 32: 6000 33: 6000 34: 6000 35: 5500 36: 5250 37: 5500 38: 5500 39: 5500 40: 5250 41: 3750 42: 1000   [mono-viol x1]
  DT  30:10000 31: 9750 32: 9750 33: 9750 34: 9500 35: 8250 36: 7750 37: 7500 38: 7750 39: 6750 40: 5750 41: 4500 42: 1750   [mono-viol x1]
  NT  30:10000 31:10000 32:10000 33:10000 34:10000 35: 9750 36:10000 37:10000 38:10000 39:10000 40: 9250 41: 8500 42: 7000   [mono-viol x1]
  (31.549s)

hand 81: [11 32 40 42 54 55 65]
  P0  30: 5250 31: 5750 32: 5000 33: 4750 34: 4750 35: 3500 36: 2750 37: 3000 38: 3000 39: 3000 40: 2750 41: 2250 42: 1500   [mono-viol x2]
  P1  30: 8000 31: 7000 32: 7000 33: 7000 34: 6750 35: 5500 36: 5250 37: 5000 38: 5000 39: 5000 40: 5250 41: 4000 42: 2000   [mono-viol x1]
  P2  30: 8750 31: 8750 32: 8500 33: 8250 34: 8250 35: 7500 36: 7000 37: 7250 38: 7500 39: 7250 40: 6500 41: 3500 42: 1750   [mono-viol x2]
  P3  30: 8250 31: 7750 32: 7750 33: 7750 34: 7000 35: 6000 36: 6250 37: 6250 38: 6250 39: 6000 40: 5000 41: 2750 42:  750   [mono-viol x1]
  P4  30: 8250 31: 6750 32: 5000 33: 5000 34: 5250 35: 5250 36: 4500 37: 4000 38: 4000 39: 4250 40: 3500 41: 3500 42: 1500   [mono-viol x2]
  P5  30:10000 31:10000 32:10000 33:10000 34:10000 35:10000 36: 9000 37: 8750 38: 8750 39: 8750 40: 8750 41: 8500 42: 7250
  P6  30: 7500 31: 6750 32: 6000 33: 6000 34: 6000 35: 6000 36: 5500 37: 5250 38: 5250 39: 5500 40: 5000 41: 4000 42: 2250   [mono-viol x1]
  DT  30: 9250 31: 8750 32: 8250 33: 8250 34: 7750 35: 7500 36: 6750 37: 7000 38: 7000 39: 6750 40: 6250 41: 4250 42: 2000   [mono-viol x1]
  NT  30: 9500 31: 9000 32: 9000 33: 9000 34: 9000 35: 8750 36: 7500 37: 7250 38: 7250 39: 7250 40: 7750 41: 6250 42: 5000   [mono-viol x1]
  (33.349s)

hand 82: [00 10 53 55 62 65 66]
  P0  30: 9750 31: 9750 32: 9500 33: 9500 34: 9250 35: 9250 36: 8500 37: 7750 38: 7750 39: 7750 40: 7500 41: 6000 42: 4250
  P1  30: 7250 31: 6750 32: 6750 33: 6250 34: 5500 35: 5250 36: 5000 37: 4500 38: 4500 39: 4750 40: 4500 41: 2500 42: 1250   [mono-viol x1]
  P2  30: 8250 31: 7500 32: 7750 33: 8000 34: 8000 35: 6250 36: 5250 37: 4750 38: 4750 39: 4750 40: 4250 41: 2750 42: 1000   [mono-viol x2]
  P3  30: 9250 31: 9250 32: 8750 33: 8500 34: 8750 35: 7750 36: 7250 37: 6500 38: 6500 39: 6500 40: 6000 41: 2500 42: 1500   [mono-viol x1]
  P4  30: 7500 31: 7000 32: 7000 33: 7000 34: 7000 35: 7000 36: 6250 37: 6250 38: 6250 39: 6250 40: 6000 41: 4750 42: 1500
  P5  30:10000 31:10000 32:10000 33:10000 34:10000 35:10000 36:10000 37:10000 38:10000 39:10000 40:10000 41:10000 42:10000
  P6  30:10000 31:10000 32:10000 33:10000 34:10000 35:10000 36:10000 37:10000 38:10000 39:10000 40:10000 41:10000 42: 9500
  DT  30:10000 31:10000 32:10000 33:10000 34:10000 35:10000 36:10000 37:10000 38:10000 39:10000 40:10000 41: 9500 42: 8000
  NT  30:10000 31:10000 32:10000 33:10000 34:10000 35:10000 36:10000 37:10000 38:10000 39:10000 40:10000 41:10000 42: 9750
  (31.888s)

hand 83: [00 22 30 32 52 60 66]
  P0  30:10000 31:10000 32: 9750 33: 9750 34:10000 35:10000 36: 9750 37: 9500 38: 9500 39: 9500 40: 9250 41: 9250 42: 8250   [mono-viol x1]
  P1  30: 7500 31: 6500 32: 6750 33: 6750 34: 6000 35: 5750 36: 4500 37: 4250 38: 4250 39: 4500 40: 3750 41: 2000 42: 1000   [mono-viol x2]
  P2  30:10000 31:10000 32:10000 33:10000 34:10000 35:10000 36:10000 37:10000 38:10000 39:10000 40:10000 41: 9750 42: 6250
  P3  30: 9500 31: 9750 32: 9500 33: 9500 34: 9250 35: 8000 36: 7500 37: 7250 38: 7250 39: 7250 40: 6750 41: 4000 42: 1500   [mono-viol x1]
  P4  30: 5750 31: 4750 32: 4500 33: 4500 34: 4500 35: 4250 36: 4250 37: 4250 38: 4250 39: 4250 40: 3750 41: 3000 42: 1500
  P5  30: 5500 31: 4500 32: 2750 33: 2750 34: 2750 35: 2750 36: 2750 37: 2750 38: 2750 39: 2750 40: 2750 41: 2500 42: 1750
  P6  30: 9500 31: 9250 32: 8750 33: 8750 34: 8750 35: 8250 36: 8000 37: 7500 38: 7500 39: 7500 40: 7250 41: 6750 42: 3000
  DT  30: 9500 31: 9500 32: 9000 33: 9000 34: 9000 35: 8250 36: 8250 37: 6750 38: 6750 39: 6500 40: 6000 41: 4500 42: 2250
  NT  30: 9750 31: 9500 32: 9500 33: 9500 34: 9500 35: 9500 36: 9500 37: 8000 38: 8000 39: 8250 40: 8250 41: 8500 42: 5250   [mono-viol x2]
  (40.484s)

hand 84: [10 20 32 33 43 52 65]
  P0  30: 6750 31: 6000 32: 6000 33: 5750 34: 5500 35: 4750 36: 4000 37: 3750 38: 3750 39: 3750 40: 3250 41: 2250 42:  750
  P1  30: 4000 31: 3750 32: 3500 33: 3500 34: 3000 35: 2250 36: 3000 37: 2250 38: 2250 39: 2000 40: 2250 41: 1500 42:  750   [mono-viol x2]
  P2  30: 8750 31: 9250 32: 8750 33: 8750 34: 8500 35: 7250 36: 7250 37: 6750 38: 6750 39: 6750 40: 6000 41: 4750 42: 2000   [mono-viol x1]
  P3  30: 9750 31:10000 32: 9750 33: 9750 34: 9750 35: 9500 36: 9750 37: 9500 38: 9500 39: 9500 40: 8250 41: 6750 42: 4250   [mono-viol x2]
  P4  30: 4750 31: 4000 32: 3750 33: 3750 34: 3250 35: 3250 36: 2250 37: 2250 38: 2250 39: 2250 40: 2250 41: 1750 42:  750
  P5  30: 7000 31: 4750 32: 2250 33: 2250 34: 2250 35: 2250 36: 2000 37: 2000 38: 2000 39: 2000 40: 2000 41: 2000 42: 1500
  P6  30: 6750 31: 6500 32: 6250 33: 6250 34: 6250 35: 5500 36: 4750 37: 4750 38: 4750 39: 4750 40: 4500 41: 4000 42: 2250
  DT  30: 5750 31: 4000 32: 4250 33: 4250 34: 4250 35: 4000 36: 3500 37: 2500 38: 2500 39: 2500 40: 2250 41: 2250 42: 1250   [mono-viol x1]
  NT  30: 9000 31: 8250 32: 7750 33: 7750 34: 7750 35: 7750 36: 7500 37: 6750 38: 6750 39: 6750 40: 6500 41: 6000 42: 5000
  (30.559s)

hand 85: [22 32 33 42 44 50 54]
  P0  30: 6250 31: 5500 32: 5500 33: 5750 34: 5750 35: 5250 36: 4500 37: 4250 38: 4250 39: 4000 40: 3250 41: 3000 42: 1000   [mono-viol x1]
  P1  30: 6500 31: 5750 32: 5500 33: 5500 34: 5250 35: 4750 36: 4000 37: 3750 38: 3750 39: 3750 40: 3000 41: 2000 42: 1000
  P2  30:10000 31: 9750 32: 9500 33: 9500 34: 9500 35: 9250 36: 8250 37: 8750 38: 8750 39: 8750 40: 9000 41: 7750 42: 5750   [mono-viol x2]
  P3  30: 9500 31: 9000 32: 8750 33: 8750 34: 9000 35: 8500 36: 8250 37: 8250 38: 8250 39: 8250 40: 8000 41: 6750 42: 3750   [mono-viol x1]
  P4  30:10000 31: 9750 32: 9500 33: 9500 34: 9500 35: 9750 36: 9750 37: 8000 38: 8000 39: 8000 40: 8250 41: 8500 42: 8500   [mono-viol x3]
  P5  30: 8250 31: 5750 32: 2500 33: 2500 34: 2500 35: 2500 36: 2500 37: 2500 38: 2500 39: 2500 40: 2500 41: 2500 42: 1000
  P6  30: 6250 31: 5500 32: 5500 33: 5500 34: 5250 35: 5500 36: 4750 37: 5000 38: 5000 39: 4750 40: 4250 41: 2750 42:  750   [mono-viol x2]
  DT  30: 7000 31: 3750 32: 3000 33: 3000 34: 3000 35: 2750 36: 2000 37: 1500 38: 1500 39: 1500 40: 2250 41: 1250 42:  750   [mono-viol x1]
  NT  30: 9500 31: 9250 32: 7750 33: 7750 34: 7750 35: 7500 36: 8000 37: 7250 38: 7250 39: 7250 40: 7000 41: 6500 42: 6250   [mono-viol x1]
  (41.418s)

hand 86: [21 30 33 40 52 63 65]
  P0  30: 7500 31: 6250 32: 6250 33: 6250 34: 5500 35: 5000 36: 4000 37: 4000 38: 4000 39: 4000 40: 3500 41: 2500 42:  500
  P1  30: 4500 31: 4750 32: 4750 33: 4750 34: 4750 35: 4000 36: 3250 37: 3750 38: 3750 39: 3250 40: 2750 41: 2000 42: 1000   [mono-viol x2]
  P2  30: 7250 31: 7000 32: 7000 33: 7000 34: 6500 35: 5250 36: 4500 37: 3750 38: 3750 39: 3750 40: 3750 41: 3000 42: 1250
  P3  30: 9750 31: 9500 32: 9750 33: 9750 34: 9500 35: 9000 36: 8500 37: 8250 38: 8250 39: 8500 40: 8500 41: 7750 42: 6000   [mono-viol x2]
  P4  30: 3500 31: 4000 32: 3000 33: 3000 34: 3000 35: 2750 36: 2500 37: 2750 38: 2750 39: 2750 40: 2000 41: 1250 42: 1000   [mono-viol x2]
  P5  30: 6750 31: 5500 32: 3750 33: 3750 34: 3750 35: 3750 36: 3500 37: 3250 38: 3250 39: 3250 40: 2750 41: 3000 42: 1750   [mono-viol x1]
  P6  30: 8500 31: 7250 32: 6500 33: 6500 34: 6500 35: 6250 36: 7250 37: 6250 38: 6250 39: 6000 40: 5250 41: 3750 42: 2000   [mono-viol x1]
  DT  30: 5000 31: 5500 32: 5250 33: 5250 34: 5000 35: 3750 36: 3250 37: 2500 38: 2500 39: 2500 40: 2750 41: 2000 42: 1500   [mono-viol x2]
  NT  30: 8000 31: 7250 32: 7250 33: 7250 34: 6750 35: 6750 36: 6250 37: 6500 38: 6500 39: 6500 40: 5750 41: 5750 42: 4250   [mono-viol x1]
  (29.432s)

hand 87: [00 22 40 41 50 53 61]
  P0  30: 9750 31: 9500 32: 9750 33: 9750 34: 9500 35: 9750 36: 8250 37: 8500 38: 8500 39: 8500 40: 8250 41: 6500 42: 4750   [mono-viol x3]
  P1  30: 8250 31: 7250 32: 7000 33: 7000 34: 7000 35: 6750 36: 6250 37: 5750 38: 5750 39: 5750 40: 5500 41: 2750 42: 1250
  P2  30: 4750 31: 4500 32: 4250 33: 4250 34: 4000 35: 3250 36: 3250 37: 2500 38: 2500 39: 2500 40: 3250 41: 2250 42:  500   [mono-viol x1]
  P3  30: 5000 31: 5250 32: 4750 33: 4750 34: 4000 35: 3750 36: 2750 37: 2750 38: 2750 39: 3000 40: 2250 41: 1750 42: 1000   [mono-viol x2]
  P4  30: 5000 31: 3500 32: 3500 33: 3500 34: 3750 35: 3500 36: 3250 37: 2750 38: 2750 39: 2500 40: 3000 41: 1500 42:  500   [mono-viol x2]
  P5  30: 6750 31: 4000 32: 2000 33: 2000 34: 2000 35: 2000 36: 2000 37: 2000 38: 2000 39: 2000 40: 2000 41: 1500 42:  750
  P6  30: 5750 31: 5250 32: 5250 33: 5500 34: 5250 35: 4500 36: 4000 37: 3750 38: 3750 39: 3500 40: 3000 41: 1750 42:  750   [mono-viol x1]
  DT  30: 4500 31: 4000 32: 3750 33: 3750 34: 3250 35: 3250 36: 2250 37: 2500 38: 2500 39: 2500 40: 1750 41: 1000 42:    0   [mono-viol x1]
  NT  30: 6750 31: 5750 32: 4250 33: 4250 34: 4750 35: 5000 36: 4500 37: 5000 38: 5000 39: 5000 40: 4250 41: 4000 42: 3000   [mono-viol x3]
  (27.823s)

hand 88: [22 30 31 40 50 55 64]
  P0  30: 8750 31: 8500 32: 8000 33: 8000 34: 7750 35: 8000 36: 7750 37: 7500 38: 7500 39: 7500 40: 6750 41: 5250 42: 2000   [mono-viol x1]
  P1  30: 5250 31: 5250 32: 5000 33: 4750 34: 4750 35: 4000 36: 4000 37: 3750 38: 3750 39: 4000 40: 3500 41: 2500 42:  750   [mono-viol x1]
  P2  30: 8000 31: 7250 32: 7250 33: 7250 34: 7000 35: 6500 36: 6000 37: 6000 38: 6000 39: 6500 40: 4750 41: 3000 42: 1250   [mono-viol x1]
  P3  30: 7750 31: 8000 32: 7250 33: 7000 34: 7000 35: 6500 36: 5750 37: 5500 38: 5500 39: 5250 40: 4750 41: 3250 42: 1000   [mono-viol x1]
  P4  30: 8750 31: 9000 32: 9250 33: 9500 34: 9000 35: 8500 36: 7500 37: 7500 38: 7500 39: 7500 40: 6750 41: 5500 42: 2000   [mono-viol x3]
  P5  30: 8500 31: 8750 32: 8750 33: 8750 34: 8500 35: 7750 36: 6750 37: 6250 38: 6250 39: 6250 40: 5750 41: 5000 42: 3250   [mono-viol x1]
  P6  30: 8750 31: 7500 32: 7750 33: 7750 34: 7750 35: 6750 36: 5000 37: 4750 38: 4750 39: 4750 40: 3750 41: 2000 42: 1250   [mono-viol x1]
  DT  30: 7500 31: 8000 32: 8000 33: 8000 34: 7750 35: 6750 36: 5000 37: 4750 38: 4750 39: 5000 40: 3500 41: 2250 42:  250   [mono-viol x2]
  NT  30: 9500 31: 9000 32: 8750 33: 8750 34: 9000 35: 8750 36: 7500 37: 8000 38: 8000 39: 8000 40: 7000 41: 5750 42: 5500   [mono-viol x2]
  (25.789s)

hand 89: [10 42 50 51 52 62 64]
  P0  30: 6500 31: 6500 32: 6000 33: 6000 34: 5500 35: 4750 36: 4000 37: 3750 38: 3750 39: 3500 40: 2750 41: 2000 42: 1000
  P1  30: 5750 31: 5250 32: 5250 33: 5250 34: 4750 35: 4500 36: 3500 37: 3500 38: 3500 39: 3000 40: 2500 41: 1500 42: 1000
  P2  30: 9500 31: 8000 32: 8250 33: 8250 34: 8500 35: 7500 36: 7750 37: 6750 38: 6750 39: 6500 40: 6250 41: 5500 42: 3250   [mono-viol x3]
  P3  30: 5500 31: 5000 32: 5000 33: 4500 34: 4000 35: 3750 36: 2750 37: 3000 38: 3000 39: 3000 40: 2000 41: 1500 42:  250   [mono-viol x1]
  P4  30: 7500 31: 6500 32: 6500 33: 6500 34: 5500 35: 5250 36: 5750 37: 5000 38: 5000 39: 4000 40: 3000 41: 2750 42: 1500   [mono-viol x1]
  P5  30: 7250 31: 5000 32: 4000 33: 4000 34: 4250 35: 4250 36: 3500 37: 3500 38: 3500 39: 3500 40: 3250 41: 2750 42: 2000   [mono-viol x1]
  P6  30: 8500 31: 8250 32: 7750 33: 7750 34: 6750 35: 6000 36: 5500 37: 4500 38: 4500 39: 4500 40: 4750 41: 2500 42:  750   [mono-viol x1]
  DT  30: 6750 31: 5750 32: 5750 33: 5750 34: 4750 35: 4750 36: 4500 37: 4750 38: 4750 39: 4500 40: 2500 41: 2000 42:  750   [mono-viol x1]
  NT  30: 7000 31: 7000 32: 7000 33: 7000 34: 6500 35: 7000 36: 5500 37: 4750 38: 4500 39: 4500 40: 3750 41: 3500 42: 2750   [mono-viol x1]
  (28.275s)

hand 90: [33 40 41 44 50 62 64]
  P0  30: 9250 31: 8750 32: 8500 33: 8250 34: 8250 35: 7000 36: 5750 37: 6000 38: 6000 39: 5500 40: 5000 41: 3750 42: 1250   [mono-viol x1]
  P1  30: 5250 31: 4750 32: 5000 33: 5000 34: 5500 35: 4500 36: 3500 37: 2500 38: 2500 39: 2500 40: 2750 41: 1500 42: 1250   [mono-viol x3]
  P2  30: 5750 31: 5500 32: 5500 33: 5500 34: 5500 35: 5500 36: 4000 37: 3750 38: 3750 39: 3750 40: 4000 41: 2750 42: 1500   [mono-viol x1]
  P3  30: 6000 31: 5500 32: 5750 33: 5750 34: 5250 35: 4500 36: 3250 37: 4000 38: 4000 39: 4000 40: 4000 41: 2500 42: 1750   [mono-viol x2]
  P4  30:10000 31:10000 32:10000 33:10000 34:10000 35:10000 36:10000 37: 9750 38: 9750 39: 9750 40: 9500 41: 9750 42: 7500   [mono-viol x1]
  P5  30: 4500 31: 3250 32: 2750 33: 2750 34: 2750 35: 2750 36: 2500 37: 2500 38: 2500 39: 2500 40: 2500 41: 2250 42: 1750
  P6  30: 9000 31: 8750 32: 8500 33: 8500 34: 8500 35: 7750 36: 6000 37: 5250 38: 5250 39: 5250 40: 4750 41: 3750 42: 1250
  DT  30: 5500 31: 4500 32: 4000 33: 4000 34: 4250 35: 4000 36: 2250 37: 1750 38: 1750 39: 1750 40: 1750 41: 1250 42:  500   [mono-viol x1]
  NT  30: 8750 31: 8000 32: 7750 33: 7750 34: 7750 35: 7750 36: 6250 37: 6750 38: 6750 39: 6750 40: 6500 41: 5750 42: 5500   [mono-viol x1]
  (31.488s)

hand 91: [21 31 42 52 53 61 66]
  P0  30: 5500 31: 4000 32: 4000 33: 4000 34: 3500 35: 3500 36: 2750 37: 2250 38: 2250 39: 2250 40: 2000 41: 1750 42:  250
  P1  30: 9250 31: 9000 32: 9250 33: 9000 34: 9000 35: 8750 36: 7250 37: 6250 38: 6250 39: 6000 40: 6250 41: 4750 42: 1750   [mono-viol x2]
  P2  30: 9750 31: 9750 32: 9250 33: 8750 34: 8250 35: 7250 36: 7500 37: 6500 38: 6500 39: 6250 40: 5000 41: 3250 42: 1750   [mono-viol x1]
  P3  30: 7500 31: 7000 32: 7500 33: 7250 34: 6250 35: 5000 36: 4500 37: 4500 38: 4500 39: 4750 40: 4000 41: 3000 42:  750   [mono-viol x2]
  P4  30: 5750 31: 4500 32: 4000 33: 4000 34: 4000 35: 3750 36: 3000 37: 2500 38: 2500 39: 2500 40: 2250 41: 1750 42:  500
  P5  30: 5250 31: 4750 32: 3500 33: 3500 34: 3500 35: 3000 36: 2750 37: 2250 38: 2250 39: 2250 40: 2500 41: 2250 42: 1000   [mono-viol x1]
  P6  30: 7000 31: 6000 32: 6250 33: 6250 34: 6500 35: 5750 36: 6000 37: 4500 38: 4500 39: 4500 40: 3500 41: 2500 42: 1750   [mono-viol x3]
  DT  30: 5250 31: 4000 32: 3500 33: 3500 34: 3250 35: 2750 36: 2500 37: 2250 38: 2250 39: 2250 40: 2250 41: 2000 42:  750
  NT  30: 7500 31: 7000 32: 6000 33: 6000 34: 5750 35: 6000 36: 5750 37: 4000 38: 4000 39: 4000 40: 4500 41: 4250 42: 3500   [mono-viol x2]
  (29.054s)

hand 92: [21 30 31 42 54 65 66]
  P0  30: 6000 31: 5250 32: 4750 33: 4750 34: 4250 35: 4250 36: 3500 37: 3750 38: 3750 39: 3750 40: 3750 41: 1750 42: 1000   [mono-viol x1]
  P1  30: 5750 31: 5750 32: 4500 33: 4500 34: 5250 35: 4500 36: 4250 37: 3750 38: 3750 39: 3500 40: 3500 41: 2000 42: 1000   [mono-viol x1]
  P2  30: 7000 31: 6500 32: 6250 33: 6250 34: 6500 35: 5500 36: 4750 37: 4500 38: 4500 39: 4500 40: 3750 41: 3000 42:  750   [mono-viol x1]
  P3  30: 7250 31: 7000 32: 7250 33: 7250 34: 6750 35: 6250 36: 5250 37: 5000 38: 5000 39: 5000 40: 5250 41: 3500 42:  750   [mono-viol x2]
  P4  30: 5500 31: 4250 32: 4000 33: 4000 34: 4000 35: 3750 36: 3500 37: 2250 38: 2250 39: 2250 40: 2750 41: 2750 42: 1000   [mono-viol x1]
  P5  30: 5000 31: 4250 32: 2500 33: 2500 34: 2500 35: 2750 36: 2500 37: 2250 38: 2250 39: 2250 40: 2250 41: 2000 42: 1250   [mono-viol x1]
  P6  30: 8250 31: 7500 32: 7500 33: 7500 34: 7000 35: 7000 36: 6500 37: 5250 38: 5250 39: 5250 40: 4500 41: 3500 42: 3000
  DT  30: 6000 31: 5250 32: 4750 33: 4750 34: 4750 35: 4000 36: 3250 37: 2750 38: 2750 39: 2750 40: 2500 41: 2000 42: 1750
  NT  30: 9000 31: 8250 32: 7500 33: 7500 34: 7500 35: 7500 36: 7250 37: 6500 38: 6500 39: 6500 40: 6000 41: 6000 42: 5250
  (29.561s)

hand 93: [11 30 31 32 40 54 61]
  P0  30: 4000 31: 3750 32: 3500 33: 3500 34: 3750 35: 3500 36: 3000 37: 3250 38: 3250 39: 3500 40: 3250 41: 2500 42:  750   [mono-viol x3]
  P1  30:10000 31: 9750 32:10000 33:10000 34:10000 35:10000 36: 9500 37: 8750 38: 8750 39: 8750 40: 8750 41: 8000 42: 5750   [mono-viol x1]
  P2  30: 4000 31: 4250 32: 4000 33: 3750 34: 3500 35: 2500 36: 2250 37: 2250 38: 2250 39: 2250 40: 1750 41: 1750 42:  750   [mono-viol x1]
  P3  30: 9500 31: 8500 32: 8000 33: 8000 34: 7000 35: 6250 36: 6000 37: 5750 38: 5750 39: 5500 40: 4750 41: 2000 42: 1000
  P4  30: 5750 31: 5250 32: 5250 33: 5250 34: 5000 35: 4500 36: 4250 37: 3500 38: 3500 39: 3250 40: 3000 41: 2000 42:  500
  P5  30: 5000 31: 3500 32: 3250 33: 3250 34: 2750 35: 2500 36: 2500 37: 2750 38: 2750 39: 2750 40: 1750 41: 1500 42: 1500   [mono-viol x1]
  P6  30: 5250 31: 4500 32: 3750 33: 3750 34: 3500 35: 3750 36: 3750 37: 4000 38: 4000 39: 3500 40: 2750 41: 1500 42:  750   [mono-viol x2]
  DT  30: 4000 31: 3000 32: 3250 33: 3250 34: 3500 35: 2750 36: 1750 37: 1500 38: 1500 39: 1750 40: 1750 41: 1000 42:  750   [mono-viol x3]
  NT  30: 6500 31: 6750 32: 6250 33: 6250 34: 5750 35: 5500 36: 5000 37: 5000 38: 5000 39: 5000 40: 4750 41: 4750 42: 3000   [mono-viol x1]
  (26.796s)

hand 94: [10 32 33 41 44 61 66]
  P0  30: 6250 31: 6500 32: 6750 33: 6500 34: 6000 35: 5500 36: 4250 37: 3750 38: 3750 39: 3750 40: 3250 41: 2250 42: 1250   [mono-viol x2]
  P1  30:10000 31:10000 32: 9750 33: 9750 34:10000 35: 9750 36: 9250 37: 9250 38: 9250 39: 9250 40: 9000 41: 9250 42: 2750   [mono-viol x2]
  P2  30: 7500 31: 7500 32: 7750 33: 7750 34: 6500 35: 6000 36: 5500 37: 5000 38: 5000 39: 5000 40: 4250 41: 2000 42:  500   [mono-viol x1]
  P3  30:10000 31:10000 32:10000 33:10000 34:10000 35:10000 36: 9750 37: 9750 38: 9750 39: 9750 40: 9250 41: 7000 42: 3750
  P4  30: 9250 31: 8500 32: 8250 33: 8250 34: 8000 35: 8000 36: 6500 37: 6500 38: 6500 39: 6500 40: 6250 41: 6500 42: 4250   [mono-viol x1]
  P5  30: 6500 31: 6250 32: 5000 33: 5000 34: 5000 35: 4500 36: 4500 37: 4500 38: 4500 39: 4500 40: 4000 41: 3250 42: 1000
  P6  30: 9750 31: 9500 32: 9500 33: 9500 34: 9500 35: 9500 36: 8500 37: 8500 38: 8500 39: 8500 40: 8750 41: 8000 42: 4500   [mono-viol x1]
  DT  30: 9750 31: 9750 32: 9750 33: 9750 34: 9750 35: 9500 36: 7750 37: 7250 38: 7250 39: 7250 40: 7250 41: 5500 42: 3750
  NT  30:10000 31:10000 32: 9750 33: 9750 34: 9750 35: 9750 36: 9250 37: 8500 38: 8500 39: 8500 40: 8250 41: 8250 42: 5750
  (30.414s)

hand 95: [00 30 50 60 62 64 66]
  P0  30:10000 31:10000 32:10000 33:10000 34:10000 35:10000 36:10000 37:10000 38:10000 39:10000 40:10000 41:10000 42:10000
  P1  30: 3750 31: 4250 32: 3750 33: 3250 34: 2750 35: 2500 36: 2250 37: 2000 38: 2000 39: 1750 40: 1250 41: 1000 42:  500   [mono-viol x1]
  P2  30: 6500 31: 6500 32: 6250 33: 6250 34: 6000 35: 4750 36: 3750 37: 4000 38: 4000 39: 4000 40: 4000 41: 1750 42:  750   [mono-viol x1]
  P3  30: 7250 31: 6500 32: 7000 33: 7000 34: 6250 35: 5500 36: 5250 37: 5000 38: 5000 39: 5000 40: 4750 41: 3000 42: 1750   [mono-viol x1]
  P4  30: 7000 31: 7250 32: 7250 33: 7000 34: 7500 35: 6500 36: 6000 37: 5250 38: 5250 39: 4750 40: 4000 41: 2500 42: 1000   [mono-viol x2]
  P5  30: 5500 31: 4250 32: 3250 33: 3250 34: 3500 35: 3250 36: 3250 37: 3000 38: 3000 39: 3000 40: 2750 41: 2750 42: 1500   [mono-viol x1]
  P6  30:10000 31:10000 32:10000 33:10000 34:10000 35:10000 36:10000 37:10000 38:10000 39:10000 40:10000 41:10000 42: 8250
  DT  30: 8250 31: 7500 32: 7500 33: 7500 34: 7250 35: 7000 36: 5500 37: 5750 38: 5750 39: 5500 40: 5500 41: 3250 42: 1000   [mono-viol x1]
  NT  30: 9250 31: 9000 32: 8250 33: 8250 34: 8500 35: 8500 36: 8750 37: 8000 38: 8000 39: 8000 40: 8000 41: 8250 42: 6250   [mono-viol x3]
  (35.783s)

hand 96: [10 20 31 40 62 65 66]
  P0  30: 8500 31: 7500 32: 7500 33: 7250 34: 7000 35: 5750 36: 4250 37: 4500 38: 4500 39: 4500 40: 4250 41: 3500 42: 2250   [mono-viol x1]
  P1  30: 7750 31: 6000 32: 6000 33: 6000 34: 6000 35: 4750 36: 4250 37: 3500 38: 3500 39: 3750 40: 3000 41: 2250 42:  750   [mono-viol x1]
  P2  30: 8000 31: 7750 32: 7500 33: 7500 34: 7750 35: 7000 36: 6500 37: 6250 38: 6250 39: 6000 40: 5750 41: 4750 42: 2000   [mono-viol x1]
  P3  30: 6250 31: 5750 32: 5250 33: 5500 34: 5250 35: 4250 36: 4500 37: 3250 38: 3250 39: 3000 40: 2750 41: 2250 42:  500   [mono-viol x2]
  P4  30: 5000 31: 4500 32: 3750 33: 3750 34: 3750 35: 4000 36: 3000 37: 2250 38: 2250 39: 2250 40: 2250 41: 1500 42: 1000   [mono-viol x1]
  P5  30: 5500 31: 5250 32: 4500 33: 4500 34: 4500 35: 4750 36: 3250 37: 3000 38: 3000 39: 3000 40: 3000 41: 2000 42: 1500   [mono-viol x1]
  P6  30: 9750 31:10000 32: 9750 33: 9750 34: 9500 35: 9250 36: 9250 37: 8750 38: 8750 39: 8500 40: 8250 41: 7750 42: 4500   [mono-viol x1]
  DT  30: 6000 31: 6000 32: 5500 33: 5500 34: 5500 35: 5000 36: 5000 37: 4000 38: 4000 39: 4000 40: 3750 41: 3250 42: 2250
  NT  30: 9500 31: 8500 32: 7750 33: 7750 34: 8000 35: 7500 36: 8250 37: 7000 38: 7000 39: 7000 40: 6750 41: 6250 42: 4750   [mono-viol x2]
  (26.115s)

hand 97: [10 11 21 30 32 53 65]
  P0  30: 6500 31: 6250 32: 6250 33: 6250 34: 5750 35: 6000 36: 5000 37: 4500 38: 4500 39: 4250 40: 4000 41: 2750 42:  750   [mono-viol x1]
  P1  30: 9250 31: 9000 32: 9250 33: 9250 34: 9250 35: 8750 36: 7500 37: 7250 38: 7250 39: 7250 40: 7000 41: 6000 42: 3750   [mono-viol x1]
  P2  30: 7500 31: 7500 32: 7250 33: 7000 34: 7000 35: 6000 36: 6750 37: 6000 38: 5750 39: 5750 40: 5250 41: 3250 42: 1500   [mono-viol x1]
  P3  30: 9750 31: 9500 32: 9500 33: 9500 34: 9250 35: 9250 36: 8750 37: 8750 38: 8750 39: 8250 40: 7250 41: 5250 42: 2250
  P4  30: 4250 31: 3750 32: 3500 33: 3500 34: 3250 35: 3250 36: 2500 37: 2500 38: 2500 39: 2250 40: 2250 41: 2250 42:  500
  P5  30: 7250 31: 4500 32: 2500 33: 2500 34: 2500 35: 2500 36: 2250 37: 2000 38: 2000 39: 2000 40: 2000 41: 2000 42: 1750
  P6  30: 5750 31: 5000 32: 4500 33: 4500 34: 4500 35: 4250 36: 4000 37: 4000 38: 4000 39: 3750 40: 3000 41: 2250 42:  750
  DT  30: 4500 31: 3250 32: 3000 33: 3250 34: 3000 35: 2500 36: 2250 37: 2750 38: 2750 39: 2750 40: 1500 41: 1250 42:  500   [mono-viol x2]
  NT  30: 9000 31: 8750 32: 8250 33: 8250 34: 8250 35: 7750 36: 7750 37: 8250 38: 8250 39: 8000 40: 7250 41: 6250 42: 4750   [mono-viol x1]
  (36.565s)

hand 98: [11 20 31 44 50 51 61]
  P0  30: 8750 31: 8000 32: 8000 33: 8000 34: 7750 35: 7000 36: 7000 37: 6750 38: 6750 39: 6000 40: 5000 41: 4000 42: 1750
  P1  30:10000 31:10000 32:10000 33:10000 34:10000 35:10000 36:10000 37:10000 38:10000 39:10000 40:10000 41:10000 42: 9250
  P2  30: 5500 31: 5000 32: 5250 33: 5250 34: 4750 35: 4000 36: 3500 37: 3750 38: 3750 39: 3500 40: 2750 41: 1750 42:  500   [mono-viol x2]
  P3  30: 7500 31: 7500 32: 7000 33: 7000 34: 6750 35: 5750 36: 4750 37: 4000 38: 4000 39: 4000 40: 2750 41: 1750 42:  750
  P4  30: 4500 31: 4250 32: 4000 33: 4000 34: 3750 35: 3250 36: 3500 37: 3000 38: 3000 39: 3000 40: 3000 41: 2500 42: 1250   [mono-viol x1]
  P5  30: 5750 31: 5250 32: 4250 33: 4250 34: 4250 35: 4250 36: 3500 37: 3750 38: 3750 39: 3750 40: 3250 41: 2500 42: 1250   [mono-viol x1]
  P6  30: 6750 31: 5750 32: 5500 33: 5500 34: 5500 35: 5750 36: 4750 37: 4500 38: 4500 39: 4250 40: 3750 41: 1750 42:  750   [mono-viol x1]
  DT  30: 5000 31: 4500 32: 4500 33: 4500 34: 4500 35: 4000 36: 3250 37: 3250 38: 3250 39: 3250 40: 2000 41: 1250 42:  500
  NT  30: 8250 31: 8250 32: 7750 33: 8000 34: 7500 35: 7000 36: 6750 37: 6000 38: 6000 39: 6000 40: 5000 41: 4500 42: 2500   [mono-viol x1]
  (26.714s)

hand 99: [20 21 33 50 51 64 65]
  P0  30: 7000 31: 7250 32: 6750 33: 7000 34: 6500 35: 6750 36: 5500 37: 5750 38: 5750 39: 6000 40: 4250 41: 2250 42: 1250   [mono-viol x5]
  P1  30: 6250 31: 6000 32: 6000 33: 6000 34: 5500 35: 4500 36: 3500 37: 4250 38: 4250 39: 4250 40: 4250 41: 3000 42: 1750   [mono-viol x1]
  P2  30: 5750 31: 5000 32: 5000 33: 5000 34: 4750 35: 4250 36: 3750 37: 3000 38: 3000 39: 3000 40: 2750 41: 1750 42: 1000
  P3  30: 6000 31: 5250 32: 5250 33: 5500 34: 5250 35: 5000 36: 4250 37: 4750 38: 4750 39: 4750 40: 4750 41: 3250 42: 2250   [mono-viol x2]
  P4  30: 7750 31: 7000 32: 7000 33: 7000 34: 6250 35: 6000 36: 5750 37: 5750 38: 5750 39: 5250 40: 4000 41: 2500 42: 1750
  P5  30: 8000 31: 7000 32: 3500 33: 3500 34: 3500 35: 3500 36: 3250 37: 3500 38: 3500 39: 3500 40: 3250 41: 3500 42: 2500   [mono-viol x2]
  P6  30: 9500 31: 9250 32: 9000 33: 9000 34: 9250 35: 9000 36: 7750 37: 7500 38: 7500 39: 7750 40: 6750 41: 4500 42: 1500   [mono-viol x2]
  DT  30: 6000 31: 5000 32: 4750 33: 4500 34: 4250 35: 4000 36: 3750 37: 3750 38: 3750 39: 3250 40: 3250 41: 2000 42: 1000
  NT  30: 7500 31: 7500 32: 6500 33: 6500 34: 6750 35: 6500 36: 6250 37: 5250 38: 5250 39: 5500 40: 5250 41: 5250 42: 4000   [mono-viol x2]
  (26.509s)

hand 100: [00 10 22 40 42 54 61]
  P0  30: 9500 31: 9250 32: 9000 33: 9000 34: 8750 35: 8250 36: 8500 37: 6750 38: 6750 39: 6750 40: 7000 41: 6250 42: 3500   [mono-viol x2]
  P1  30: 9000 31: 7750 32: 7750 33: 7500 34: 7750 35: 6750 36: 5750 37: 4500 38: 4500 39: 4500 40: 4250 41: 4000 42:  750   [mono-viol x1]
  P2  30: 9000 31: 8000 32: 7500 33: 7750 34: 7750 35: 7750 36: 6000 37: 5500 38: 5500 39: 5500 40: 5250 41: 3000 42: 1500   [mono-viol x1]
  P3  30: 4750 31: 4500 32: 4250 33: 4250 34: 3750 35: 3750 36: 2500 37: 2500 38: 2500 39: 2000 40: 2000 41: 1750 42:  250
  P4  30: 8250 31: 7500 32: 6000 33: 6000 34: 6000 35: 5750 36: 6000 37: 5250 38: 5250 39: 5250 40: 5000 41: 4750 42: 2500   [mono-viol x1]
  P5  30: 6000 31: 4500 32: 3750 33: 3750 34: 3750 35: 3500 36: 3500 37: 3250 38: 3250 39: 3250 40: 3250 41: 2750 42: 2250
  P6  30: 5500 31: 5500 32: 5000 33: 5000 34: 5000 35: 4250 36: 3500 37: 3500 38: 3500 39: 3500 40: 3250 41: 2250 42: 1000
  DT  30: 5000 31: 4250 32: 4250 33: 4250 34: 4250 35: 3250 36: 2750 37: 2500 38: 2500 39: 2500 40: 2250 41: 1000 42:  500
  NT  30: 8250 31: 7750 32: 7250 33: 7250 34: 7250 35: 6750 36: 6250 37: 6750 38: 6750 39: 6750 40: 6500 41: 6250 42: 4250   [mono-viol x1]
  (39.649s)

hand 101: [40 44 53 54 55 61 65]
  P0  30: 6750 31: 6750 32: 6750 33: 6250 34: 5000 35: 4500 36: 3250 37: 3000 38: 3000 39: 3000 40: 2500 41: 1500 42:  500
  P1  30: 7500 31: 7000 32: 6750 33: 6750 34: 6750 35: 6000 36: 5000 37: 4750 38: 4750 39: 4750 40: 4000 41: 4000 42: 1500
  P2  30: 6750 31: 6500 32: 6750 33: 6500 34: 6500 35: 5000 36: 5750 37: 5750 38: 5750 39: 4750 40: 3000 41: 2250 42:  750   [mono-viol x2]
  P3  30: 9250 31: 9500 32: 8750 33: 8750 34: 8750 35: 7750 36: 8000 37: 8000 38: 8000 39: 8000 40: 7500 41: 4500 42: 1000   [mono-viol x2]
  P4  30:10000 31:10000 32:10000 33:10000 34:10000 35:10000 36:10000 37:10000 38:10000 39:10000 40:10000 41: 9500 42: 8500
  P5  30:10000 31:10000 32:10000 33:10000 34:10000 35:10000 36:10000 37:10000 38:10000 39:10000 40:10000 41:10000 42: 9250
  P6  30:10000 31: 9750 32: 9750 33: 9750 34: 9750 35: 9500 36: 9000 37: 9250 38: 9250 39: 9000 40: 9000 41: 7500 42: 5000   [mono-viol x1]
  DT  30:10000 31: 9750 32: 9750 33: 9750 34: 9750 35: 9750 36: 9000 37: 8250 38: 8250 39: 8250 40: 8500 41: 6250 42: 2750   [mono-viol x1]
  NT  30:10000 31:10000 32:10000 33:10000 34:10000 35:10000 36:10000 37:10000 38:10000 39:10000 40: 9750 41: 9750 42: 9250
  (35.859s)

hand 102: [30 40 42 44 52 53 66]
  P0  30: 7750 31: 6750 32: 6750 33: 6750 34: 6500 35: 6500 36: 6000 37: 6000 38: 6000 39: 6000 40: 5250 41: 4250 42: 2250
  P1  30: 4750 31: 4750 32: 4250 33: 4250 34: 3250 35: 2250 36: 2250 37: 2500 38: 2500 39: 2500 40: 2000 41: 1500 42:  500   [mono-viol x1]
  P2  30: 8750 31: 9250 32: 9250 33: 9000 34: 9000 35: 7750 36: 7750 37: 7000 38: 7000 39: 6500 40: 6000 41: 3750 42: 1500   [mono-viol x1]
  P3  30: 9000 31: 8250 32: 8250 33: 8250 34: 8250 35: 7250 36: 6000 37: 5750 38: 5750 39: 5750 40: 6000 41: 4250 42: 1750   [mono-viol x1]
  P4  30: 9250 31: 9250 32: 9250 33: 9250 34: 9250 35: 9250 36: 7000 37: 6500 38: 6500 39: 6500 40: 6500 41: 6750 42: 4750   [mono-viol x1]
  P5  30: 7750 31: 6250 32: 4500 33: 4500 34: 4500 35: 4500 36: 4250 37: 4250 38: 4250 39: 4250 40: 4250 41: 3250 42: 2000
  P6  30: 9000 31: 7500 32: 8000 33: 7750 34: 7500 35: 7000 36: 6750 37: 7500 38: 7500 39: 7500 40: 6000 41: 4750 42: 1750   [mono-viol x2]
  DT  30: 8750 31: 8000 32: 8000 33: 7750 34: 7500 35: 7000 36: 6000 37: 5250 38: 5250 39: 5250 40: 4750 41: 3250 42: 1500
  NT  30: 9250 31: 9000 32: 8750 33: 8750 34: 8750 35: 8500 36: 8250 37: 7750 38: 7750 39: 7750 40: 7000 41: 6750 42: 5000
  (34.686s)

hand 103: [00 31 41 44 54 62 64]
  P0  30: 5750 31: 5250 32: 5750 33: 5750 34: 5500 35: 4500 36: 3750 37: 3000 38: 3000 39: 2750 40: 2750 41: 2250 42: 1250   [mono-viol x1]
  P1  30: 7500 31: 6750 32: 7000 33: 7000 34: 7250 35: 6000 36: 5500 37: 6000 38: 5750 39: 5500 40: 5000 41: 1750 42:  750   [mono-viol x3]
  P2  30: 5750 31: 5000 32: 5000 33: 4750 34: 4500 35: 4500 36: 4500 37: 4250 38: 4250 39: 4000 40: 4250 41: 3000 42: 1750   [mono-viol x1]
  P3  30: 7000 31: 6000 32: 6000 33: 6000 34: 6000 35: 5250 36: 5250 37: 4500 38: 4500 39: 4500 40: 4500 41: 4250 42: 2250
  P4  30:10000 31:10000 32:10000 33:10000 34:10000 35:10000 36:10000 37:10000 38:10000 39:10000 40:10000 41:10000 42: 9750
  P5  30: 5000 31: 4500 32: 3000 33: 3000 34: 3000 35: 2750 36: 2500 37: 2750 38: 2750 39: 2750 40: 2750 41: 2000 42: 2250   [mono-viol x2]
  P6  30: 9500 31: 9000 32: 9250 33: 9250 34: 9000 35: 8000 36: 7750 37: 7000 38: 7000 39: 7000 40: 6250 41: 4750 42: 3000   [mono-viol x1]
  DT  30: 5750 31: 4500 32: 4500 33: 4500 34: 4750 35: 4500 36: 4500 37: 4250 38: 4250 39: 4250 40: 4000 41: 3500 42: 1750   [mono-viol x1]
  NT  30: 9500 31: 9500 32: 9500 33: 9500 34: 9500 35: 9250 36: 9000 37: 8750 38: 8750 39: 8750 40: 8750 41: 7500 42: 6000
  (31.692s)

hand 104: [44 52 53 60 62 63 66]
  P0  30: 5750 31: 5250 32: 5250 33: 5250 34: 4750 35: 4250 36: 3750 37: 3250 38: 3250 39: 3250 40: 3000 41: 2000 42: 1500
  P1  30: 5000 31: 4750 32: 4500 33: 4500 34: 3500 35: 4000 36: 2750 37: 2750 38: 2750 39: 3000 40: 2000 41: 1250 42:  500   [mono-viol x2]
  P2  30: 9750 31: 9750 32: 9250 33: 9250 34: 9500 35: 9500 36: 9000 37: 8250 38: 8250 39: 8250 40: 8000 41: 6750 42: 3500   [mono-viol x1]
  P3  30: 9750 31: 9500 32: 9250 33: 9500 34: 9500 35: 8500 36: 8000 37: 7750 38: 7750 39: 7750 40: 8000 41: 5750 42: 2000   [mono-viol x2]
  P4  30: 7250 31: 7000 32: 6750 33: 6750 34: 6750 35: 5750 36: 5000 37: 4750 38: 4750 39: 4750 40: 4750 41: 4000 42: 2250
  P5  30: 7500 31: 5250 32: 3750 33: 3750 34: 3750 35: 3750 36: 3750 37: 4000 38: 4000 39: 3750 40: 3500 41: 3250 42: 1500   [mono-viol x1]
  P6  30:10000 31:10000 32: 9000 33: 9000 34: 9000 35: 8750 36: 8500 37: 8250 38: 8250 39: 8250 40: 8250 41: 7000 42: 4750
  DT  30: 8750 31: 7750 32: 7750 33: 7750 34: 7750 35: 8000 36: 6500 37: 5500 38: 5500 39: 5250 40: 5250 41: 4250 42: 1500   [mono-viol x1]
  NT  30: 9250 31: 8750 32: 8250 33: 8250 34: 8000 35: 7500 36: 7000 37: 7750 38: 7750 39: 7500 40: 6750 41: 5500 42: 5500   [mono-viol x1]
  (44.546s)

hand 105: [11 20 33 42 53 64 66]
  P0  30: 5500 31: 5250 32: 5500 33: 5500 34: 5750 35: 4250 36: 3750 37: 4000 38: 4000 39: 4000 40: 3500 41: 3000 42: 1000   [mono-viol x3]
  P1  30: 8000 31: 7750 32: 7750 33: 7750 34: 7250 35: 6750 36: 6250 37: 5750 38: 5750 39: 5750 40: 5500 41: 4750 42: 2000
  P2  30: 8500 31: 7500 32: 7500 33: 7500 34: 7500 35: 6250 36: 5750 37: 5500 38: 5500 39: 5500 40: 5500 41: 3000 42: 1750
  P3  30: 9750 31:10000 32: 9500 33: 9500 34: 9500 35: 9750 36: 9250 37: 9000 38: 9000 39: 8750 40: 8250 41: 8000 42: 5250   [mono-viol x2]
  P4  30: 9750 31: 9000 32: 9250 33: 9250 34: 9500 35: 8750 36: 8750 37: 8000 38: 8000 39: 8000 40: 7500 41: 6750 42: 2750   [mono-viol x2]
  P5  30: 6250 31: 5250 32: 3250 33: 3250 34: 3250 35: 3000 36: 3250 37: 3250 38: 3250 39: 3250 40: 2750 41: 2500 42: 1250   [mono-viol x1]
  P6  30:10000 31: 9750 32: 9750 33: 9750 34: 9750 35: 9750 36: 9500 37: 9000 38: 9000 39: 9000 40: 9000 41: 8250 42: 5500
  DT  30: 9750 31: 9500 32: 9500 33: 9500 34: 9750 35: 9000 36: 7500 37: 6750 38: 6750 39: 6750 40: 6250 41: 6000 42: 4000   [mono-viol x1]
  NT  30:10000 31: 9750 32: 9500 33: 9500 34: 9500 35: 9750 36: 9250 37: 9500 38: 9500 39: 9750 40: 9750 41: 8750 42: 7750   [mono-viol x3]
  (31.657s)

hand 106: [22 31 32 33 51 52 54]
  P0  30: 5500 31: 5000 32: 5250 33: 4750 34: 4750 35: 3750 36: 3500 37: 3250 38: 3250 39: 3250 40: 3250 41: 2000 42:  500   [mono-viol x1]
  P1  30: 8250 31: 8250 32: 7250 33: 7000 34: 6500 35: 6000 36: 6250 37: 5250 38: 5250 39: 5000 40: 5250 41: 3250 42: 2000   [mono-viol x2]
  P2  30:10000 31:10000 32:10000 33:10000 34:10000 35:10000 36:10000 37: 9500 38: 9500 39: 9500 40: 9250 41: 9000 42: 5250
  P3  30: 8750 31: 8500 32: 8000 33: 8000 34: 7750 35: 7500 36: 7250 37: 7000 38: 7000 39: 7000 40: 7500 41: 5750 42: 3750   [mono-viol x1]
  P4  30: 6000 31: 4500 32: 4500 33: 4250 34: 4250 35: 4000 36: 3500 37: 3250 38: 3250 39: 3000 40: 2750 41: 2250 42: 1000
  P5  30: 7750 31: 6000 32: 3000 33: 3000 34: 3000 35: 3000 36: 3000 37: 3000 38: 3000 39: 3000 40: 3000 41: 3000 42: 3000
  P6  30: 6500 31: 6250 32: 5750 33: 5750 34: 5750 35: 5500 36: 4750 37: 4750 38: 4750 39: 4750 40: 4750 41: 2250 42:  750
  DT  30: 6000 31: 4500 32: 4500 33: 4500 34: 4250 35: 3500 36: 2750 37: 3250 38: 3250 39: 3250 40: 3250 41: 1500 42:  500   [mono-viol x1]
  NT  30: 8250 31: 7250 32: 7500 33: 7500 34: 7500 35: 7000 36: 6250 37: 5750 38: 5750 39: 5750 40: 5750 41: 5750 42: 4500   [mono-viol x1]
  (36.281s)

hand 107: [22 31 32 52 54 61 65]
  P0  30: 5250 31: 4500 32: 4250 33: 4000 34: 4000 35: 3750 36: 3500 37: 3750 38: 3750 39: 3500 40: 3000 41: 2250 42:  500   [mono-viol x1]
  P1  30: 7250 31: 7250 32: 7000 33: 7000 34: 7250 35: 6000 36: 5750 37: 3750 38: 3750 39: 3750 40: 3500 41: 2750 42: 1250   [mono-viol x1]
  P2  30:10000 31: 9250 32: 9250 33: 9250 34: 9250 35: 9000 36: 8500 37: 8500 38: 8500 39: 8250 40: 8250 41: 7500 42: 5500
  P3  30: 6500 31: 5250 32: 4750 33: 4750 34: 4750 35: 4250 36: 3750 37: 4250 38: 4250 39: 3750 40: 3000 41: 2000 42: 1000   [mono-viol x1]
  P4  30: 3250 31: 3000 32: 3250 33: 3250 34: 3500 35: 3250 36: 3000 37: 2250 38: 2250 39: 2250 40: 1500 41: 1000 42:  500   [mono-viol x2]
  P5  30: 8250 31: 6750 32: 3250 33: 3250 34: 3250 35: 3250 36: 3250 37: 3250 38: 3250 39: 3250 40: 3250 41: 3250 42: 3250
  P6  30: 7250 31: 7750 32: 7000 33: 6750 34: 6250 35: 6000 36: 5250 37: 5250 38: 5250 39: 5000 40: 4250 41: 3000 42: 1500   [mono-viol x1]
  DT  30: 5000 31: 4750 32: 4500 33: 4500 34: 4250 35: 3750 36: 3250 37: 3250 38: 3250 39: 3250 40: 3000 41: 2250 42:  750
  NT  30: 7500 31: 7000 32: 7000 33: 7000 34: 6250 35: 5750 36: 5500 37: 5250 38: 5250 39: 5250 40: 5500 41: 4750 42: 3000   [mono-viol x1]
  (31.907s)

hand 108: [11 20 33 41 51 53 63]
  P0  30: 4500 31: 5250 32: 4750 33: 4500 34: 4250 35: 3500 36: 3250 37: 3750 38: 3750 39: 3500 40: 3000 41: 1250 42:    0   [mono-viol x2]
  P1  30:10000 31: 9500 32: 9500 33: 9250 34: 9500 35: 9750 36: 9500 37: 9500 38: 9500 39: 9500 40: 9250 41: 8750 42: 6500   [mono-viol x2]
  P2  30: 5500 31: 5500 32: 5250 33: 5250 34: 4500 35: 3500 36: 3750 37: 2500 38: 2500 39: 2750 40: 2750 41: 2000 42:  250   [mono-viol x2]
  P3  30: 9750 31:10000 32: 9750 33: 9750 34: 9750 35: 9750 36: 9750 37: 9500 38: 9500 39: 9750 40: 9750 41: 9000 42: 7500   [mono-viol x2]
  P4  30: 4250 31: 3750 32: 3500 33: 3500 34: 3250 35: 3500 36: 2750 37: 2250 38: 2250 39: 2250 40: 2000 41: 2000 42:  750   [mono-viol x1]
  P5  30: 6750 31: 4500 32: 3000 33: 3000 34: 3000 35: 3000 36: 2750 37: 3000 38: 3000 39: 3000 40: 2500 41: 2000 42: 1000   [mono-viol x1]
  P6  30: 5750 31: 5250 32: 5000 33: 5000 34: 4750 35: 4750 36: 3500 37: 3750 38: 3750 39: 3750 40: 3500 41: 2250 42: 1250   [mono-viol x1]
  DT  30: 4250 31: 3500 32: 3250 33: 3500 34: 3000 35: 3250 36: 2250 37: 2000 38: 2000 39: 1750 40: 1750 41: 2000 42:  500   [mono-viol x3]
  NT  30: 8750 31: 8250 32: 7500 33: 7500 34: 7750 35: 7500 36: 7250 37: 6750 38: 6750 39: 6750 40: 6750 41: 5500 42: 4000   [mono-viol x1]
  (28.103s)

hand 109: [00 10 32 43 55 64 65]
  P0  30: 8250 31: 8000 32: 8000 33: 8000 34: 7750 35: 6750 36: 5000 37: 5000 38: 5000 39: 5000 40: 4500 41: 3500 42: 2000
  P1  30: 7000 31: 7250 32: 7000 33: 7000 34: 6750 35: 5750 36: 4000 37: 4000 38: 4000 39: 4250 40: 4500 41: 3500 42: 1250   [mono-viol x3]
  P2  30: 5750 31: 6000 32: 5750 33: 5750 34: 5250 35: 4500 36: 3750 37: 3500 38: 3500 39: 3750 40: 3000 41: 2250 42: 2000   [mono-viol x2]
  P3  30: 9250 31: 9250 32: 9250 33: 9250 34: 9500 35: 9500 36: 8250 37: 8500 38: 8500 39: 7750 40: 7500 41: 4500 42: 1000   [mono-viol x2]
  P4  30: 9000 31: 9000 32: 9250 33: 9250 34: 9000 35: 8750 36: 7750 37: 7000 38: 7000 39: 7250 40: 8500 41: 4750 42: 2250   [mono-viol x3]
  P5  30: 9750 31:10000 32: 9500 33: 9500 34: 9500 35: 9250 36: 9250 37: 9000 38: 9000 39: 9000 40: 8500 41: 8500 42: 5500   [mono-viol x1]
  P6  30:10000 31:10000 32:10000 33:10000 34: 9750 35: 9500 36: 8500 37: 8500 38: 8500 39: 8500 40: 8500 41: 7500 42: 3250
  DT  30: 9750 31:10000 32: 9500 33: 9500 34: 9500 35: 9500 36: 9500 37: 9250 38: 9250 39: 8750 40: 8000 41: 5250 42: 2250   [mono-viol x1]
  NT  30:10000 31: 9750 32: 9750 33: 9750 34: 9750 35: 9750 36: 9750 37: 9000 38: 9000 39: 9000 40: 8500 41: 8500 42: 6750
  (26.856s)

hand 110: [21 22 30 41 43 54 66]
  P0  30: 6250 31: 6500 32: 7000 33: 7000 34: 5750 35: 5000 36: 4750 37: 5000 38: 5000 39: 5000 40: 4250 41: 3000 42: 1250   [mono-viol x3]
  P1  30: 8000 31: 7500 32: 7500 33: 7250 34: 7250 35: 6000 36: 5750 37: 5750 38: 5500 39: 5500 40: 5250 41: 4250 42: 2500
  P2  30: 8500 31: 8500 32: 8250 33: 8250 34: 8250 35: 7500 36: 7000 37: 6750 38: 6750 39: 6750 40: 6250 41: 4500 42: 2500
  P3  30: 7000 31: 7250 32: 7250 33: 7250 34: 6750 35: 4500 36: 4250 37: 4250 38: 4250 39: 4500 40: 4250 41: 2500 42:  750   [mono-viol x2]
  P4  30: 8500 31: 6750 32: 6250 33: 6250 34: 6250 35: 6250 36: 5750 37: 5500 38: 5500 39: 5500 40: 5750 41: 5250 42: 2500   [mono-viol x1]
  P5  30: 5000 31: 4000 32: 3250 33: 3250 34: 3000 35: 3000 36: 3000 37: 2750 38: 2750 39: 2750 40: 2750 41: 2000 42: 1000
  P6  30: 8000 31: 7750 32: 6750 33: 6750 34: 7000 35: 7250 36: 5750 37: 5500 38: 5500 39: 5500 40: 4750 41: 3500 42: 2750   [mono-viol x2]
  DT  30: 8000 31: 7000 32: 7000 33: 7000 34: 6500 35: 7000 36: 5000 37: 5000 38: 5000 39: 4750 40: 4000 41: 3000 42: 1500   [mono-viol x1]
  NT  30: 9000 31: 9000 32: 9000 33: 9000 34: 8500 35: 8750 36: 7750 37: 7750 38: 7750 39: 7750 40: 7500 41: 6750 42: 4750   [mono-viol x1]
  (32.416s)

hand 111: [21 31 32 44 54 64 66]
  P0  30: 5500 31: 5750 32: 6000 33: 5750 34: 5000 35: 4250 36: 3250 37: 3250 38: 3250 39: 3250 40: 2750 41: 1750 42:  750   [mono-viol x2]
  P1  30: 7750 31: 7250 32: 7500 33: 7250 34: 7000 35: 6500 36: 4500 37: 4000 38: 4000 39: 4000 40: 4000 41: 3000 42: 1250   [mono-viol x1]
  P2  30: 8250 31: 8000 32: 7500 33: 7250 34: 7750 35: 6250 36: 6750 37: 5750 38: 5750 39: 5250 40: 5000 41: 3750 42: 1750   [mono-viol x2]
  P3  30: 8500 31: 9000 32: 8500 33: 8500 34: 8250 35: 7500 36: 6500 37: 6500 38: 6500 39: 6250 40: 6000 41: 4000 42: 1500   [mono-viol x1]
  P4  30:10000 31:10000 32:10000 33:10000 34:10000 35:10000 36:10000 37:10000 38:10000 39:10000 40:10000 41: 9500 42: 7500
  P5  30: 5750 31: 4000 32: 2250 33: 2250 34: 2250 35: 2250 36: 2250 37: 2000 38: 2000 39: 2000 40: 2250 41: 1500 42:  750   [mono-viol x1]
  P6  30: 9500 31: 9750 32: 9750 33: 9750 34: 9750 35: 9000 36: 8000 37: 7500 38: 7500 39: 7500 40: 8250 41: 6750 42: 3750   [mono-viol x2]
  DT  30: 8500 31: 8250 32: 8500 33: 8500 34: 8500 35: 7000 36: 6000 37: 4750 38: 4750 39: 4750 40: 5000 41: 4250 42: 2250   [mono-viol x2]
  NT  30: 9500 31: 8750 32: 9000 33: 9000 34: 9000 35: 8500 36: 7750 37: 8000 38: 8000 39: 8000 40: 7750 41: 6750 42: 5250   [mono-viol x2]
  (34.950s)

hand 112: [11 30 33 44 50 54 63]
  P0  30: 9250 31: 8750 32: 8500 33: 8500 34: 8750 35: 8250 36: 8000 37: 8000 38: 8000 39: 8000 40: 7250 41: 5250 42: 1500   [mono-viol x1]
  P1  30: 7000 31: 6000 32: 6250 33: 6250 34: 6000 35: 5750 36: 5500 37: 4250 38: 4250 39: 4000 40: 3750 41: 2000 42: 1250   [mono-viol x1]
  P2  30: 7000 31: 7000 32: 7000 33: 7250 34: 6500 35: 5000 36: 4000 37: 4500 38: 4500 39: 4000 40: 3500 41: 2500 42:  250   [mono-viol x2]
  P3  30: 9750 31: 9750 32: 9500 33: 9500 34: 9500 35: 9250 36: 9000 37: 9250 38: 9250 39: 9000 40: 9000 41: 9000 42: 7250   [mono-viol x1]
  P4  30: 9500 31: 9500 32: 9250 33: 9250 34: 9250 35: 9000 36: 8500 37: 8000 38: 8000 39: 8000 40: 8250 41: 8000 42: 4750   [mono-viol x1]
  P5  30: 8000 31: 6000 32: 2500 33: 2500 34: 2500 35: 2500 36: 2500 37: 2500 38: 2500 39: 2500 40: 2500 41: 2000 42: 1500
  P6  30: 8500 31: 7750 32: 6750 33: 6750 34: 7000 35: 6500 36: 6250 37: 6250 38: 6250 39: 6250 40: 5500 41: 5000 42: 1750   [mono-viol x1]
  DT  30: 9000 31: 6250 32: 5000 33: 5000 34: 5000 35: 5000 36: 4750 37: 4750 38: 4750 39: 4750 40: 4750 41: 3750 42: 2000
  NT  30:10000 31: 9500 32: 9250 33: 9250 34: 9250 35: 9250 36: 9500 37: 9250 38: 9250 39: 9250 40: 9000 41: 8500 42: 7500   [mono-viol x1]
  (40.338s)

hand 113: [22 30 41 42 50 60 63]
  P0  30: 9750 31: 8750 32: 9000 33: 9000 34: 9000 35: 8750 36: 8000 37: 7000 38: 7000 39: 7000 40: 6500 41: 5500 42: 1250   [mono-viol x1]
  P1  30: 4000 31: 3000 32: 3250 33: 3250 34: 3250 35: 2000 36: 2250 37: 1750 38: 1750 39: 1750 40: 1250 41: 1000 42:  750   [mono-viol x2]
  P2  30: 6750 31: 6250 32: 6250 33: 6250 34: 5250 35: 5000 36: 4000 37: 4000 38: 4000 39: 4000 40: 4000 41: 2750 42:  750
  P3  30: 5250 31: 5000 32: 5000 33: 5250 34: 5000 35: 3750 36: 3250 37: 3000 38: 3000 39: 3000 40: 3500 41: 2250 42:  750   [mono-viol x2]
  P4  30: 6250 31: 5250 32: 5000 33: 5000 34: 5000 35: 4500 36: 4500 37: 4250 38: 4250 39: 4250 40: 4250 41: 2750 42:  500
  P5  30: 4250 31: 3500 32: 3250 33: 3250 34: 3000 35: 2000 36: 2250 37: 1750 38: 1750 39: 1500 40: 1500 41: 1250 42:  750   [mono-viol x1]
  P6  30: 6250 31: 5500 32: 5250 33: 5250 34: 5500 35: 4750 36: 3500 37: 3000 38: 3000 39: 2750 40: 2750 41: 1500 42:  500   [mono-viol x1]
  DT  30: 4000 31: 3000 32: 3000 33: 3000 34: 2750 35: 2000 36: 1750 37: 2000 38: 2000 39: 2000 40: 1750 41: 1250 42:  500   [mono-viol x1]
  NT  30: 7750 31: 8000 32: 6250 33: 6250 34: 5750 35: 6000 36: 3750 37: 3750 38: 3750 39: 3750 40: 4000 41: 2250 42: 1000   [mono-viol x3]
  (22.170s)

hand 114: [31 32 33 40 42 50 65]
  P0  30: 8500 31: 7750 32: 7750 33: 7750 34: 6750 35: 6250 36: 6500 37: 6250 38: 6250 39: 6500 40: 5000 41: 3250 42: 1000   [mono-viol x2]
  P1  30: 4250 31: 3750 32: 4000 33: 4000 34: 4000 35: 3750 36: 2750 37: 2750 38: 2750 39: 2750 40: 2750 41: 2250 42: 1000   [mono-viol x1]
  P2  30: 7000 31: 6000 32: 6250 33: 6250 34: 5750 35: 5250 36: 4250 37: 4250 38: 4250 39: 4250 40: 4500 41: 2500 42:  750   [mono-viol x2]
  P3  30: 9750 31: 9750 32: 9500 33: 9250 34: 9000 35: 8500 36: 7500 37: 7000 38: 7000 39: 6750 40: 6000 41: 5250 42: 3500
  P4  30: 4750 31: 3500 32: 3250 33: 3250 34: 3000 35: 3250 36: 2750 37: 2750 38: 2750 39: 2750 40: 2500 41: 2000 42: 1000   [mono-viol x1]
  P5  30: 6000 31: 5500 32: 2750 33: 2750 34: 2750 35: 2750 36: 2750 37: 2750 38: 2750 39: 2750 40: 2750 41: 2250 42: 1500
  P6  30: 6250 31: 5500 32: 5250 33: 5250 34: 5500 35: 4750 36: 3750 37: 3750 38: 3750 39: 3500 40: 3000 41: 2000 42: 1250   [mono-viol x1]
  DT  30: 3500 31: 3500 32: 3250 33: 3250 34: 3000 35: 2000 36: 1500 37: 1750 38: 1750 39: 1750 40: 1500 41: 1000 42:  250   [mono-viol x1]
  NT  30: 6250 31: 6000 32: 6500 33: 6250 34: 5750 35: 5250 36: 4500 37: 4250 38: 4250 39: 4250 40: 4500 41: 3750 42: 3000   [mono-viol x2]
  (27.430s)

hand 115: [20 42 43 44 50 60 61]
  P0  30: 9500 31: 9500 32: 9250 33: 9000 34: 8500 35: 7500 36: 6750 37: 7000 38: 6750 39: 6750 40: 6000 41: 5000 42: 2250   [mono-viol x1]
  P1  30: 6000 31: 5750 32: 5750 33: 5750 34: 5250 35: 5500 36: 3500 37: 3500 38: 3500 39: 3500 40: 3000 41: 2250 42: 1000   [mono-viol x1]
  P2  30: 6500 31: 6000 32: 6000 33: 5750 34: 5000 35: 4750 36: 5000 37: 4000 38: 4000 39: 4000 40: 2750 41: 2000 42: 1000   [mono-viol x1]
  P3  30: 6000 31: 5750 32: 5500 33: 5250 34: 5500 35: 5000 36: 3500 37: 3000 38: 3000 39: 2750 40: 2250 41: 2000 42:  500   [mono-viol x1]
  P4  30: 9250 31: 9000 32: 8500 33: 8500 34: 9000 35: 7750 36: 7250 37: 6250 38: 6250 39: 5750 40: 5500 41: 4500 42: 2500   [mono-viol x1]
  P5  30: 5000 31: 3500 32: 3000 33: 3000 34: 3000 35: 3000 36: 2750 37: 3000 38: 3000 39: 3000 40: 2500 41: 1500 42:  750   [mono-viol x1]
  P6  30: 5500 31: 5500 32: 5750 33: 5750 34: 5500 35: 4750 36: 4750 37: 5250 38: 5250 39: 5000 40: 3750 41: 2750 42: 1500   [mono-viol x2]
  DT  30: 3750 31: 3000 32: 3000 33: 3000 34: 2750 35: 2750 36: 2000 37: 1750 38: 1750 39: 1750 40: 1750 41: 1000 42:  250
  NT  30: 7250 31: 6000 32: 6250 33: 6000 34: 5250 35: 5000 36: 5500 37: 5500 38: 5500 39: 5500 40: 4000 41: 3500 42: 2500   [mono-viol x2]
  (25.825s)

hand 116: [00 22 40 44 50 60 63]
  P0  30:10000 31:10000 32:10000 33:10000 34:10000 35:10000 36:10000 37:10000 38:10000 39:10000 40:10000 41:10000 42: 8000
  P1  30: 6000 31: 5250 32: 4750 33: 4750 34: 4250 35: 3500 36: 3500 37: 3250 38: 3250 39: 3250 40: 2000 41: 1750 42:  250
  P2  30: 7250 31: 6750 32: 6750 33: 6750 34: 6500 35: 6000 36: 5250 37: 5500 38: 5500 39: 5500 40: 5250 41: 3250 42: 2250   [mono-viol x1]
  P3  30: 8250 31: 8500 32: 8250 33: 8250 34: 7500 35: 7000 36: 6250 37: 6000 38: 6000 39: 6000 40: 5500 41: 4250 42: 1250   [mono-viol x1]
  P4  30: 8500 31: 8250 32: 7750 33: 7750 34: 7500 35: 7000 36: 6000 37: 6000 38: 6000 39: 6000 40: 6250 41: 4250 42: 2750   [mono-viol x1]
  P5  30: 4500 31: 3500 32: 2500 33: 2500 34: 2500 35: 2500 36: 2500 37: 2500 38: 2500 39: 2500 40: 2000 41: 2000 42: 1500
  P6  30: 8000 31: 6500 32: 6500 33: 6500 34: 6250 35: 6250 36: 6500 37: 6000 38: 6000 39: 6000 40: 5500 41: 3750 42: 1250   [mono-viol x1]
  DT  30: 6750 31: 4000 32: 3250 33: 3250 34: 3250 35: 3000 36: 2250 37: 2500 38: 2500 39: 2500 40: 2250 41: 1750 42:  500   [mono-viol x1]
  NT  30: 9500 31: 8250 32: 8000 33: 8000 34: 8000 35: 7500 36: 7750 37: 7250 38: 7250 39: 7250 40: 7000 41: 6500 42: 4750   [mono-viol x1]
  (38.302s)

hand 117: [10 11 32 41 43 52 54]
  P0  30: 3250 31: 2750 32: 3250 33: 3250 34: 3250 35: 2750 36: 1750 37: 2250 38: 2250 39: 1750 40: 1750 41: 1000 42:  250   [mono-viol x2]
  P1  30: 9750 31: 9250 32: 9250 33: 9250 34: 8500 35: 8250 36: 9000 37: 8500 38: 8500 39: 8250 40: 7000 41: 5500 42: 2750   [mono-viol x1]
  P2  30: 6250 31: 6250 32: 6250 33: 6500 34: 5500 35: 4500 36: 4000 37: 3250 38: 3250 39: 2750 40: 2500 41: 2250 42: 1000   [mono-viol x1]
  P3  30: 7000 31: 6500 32: 6750 33: 6750 34: 6250 35: 5250 36: 5000 37: 5250 38: 5250 39: 5250 40: 3750 41: 2000 42: 1000   [mono-viol x2]
  P4  30: 7500 31: 6500 32: 6250 33: 6250 34: 6000 35: 6000 36: 6000 37: 5500 38: 5500 39: 5500 40: 5250 41: 4500 42: 1000
  P5  30: 5750 31: 4250 32: 2000 33: 2000 34: 2000 35: 2000 36: 1500 37: 1500 38: 1500 39: 1500 40: 1500 41: 1500 42: 1000
  P6  30: 5750 31: 5750 32: 5500 33: 5250 34: 5250 35: 4750 36: 4000 37: 3500 38: 3500 39: 3250 40: 3000 41: 2250 42:  500
  DT  30: 3000 31: 2500 32: 2250 33: 2250 34: 2250 35: 2000 36: 2000 37: 1750 38: 1750 39: 1750 40: 1500 41: 1500 42:  500
  NT  30: 6000 31: 5250 32: 5250 33: 5250 34: 4750 35: 5000 36: 4250 37: 4250 38: 4250 39: 4250 40: 3000 41: 2500 42: 1750   [mono-viol x1]
  (26.212s)

hand 118: [22 31 41 42 51 62 63]
  P0  30: 5000 31: 4500 32: 4250 33: 4000 34: 4250 35: 2750 36: 2250 37: 2000 38: 2000 39: 2000 40: 1750 41: 1250 42:  500   [mono-viol x1]
  P1  30: 8750 31: 8750 32: 8750 33: 8750 34: 8250 35: 8250 36: 7250 37: 7500 38: 7500 39: 7250 40: 6250 41: 3750 42: 1750   [mono-viol x1]
  P2  30: 9750 31:10000 32: 9500 33: 9500 34: 9500 35: 9250 36: 9250 37: 8750 38: 8750 39: 8750 40: 8500 41: 7750 42: 4250   [mono-viol x1]
  P3  30: 6500 31: 6000 32: 5750 33: 5750 34: 5500 35: 4750 36: 5250 37: 4500 38: 4500 39: 4500 40: 4000 41: 2000 42: 1000   [mono-viol x1]
  P4  30: 5750 31: 4500 32: 4000 33: 4000 34: 4500 35: 4250 36: 3500 37: 3500 38: 3500 39: 3250 40: 2750 41: 1250 42:  250   [mono-viol x1]
  P5  30: 4000 31: 3000 32: 3250 33: 3250 34: 3000 35: 2500 36: 2500 37: 2500 38: 2500 39: 3000 40: 2750 41: 2000 42: 1000   [mono-viol x2]
  P6  30: 5500 31: 5000 32: 4500 33: 4750 34: 4750 35: 4500 36: 4000 37: 3500 38: 3500 39: 3250 40: 3500 41: 2250 42: 1000   [mono-viol x2]
  DT  30: 3750 31: 3750 32: 3500 33: 3500 34: 3000 35: 2250 36: 1750 37: 1500 38: 1500 39: 1750 40: 1750 41:  750 42:  250   [mono-viol x1]
  NT  30: 6500 31: 6000 32: 6000 33: 6000 34: 5750 35: 5750 36: 4500 37: 4750 38: 4750 39: 4750 40: 4000 41: 3000 42: 1750   [mono-viol x1]
  (30.211s)

hand 119: [11 20 30 40 43 50 64]
  P0  30: 9250 31: 8750 32: 8750 33: 8750 34: 9000 35: 9000 36: 8250 37: 7500 38: 7500 39: 7500 40: 7750 41: 4750 42: 1750   [mono-viol x2]
  P1  30: 6500 31: 5500 32: 6000 33: 6000 34: 5250 35: 4000 36: 3750 37: 3500 38: 3500 39: 3500 40: 3500 41: 2750 42: 1500   [mono-viol x1]
  P2  30: 4750 31: 5250 32: 5000 33: 5000 34: 5000 35: 3250 36: 3750 37: 3000 38: 3000 39: 3000 40: 3000 41: 2000 42: 1000   [mono-viol x2]
  P3  30: 6250 31: 5500 32: 6250 33: 6250 34: 5500 35: 5250 36: 3500 37: 3750 38: 3750 39: 3750 40: 2750 41: 1500 42: 1000   [mono-viol x2]
  P4  30: 9250 31: 9000 32: 8750 33: 8750 34: 8750 35: 8500 36: 7500 37: 7250 38: 7250 39: 7250 40: 6750 41: 5000 42: 2250
  P5  30: 2750 31: 2500 32: 2500 33: 2500 34: 2250 35: 2250 36: 2250 37: 1750 38: 1750 39: 1750 40: 1750 41: 1000 42:  750
  P6  30: 5750 31: 5250 32: 5000 33: 5000 34: 5000 35: 4500 36: 4250 37: 4000 38: 4000 39: 3750 40: 3250 41: 2500 42: 1250
  DT  30: 3750 31: 3500 32: 3000 33: 3000 34: 3000 35: 2250 36: 1750 37: 2500 38: 2500 39: 2500 40: 2500 41: 2000 42:  500   [mono-viol x1]
  NT  30: 7750 31: 7250 32: 7500 33: 7500 34: 7250 35: 6750 36: 6250 37: 6000 38: 6000 39: 6000 40: 5750 41: 4500 42: 2750   [mono-viol x1]
  (23.277s)

hand 120: [11 20 21 22 31 41 53]
  P0  30: 4250 31: 4500 32: 4500 33: 4500 34: 3750 35: 4000 36: 4250 37: 4250 38: 4250 39: 4000 40: 4000 41: 2250 42:  750   [mono-viol x3]
  P1  30:10000 31:10000 32:10000 33:10000 34:10000 35: 9750 36:10000 37:10000 38:10000 39:10000 40: 9500 41: 9250 42: 5250   [mono-viol x1]
  P2  30: 9500 31: 9750 32: 9250 33: 9250 34: 9250 35: 9250 36: 8750 37: 8500 38: 8500 39: 8750 40: 8000 41: 5500 42: 2250   [mono-viol x2]
  P3  30: 7500 31: 7750 32: 7250 33: 7250 34: 7250 35: 7000 36: 6000 37: 4250 38: 4500 39: 4250 40: 4500 41: 3500 42: 1250   [mono-viol x3]
  P4  30: 5250 31: 3750 32: 3750 33: 3750 34: 3750 35: 3250 36: 3500 37: 2500 38: 2500 39: 2250 40: 2000 41: 1000 42:  500   [mono-viol x1]
  P5  30: 5500 31: 3500 32: 3000 33: 3000 34: 3250 35: 3000 36: 3500 37: 3000 38: 3000 39: 2750 40: 2500 41: 1500 42: 1000   [mono-viol x2]
  P6  30: 4750 31: 4250 32: 4500 33: 4500 34: 4000 35: 3500 36: 3000 37: 3000 38: 2750 39: 2750 40: 2250 41: 1500 42:  500   [mono-viol x1]
  DT  30: 5000 31: 4250 32: 4500 33: 4500 34: 3750 35: 3250 36: 2250 37: 2000 38: 2000 39: 2000 40: 2000 41: 1500 42:  500   [mono-viol x1]
  NT  30: 8750 31: 7250 32: 6750 33: 7000 34: 6750 35: 6750 36: 7500 37: 7000 38: 7000 39: 7000 40: 6750 41: 6750 42: 4000   [mono-viol x2]
  (33.417s)

hand 121: [00 20 22 31 43 53 65]
  P0  30: 7250 31: 6750 32: 7000 33: 7000 34: 6750 35: 5500 36: 4250 37: 3500 38: 3500 39: 3500 40: 3500 41: 2750 42: 2000   [mono-viol x1]
  P1  30: 5500 31: 4750 32: 5000 33: 5000 34: 4750 35: 3750 36: 3750 37: 3250 38: 3250 39: 3250 40: 2500 41: 2750 42: 1500   [mono-viol x2]
  P2  30: 8750 31: 7250 32: 7250 33: 7250 34: 7000 35: 6250 36: 5500 37: 5500 38: 5500 39: 5500 40: 4250 41: 4750 42: 2250   [mono-viol x1]
  P3  30:10000 31: 9750 32: 9500 33: 9500 34: 9500 35: 9250 36: 7250 37: 7000 38: 7000 39: 7000 40: 7250 41: 4000 42: 1750   [mono-viol x1]
  P4  30: 5500 31: 4000 32: 4250 33: 4250 34: 4000 35: 3500 36: 3000 37: 2750 38: 2750 39: 2750 40: 2750 41: 2000 42: 1000   [mono-viol x1]
  P5  30: 7500 31: 5500 32: 3250 33: 3250 34: 3250 35: 3250 36: 3250 37: 3250 38: 3250 39: 3250 40: 3000 41: 3000 42: 2000
  P6  30: 8500 31: 6500 32: 6500 33: 6500 34: 6250 35: 6500 36: 5500 37: 5250 38: 5250 39: 5250 40: 4250 41: 3000 42: 1500   [mono-viol x1]
  DT  30: 4750 31: 3750 32: 4000 33: 4000 34: 4000 35: 3500 36: 3000 37: 2500 38: 2500 39: 2500 40: 1750 41: 1000 42:  250   [mono-viol x1]
  NT  30: 8750 31: 8500 32: 8250 33: 8250 34: 8250 35: 8000 36: 8000 37: 7500 38: 7500 39: 7500 40: 7500 41: 6750 42: 6000
  (35.358s)

hand 122: [33 40 51 61 62 65 66]
  P0  30: 5000 31: 4750 32: 4750 33: 4750 34: 4500 35: 4250 36: 2500 37: 2000 38: 2000 39: 2250 40: 2250 41: 2000 42:  750   [mono-viol x1]
  P1  30: 9250 31: 8750 32: 8500 33: 8500 34: 8000 35: 7250 36: 7250 37: 6500 38: 6500 39: 6750 40: 6500 41: 4750 42: 1250   [mono-viol x1]
  P2  30: 7750 31: 7250 32: 7000 33: 7000 34: 6750 35: 6500 36: 4750 37: 4000 38: 4000 39: 4000 40: 3750 41: 2750 42: 1750
  P3  30: 8250 31: 7000 32: 7500 33: 7500 34: 7500 35: 6750 36: 5750 37: 6000 38: 6000 39: 6000 40: 5500 41: 5500 42: 4250   [mono-viol x2]
  P4  30: 5750 31: 4750 32: 4750 33: 4750 34: 4750 35: 5000 36: 4500 37: 4500 38: 4500 39: 4500 40: 4500 41: 4000 42: 2250   [mono-viol x1]
  P5  30: 7500 31: 6000 32: 3000 33: 3000 34: 3000 35: 3000 36: 3000 37: 3000 38: 3000 39: 3000 40: 3000 41: 2750 42: 2500
  P6  30:10000 31:10000 32:10000 33:10000 34:10000 35:10000 36:10000 37: 9750 38: 9750 39: 9750 40: 9750 41: 9000 42: 8250
  DT  30: 9250 31: 8500 32: 7250 33: 7250 34: 7500 35: 7250 36: 6000 37: 5750 38: 5750 39: 5500 40: 4500 41: 4750 42: 2250   [mono-viol x2]
  NT  30:10000 31: 9750 32: 9500 33: 9500 34: 9500 35: 9500 36: 9250 37: 8250 38: 8250 39: 8250 40: 8250 41: 8250 42: 7500
  (37.853s)

hand 123: [21 22 32 51 54 55 66]
  P0  30: 5250 31: 5750 32: 5750 33: 5750 34: 5250 35: 3750 36: 3000 37: 3000 38: 3000 39: 3000 40: 2500 41: 1750 42:  500   [mono-viol x1]
  P1  30: 9000 31: 8500 32: 8250 33: 8250 34: 8250 35: 8750 36: 6750 37: 6750 38: 6750 39: 6750 40: 6750 41: 5500 42: 2750   [mono-viol x1]
  P2  30:10000 31:10000 32:10000 33:10000 34:10000 35:10000 36:10000 37:10000 38:10000 39:10000 40:10000 41: 9500 42: 7000
  P3  30: 8250 31: 8500 32: 8500 33: 8500 34: 7750 35: 7500 36: 7250 37: 7000 38: 7000 39: 7000 40: 5250 41: 3500 42: 1750   [mono-viol x1]
  P4  30: 6750 31: 5250 32: 4750 33: 4750 34: 4750 35: 4750 36: 4500 37: 4500 38: 4500 39: 4750 40: 4750 41: 3750 42: 1750   [mono-viol x1]
  P5  30:10000 31:10000 32:10000 33:10000 34:10000 35:10000 36:10000 37:10000 38:10000 39:10000 40:10000 41:10000 42: 8000
  P6  30: 8250 31: 7500 32: 7750 33: 7750 34: 7750 35: 7000 36: 6500 37: 6750 38: 6750 39: 6750 40: 6000 41: 6250 42: 2750   [mono-viol x3]
  DT  30:10000 31:10000 32:10000 33:10000 34: 9750 35: 9750 36: 9500 37: 9250 38: 9250 39: 8750 40: 8500 41: 8250 42: 5250
  NT  30:10000 31:10000 32:10000 33:10000 34:10000 35:10000 36:10000 37: 9750 38: 9750 39: 9750 40: 9500 41: 9500 42: 9250
  (33.525s)

hand 124: [30 31 33 40 55 60 62]
  P0  30: 9750 31: 9500 32: 9250 33: 9000 34: 8750 35: 8750 36: 8000 37: 7250 38: 7250 39: 7250 40: 6500 41: 6250 42: 1750
  P1  30: 5750 31: 6000 32: 5750 33: 5500 34: 5500 35: 4750 36: 4500 37: 4500 38: 4500 39: 4250 40: 4000 41: 2250 42: 1250   [mono-viol x1]
  P2  30: 8000 31: 8000 32: 8500 33: 8500 34: 8250 35: 6000 36: 5500 37: 5250 38: 5250 39: 5000 40: 4750 41: 3250 42: 1500   [mono-viol x1]
  P3  30: 9250 31: 9000 32: 9000 33: 9000 34: 9250 35: 9000 36: 8500 37: 8000 38: 8000 39: 8000 40: 8250 41: 6500 42: 2250   [mono-viol x2]
  P4  30: 4750 31: 3500 32: 3250 33: 3250 34: 3500 35: 2750 36: 2500 37: 2250 38: 2250 39: 2250 40: 2000 41: 1000 42:  500   [mono-viol x1]
  P5  30: 8750 31: 8500 32: 8250 33: 8000 34: 8000 35: 7250 36: 6250 37: 6000 38: 6000 39: 5750 40: 5000 41: 3000 42: 1000
  P6  30: 7250 31: 5500 32: 5750 33: 5750 34: 5500 35: 5250 36: 5000 37: 5000 38: 5000 39: 4500 40: 4750 41: 3750 42: 1500   [mono-viol x2]
  DT  30: 6750 31: 7000 32: 6750 33: 7000 34: 5750 35: 4500 36: 2750 37: 3000 38: 3000 39: 3000 40: 2500 41: 1250 42:  250   [mono-viol x3]
  NT  30: 8000 31: 7250 32: 7500 33: 7750 34: 7750 35: 7000 36: 6500 37: 5750 38: 5750 39: 6000 40: 5500 41: 4750 42: 2750   [mono-viol x3]
  (28.454s)

hand 125: [21 32 43 52 62 63 65]
  P0  30: 3500 31: 3500 32: 3250 33: 3250 34: 2500 35: 2000 36: 1250 37: 1250 38: 1250 39: 1250 40:  750 41:  250 42:    0
  P1  30: 4250 31: 4750 32: 4250 33: 4000 34: 3250 35: 3250 36: 2750 37: 2750 38: 2750 39: 2500 40: 2250 41: 1000 42:  500   [mono-viol x1]
  P2  30:10000 31:10000 32: 9500 33: 9500 34:10000 35: 9750 36: 9750 37: 9750 38: 9750 39: 9750 40: 9500 41: 8750 42: 2750   [mono-viol x1]
  P3  30: 9750 31: 9000 32: 9250 33: 9250 34: 9000 35: 8250 36: 7750 37: 7500 38: 7500 39: 7500 40: 7250 41: 5750 42: 1500   [mono-viol x1]
  P4  30: 6000 31: 5750 32: 6000 33: 6000 34: 5250 35: 5250 36: 4750 37: 4250 38: 4250 39: 4500 40: 3500 41: 3250 42: 1000   [mono-viol x2]
  P5  30: 5500 31: 4500 32: 2500 33: 2750 34: 2750 35: 2500 36: 2750 37: 2750 38: 2750 39: 2750 40: 2500 41: 2250 42: 1750   [mono-viol x2]
  P6  30: 9000 31: 8500 32: 7250 33: 7500 34: 7500 35: 6750 36: 6500 37: 6250 38: 6250 39: 6000 40: 5500 41: 4000 42: 1500   [mono-viol x1]
  DT  30: 4500 31: 3500 32: 4000 33: 4000 34: 3250 35: 3000 36: 2750 37: 2500 38: 2500 39: 2500 40: 1750 41: 1500 42:  750   [mono-viol x1]
  NT  30: 7250 31: 6750 32: 6000 33: 6000 34: 5750 35: 5500 36: 4500 37: 5250 38: 5250 39: 5000 40: 5000 41: 3500 42: 3000   [mono-viol x1]
  (33.813s)

hand 126: [20 31 41 42 62 64 66]
  P0  30: 3750 31: 3750 32: 3750 33: 3750 34: 3250 35: 2250 36: 1750 37: 1750 38: 1750 39: 1750 40: 1500 41: 1250 42:  500
  P1  30: 9000 31: 8250 32: 8250 33: 8250 34: 8000 35: 7500 36: 6500 37: 6500 38: 6500 39: 6000 40: 5000 41: 3500 42: 1500
  P2  30: 9750 31: 9500 32: 9750 33: 9750 34: 9250 35: 9750 36: 8000 37: 7000 38: 7000 39: 6750 40: 7250 41: 6000 42: 3750   [mono-viol x3]
  P3  30: 5500 31: 5750 32: 5250 33: 5250 34: 5000 35: 4750 36: 3500 37: 3500 38: 3500 39: 3250 40: 2500 41: 1500 42:  750   [mono-viol x1]
  P4  30:10000 31:10000 32:10000 33:10000 34:10000 35: 9750 36: 9500 37: 8750 38: 8750 39: 8500 40: 7500 41: 5250 42: 2250
  P5  30: 4750 31: 3500 32: 2250 33: 2250 34: 2250 35: 1750 36: 2000 37: 2250 38: 2250 39: 2250 40: 2000 41:  750 42:  750   [mono-viol x2]
  P6  30: 9750 31:10000 32: 9750 33: 9750 34: 9750 35: 9250 36: 9000 37: 8000 38: 8000 39: 7500 40: 7500 41: 5750 42: 3500   [mono-viol x1]
  DT  30: 5000 31: 4000 32: 4250 33: 4500 34: 4250 35: 2750 36: 2500 37: 2250 38: 2250 39: 2500 40: 2250 41: 1500 42: 1000   [mono-viol x3]
  NT  30: 9250 31: 8250 32: 7750 33: 7750 34: 7750 35: 6500 36: 6500 37: 6000 38: 6000 39: 6000 40: 6000 41: 5000 42: 3000
  (27.995s)

hand 127: [11 31 40 44 50 52 61]
  P0  30: 7000 31: 7250 32: 7000 33: 7000 34: 7000 35: 6000 36: 6000 37: 5000 38: 5000 39: 5000 40: 3750 41: 2750 42: 1250   [mono-viol x1]
  P1  30:10000 31:10000 32: 9750 33: 9750 34: 9250 35: 9500 36: 8500 37: 8250 38: 8250 39: 8000 40: 8750 41: 8000 42: 6500   [mono-viol x2]
  P2  30: 6250 31: 5250 32: 5250 33: 5500 34: 4500 35: 4750 36: 3750 37: 3500 38: 3500 39: 3000 40: 3000 41: 2000 42: 1000   [mono-viol x2]
  P3  30: 6000 31: 4750 32: 4750 33: 4750 34: 4500 35: 4000 36: 3250 37: 3000 38: 3000 39: 3500 40: 2000 41: 1500 42: 1250   [mono-viol x1]
  P4  30: 4750 31: 5000 32: 4500 33: 4500 34: 4250 35: 3000 36: 2750 37: 2750 38: 2750 39: 2750 40: 2500 41: 1750 42: 1000   [mono-viol x1]
  P5  30: 6000 31: 4250 32: 3000 33: 3000 34: 3000 35: 3000 36: 2750 37: 2750 38: 2750 39: 2500 40: 3000 41: 1750 42: 1000   [mono-viol x1]
  P6  30: 6250 31: 5750 32: 5000 33: 5000 34: 4250 35: 4250 36: 3500 37: 3500 38: 3500 39: 3500 40: 3500 41: 2500 42: 1000
  DT  30: 5500 31: 4250 32: 4000 33: 4000 34: 4000 35: 3000 36: 3250 37: 2250 38: 2250 39: 2250 40: 1500 41: 1250 42:  500   [mono-viol x1]
  NT  30: 8750 31: 7750 32: 8250 33: 8250 34: 7750 35: 7000 36: 6750 37: 7250 38: 7250 39: 7250 40: 6000 41: 5250 42: 4000   [mono-viol x2]
  (27.056s)

hand 128: [00 11 40 50 53 55 64]
  P0  30:10000 31:10000 32:10000 33:10000 34:10000 35:10000 36:10000 37: 9500 38: 9500 39: 9500 40: 9750 41: 9750 42: 6750   [mono-viol x1]
  P1  30: 6500 31: 6500 32: 6500 33: 6500 34: 7000 35: 5500 36: 5250 37: 4500 38: 4500 39: 4500 40: 3750 41: 2750 42: 2000   [mono-viol x1]
  P2  30: 6500 31: 6250 32: 6500 33: 6250 34: 5500 35: 4500 36: 4500 37: 4500 38: 4500 39: 4250 40: 3000 41: 1500 42:  750   [mono-viol x1]
  P3  30: 8000 31: 7750 32: 8000 33: 8000 34: 7750 35: 7000 36: 6250 37: 5750 38: 5750 39: 5750 40: 5000 41: 4000 42: 1250   [mono-viol x1]
  P4  30:10000 31: 9500 32: 9750 33: 9750 34: 9750 35: 9000 36: 8750 37: 8500 38: 8500 39: 8500 40: 8250 41: 7000 42: 3750   [mono-viol x1]
  P5  30:10000 31:10000 32:10000 33:10000 34:10000 35:10000 36: 9750 37:10000 38:10000 39: 9750 40: 9500 41: 8750 42: 6250   [mono-viol x1]
  P6  30: 9000 31: 9000 32: 9000 33: 9000 34: 9000 35: 7500 36: 7250 37: 6500 38: 6500 39: 6500 40: 6250 41: 4000 42: 2000
  DT  30: 9750 31:10000 32:10000 33:10000 34: 9750 35: 8750 36: 8750 37: 9000 38: 9000 39: 8750 40: 8250 41: 6250 42: 2000   [mono-viol x2]
  NT  30:10000 31:10000 32:10000 33:10000 34:10000 35:10000 36: 9500 37: 9250 38: 9250 39: 9250 40: 9250 41: 9000 42: 7500
  (30.819s)

hand 129: [00 10 31 40 43 44 61]
  P0  30:10000 31: 9500 32: 9250 33: 9250 34: 9250 35: 9000 36: 8750 37: 8250 38: 8250 39: 8250 40: 8250 41: 6250 42: 4000
  P1  30:10000 31:10000 32:10000 33:10000 34:10000 35: 9750 36: 9500 37: 9000 38: 9000 39: 9000 40: 8500 41: 7500 42: 3750
  P2  30: 5000 31: 4250 32: 4250 33: 4500 34: 3500 35: 3000 36: 2250 37: 1750 38: 1750 39: 1750 40: 1750 41: 1000 42:  250   [mono-viol x1]
  P3  30: 8500 31: 8750 32: 8250 33: 8750 34: 8000 35: 6750 36: 6000 37: 5750 38: 5750 39: 6250 40: 5250 41: 3250 42: 1500   [mono-viol x3]
  P4  30:10000 31: 9750 32: 9750 33: 9750 34: 9750 35: 9250 36: 8750 37: 8500 38: 8500 39: 8250 40: 8000 41: 6750 42: 5000
  P5  30: 3500 31: 2750 32: 2750 33: 2750 34: 2500 35: 3000 36: 3000 37: 3000 38: 3000 39: 2750 40: 2500 41: 2000 42: 1000   [mono-viol x1]
  P6  30: 7500 31: 6500 32: 6250 33: 6250 34: 5500 35: 5000 36: 4750 37: 5000 38: 5000 39: 4750 40: 4000 41: 2500 42:  500   [mono-viol x1]
  DT  30: 5250 31: 4750 32: 3750 33: 3750 34: 3750 35: 3500 36: 2750 37: 2750 38: 2750 39: 2750 40: 2250 41: 1500 42:  500
  NT  30: 9250 31: 8750 32: 7750 33: 7750 34: 8250 35: 8000 36: 8000 37: 7500 38: 7500 39: 7750 40: 7750 41: 6750 42: 4000   [mono-viol x2]
  (39.630s)

hand 130: [11 20 22 32 42 44 50]
  P0  30: 9250 31: 8750 32: 9000 33: 9000 34: 9000 35: 8000 36: 6500 37: 6000 38: 6000 39: 6000 40: 5750 41: 4500 42: 1000   [mono-viol x1]
  P1  30: 8000 31: 7500 32: 6750 33: 6750 34: 7000 35: 6000 36: 4250 37: 4000 38: 4000 39: 4250 40: 3750 41: 2750 42: 1750   [mono-viol x2]
  P2  30:10000 31:10000 32:10000 33:10000 34:10000 35:10000 36: 9500 37: 9250 38: 9250 39: 9250 40: 9000 41: 9500 42: 5250   [mono-viol x1]
  P3  30: 8000 31: 7750 32: 7500 33: 7750 34: 7500 35: 7000 36: 6500 37: 6000 38: 6000 39: 6000 40: 5250 41: 3500 42: 1250   [mono-viol x1]
  P4  30: 9250 31: 8250 32: 8250 33: 8250 34: 8250 35: 7750 36: 5750 37: 5000 38: 5000 39: 5250 40: 5750 41: 4250 42: 2750   [mono-viol x2]
  P5  30: 4500 31: 2250 32: 1500 33: 1500 34: 1500 35: 1500 36: 1500 37: 1500 38: 1500 39: 1500 40: 1500 41: 1250 42:  500
  P6  30: 7000 31: 6750 32: 6500 33: 6500 34: 6500 35: 5750 36: 4250 37: 5000 38: 5000 39: 5000 40: 4500 41: 2750 42: 1250   [mono-viol x1]
  DT  30: 5250 31: 4000 32: 3500 33: 3500 34: 3500 35: 3250 36: 2250 37: 1500 38: 1500 39: 1750 40: 1750 41: 1750 42:  750   [mono-viol x1]
  NT  30: 9000 31: 8750 32: 8750 33: 8750 34: 8750 35: 8750 36: 8000 37: 7250 38: 7250 39: 7250 40: 7250 41: 6750 42: 5750
  (36.010s)

hand 131: [11 20 31 32 42 55 61]
  P0  30: 4750 31: 4250 32: 4250 33: 4000 34: 3500 35: 3250 36: 2750 37: 3000 38: 3000 39: 2750 40: 2250 41: 1250 42:  500   [mono-viol x1]
  P1  30:10000 31:10000 32:10000 33:10000 34:10000 35:10000 36: 9750 37: 9750 38: 9750 39: 9750 40: 9750 41: 9250 42: 7250
  P2  30: 9750 31: 9750 32: 9750 33: 9750 34: 9500 35: 9250 36: 9250 37: 9500 38: 9500 39: 8750 40: 6500 41: 4000 42:  750   [mono-viol x1]
  P3  30: 8250 31: 8750 32: 7750 33: 7750 34: 7000 35: 7000 36: 6750 37: 6500 38: 6250 39: 6250 40: 4500 41: 2500 42: 1000   [mono-viol x1]
  P4  30: 7250 31: 7250 32: 7500 33: 7500 34: 7250 35: 5750 36: 5500 37: 5250 38: 5500 39: 5500 40: 4750 41: 3250 42: 2000   [mono-viol x2]
  P5  30: 8500 31: 8000 32: 8000 33: 7750 34: 7750 35: 6500 36: 7000 37: 6750 38: 6750 39: 6500 40: 5250 41: 4500 42: 1750   [mono-viol x1]
  P6  30: 7500 31: 7250 32: 6500 33: 6750 34: 7000 35: 6250 36: 5750 37: 5500 38: 5500 39: 5000 40: 4250 41: 3500 42:  750   [mono-viol x2]
  DT  30: 7750 31: 7500 32: 8000 33: 7750 34: 7250 35: 5750 36: 4750 37: 4750 38: 4750 39: 4250 40: 3250 41: 2000 42:  500   [mono-viol x1]
  NT  30: 9500 31: 9250 32: 9000 33: 9250 34: 9250 35: 9000 36: 8500 37: 8500 38: 8500 39: 8750 40: 7500 41: 5750 42: 4000   [mono-viol x2]
  (24.241s)

hand 132: [10 20 21 31 32 41 65]
  P0  30: 5000 31: 5500 32: 5000 33: 4750 34: 4500 35: 4250 36: 3500 37: 2750 38: 2750 39: 2500 40: 2500 41: 1500 42:  500   [mono-viol x1]
  P1  30: 9000 31: 9500 32: 9500 33: 9500 34: 9000 35: 9000 36: 8250 37: 8000 38: 8000 39: 7750 40: 6750 41: 4500 42: 2250   [mono-viol x1]
  P2  30: 8250 31: 7750 32: 7750 33: 8000 34: 7250 35: 6750 36: 7250 37: 6250 38: 6250 39: 6250 40: 5000 41: 3000 42:  250   [mono-viol x2]
  P3  30: 6750 31: 6500 32: 6750 33: 6750 34: 6750 35: 5000 36: 5000 37: 5000 38: 5000 39: 4500 40: 4000 41: 3250 42: 1000   [mono-viol x1]
  P4  30: 4500 31: 2750 32: 2750 33: 2750 34: 3000 35: 2750 36: 3000 37: 3500 38: 3500 39: 3250 40: 1750 41: 1750 42:  750   [mono-viol x3]
  P5  30: 4000 31: 3000 32: 2500 33: 2500 34: 2500 35: 2250 36: 2000 37: 2000 38: 2000 39: 2000 40: 2000 41: 1750 42: 1250
  P6  30: 5000 31: 4500 32: 4500 33: 4000 34: 4000 35: 3500 36: 3250 37: 3250 38: 3250 39: 3250 40: 2500 41: 2000 42:  750
  DT  30: 4500 31: 4500 32: 4250 33: 4250 34: 3750 35: 3250 36: 3000 37: 2750 38: 2750 39: 2750 40: 2000 41: 1250 42:  750
  NT  30: 6500 31: 5000 32: 5000 33: 5000 34: 5000 35: 4250 36: 3500 37: 3500 38: 3500 39: 3750 40: 3750 41: 3500 42: 3000   [mono-viol x1]
  (24.972s)

hand 133: [30 43 44 52 60 62 65]
  P0  30: 7750 31: 6500 32: 5750 33: 5500 34: 5500 35: 5500 36: 5250 37: 4500 38: 4500 39: 4250 40: 4000 41: 3500 42: 2000
  P1  30: 4500 31: 4500 32: 4250 33: 4250 34: 3750 35: 3750 36: 3000 37: 2750 38: 2750 39: 2750 40: 2500 41: 1500 42:  250
  P2  30: 9500 31: 9000 32: 9000 33: 9000 34: 8750 35: 8750 36: 8750 37: 7750 38: 7750 39: 8000 40: 8000 41: 5750 42: 2750   [mono-viol x1]
  P3  30: 7750 31: 7500 32: 7500 33: 7000 34: 7000 35: 5500 36: 5250 37: 5000 38: 5000 39: 5000 40: 4250 41: 3500 42: 1250
  P4  30: 8000 31: 8000 32: 7500 33: 7500 34: 7250 35: 7000 36: 6500 37: 5750 38: 5750 39: 5750 40: 5750 41: 5250 42: 3000
  P5  30: 5250 31: 4500 32: 3000 33: 3000 34: 3000 35: 3000 36: 3000 37: 3000 38: 3000 39: 3000 40: 2750 41: 2750 42: 2000
  P6  30: 9750 31: 9250 32: 9250 33: 9250 34: 9250 35: 8250 36: 7750 37: 7250 38: 7250 39: 7500 40: 6750 41: 5750 42: 3000   [mono-viol x1]
  DT  30: 5000 31: 3500 32: 3500 33: 3500 34: 3500 35: 3500 36: 3250 37: 2750 38: 2750 39: 2750 40: 2250 41: 2500 42: 1000   [mono-viol x1]
  NT  30: 8750 31: 8750 32: 8750 33: 9000 34: 8250 35: 7750 36: 7500 37: 7250 38: 7250 39: 7250 40: 7000 41: 5250 42: 4750   [mono-viol x1]
  (35.094s)

hand 134: [11 30 33 40 60 61 66]
  P0  30:10000 31:10000 32:10000 33:10000 34:10000 35:10000 36: 9750 37: 8500 38: 8500 39: 8750 40: 8500 41: 7750 42: 2500   [mono-viol x1]
  P1  30: 9750 31: 9500 32: 9500 33: 9500 34: 9500 35: 9250 36: 9500 37: 9000 38: 9000 39: 9000 40: 8750 41: 8250 42: 5500   [mono-viol x1]
  P2  30: 7500 31: 7500 32: 7000 33: 7000 34: 6750 35: 6000 36: 4250 37: 4750 38: 4750 39: 4750 40: 4250 41: 3000 42: 1500   [mono-viol x1]
  P3  30:10000 31: 9750 32: 9250 33: 9000 34: 9250 35: 9250 36: 8250 37: 8750 38: 8750 39: 8750 40: 8000 41: 6500 42: 3250   [mono-viol x2]
  P4  30: 5750 31: 4750 32: 4500 33: 4500 34: 4500 35: 3750 36: 4000 37: 3000 38: 3000 39: 3000 40: 3000 41: 2250 42: 1500   [mono-viol x1]
  P5  30: 4000 31: 3750 32: 3000 33: 3000 34: 3000 35: 3000 36: 3000 37: 3000 38: 3000 39: 3000 40: 3000 41: 2750 42: 1500
  P6  30:10000 31: 9750 32: 9750 33: 9750 34: 9500 35: 9500 36: 9500 37: 9250 38: 9250 39: 9250 40: 9000 41: 8500 42: 6000
  DT  30: 9500 31: 8750 32: 8500 33: 8500 34: 8500 35: 8000 36: 7250 37: 6000 38: 6000 39: 5750 40: 5500 41: 4500 42: 1500
  NT  30:10000 31: 9750 32: 9500 33: 9500 34: 9500 35: 9500 36: 9500 37: 8250 38: 8250 39: 8250 40: 8000 41: 8000 42: 6250
  (40.526s)

hand 135: [11 21 32 40 54 63 65]
  P0  30: 6500 31: 5750 32: 5000 33: 4750 34: 4250 35: 3500 36: 4000 37: 3500 38: 3500 39: 3250 40: 3250 41: 2500 42: 1750   [mono-viol x1]
  P1  30: 6750 31: 7250 32: 7000 33: 7000 34: 6500 35: 6000 36: 5250 37: 4000 38: 4000 39: 4000 40: 4000 41: 3750 42: 2250   [mono-viol x1]
  P2  30: 5750 31: 4750 32: 4750 33: 4750 34: 5000 35: 4250 36: 3750 37: 4000 38: 4000 39: 4000 40: 2750 41: 2500 42: 1500   [mono-viol x2]
  P3  30: 8250 31: 7250 32: 7250 33: 7250 34: 6250 35: 6500 36: 6500 37: 5750 38: 5750 39: 5500 40: 4750 41: 3750 42: 2250   [mono-viol x1]
  P4  30: 5250 31: 4000 32: 3750 33: 3750 34: 3750 35: 3500 36: 3250 37: 3000 38: 3000 39: 3000 40: 2750 41: 2000 42: 1000
  P5  30: 6750 31: 5750 32: 3750 33: 3750 34: 3750 35: 3750 36: 3750 37: 3500 38: 3500 39: 3500 40: 3250 41: 3500 42: 2750   [mono-viol x1]
  P6  30: 8250 31: 7750 32: 7000 33: 7000 34: 7250 35: 6250 36: 5750 37: 4750 38: 4750 39: 4500 40: 5000 41: 4750 42: 2000   [mono-viol x2]
  DT  30: 5500 31: 4500 32: 4500 33: 4500 34: 4250 35: 4250 36: 4250 37: 4250 38: 4250 39: 4250 40: 4000 41: 2500 42: 1750
  NT  30: 8750 31: 8750 32: 8250 33: 8250 34: 8250 35: 7250 36: 6750 37: 6250 38: 6250 39: 6250 40: 6500 41: 6000 42: 4750   [mono-viol x1]
  (31.265s)

hand 136: [21 40 41 43 62 63 64]
  P0  30: 3750 31: 3750 32: 4000 33: 4000 34: 3250 35: 2750 36: 2250 37: 2500 38: 2500 39: 2500 40: 2250 41: 1750 42:  750   [mono-viol x2]
  P1  30: 6250 31: 6750 32: 6750 33: 6750 34: 5500 35: 4500 36: 4750 37: 4250 38: 4250 39: 3500 40: 2500 41: 1500 42:  250   [mono-viol x2]
  P2  30: 7000 31: 6500 32: 6500 33: 6500 34: 6500 35: 5500 36: 4750 37: 4000 38: 4000 39: 3750 40: 4000 41: 2750 42: 1000   [mono-viol x1]
  P3  30: 8000 31: 7750 32: 7750 33: 7750 34: 7000 35: 5500 36: 6250 37: 5750 38: 5750 39: 5250 40: 4750 41: 3250 42: 1500   [mono-viol x1]
  P4  30:10000 31:10000 32:10000 33:10000 34:10000 35: 9750 36: 9750 37: 9750 38: 9750 39: 9750 40: 8750 41: 6500 42: 2000
  P5  30: 4000 31: 3750 32: 2750 33: 2500 34: 2500 35: 2250 36: 2000 37: 2250 38: 2250 39: 2250 40: 2000 41: 1500 42:  500   [mono-viol x1]
  P6  30: 9250 31: 9000 32: 8750 33: 8500 34: 8000 35: 8250 36: 7000 37: 7000 38: 7000 39: 7000 40: 5750 41: 3750 42: 2000   [mono-viol x1]
  DT  30: 3250 31: 3000 32: 3000 33: 3000 34: 2750 35: 2500 36: 2250 37: 2250 38: 2250 39: 2250 40: 1750 41: 1000 42:  750
  NT  30: 5500 31: 5250 32: 5500 33: 5750 34: 5750 35: 4750 36: 5250 37: 5000 38: 5000 39: 5000 40: 4000 41: 2250 42: 1500   [mono-viol x3]
  (25.865s)

hand 137: [10 32 40 53 63 65 66]
  P0  30: 7000 31: 6000 32: 6250 33: 6250 34: 6250 35: 5250 36: 3750 37: 3000 38: 3000 39: 3250 40: 2750 41: 2500 42: 1250   [mono-viol x2]
  P1  30: 5250 31: 4500 32: 4250 33: 4000 34: 3000 35: 2750 36: 2500 37: 2250 38: 2000 39: 1750 40: 1750 41: 1750 42: 1000
  P2  30: 5000 31: 4250 32: 4500 33: 4250 34: 4250 35: 3750 36: 3000 37: 3000 38: 3000 39: 3000 40: 2250 41: 1250 42:  500   [mono-viol x1]
  P3  30: 9750 31:10000 32: 9750 33: 9750 34:10000 35:10000 36: 9750 37: 9500 38: 9500 39: 9500 40:10000 41: 8250 42: 4000   [mono-viol x3]
  P4  30: 5750 31: 5000 32: 5000 33: 5000 34: 5000 35: 4750 36: 3250 37: 3500 38: 3500 39: 3500 40: 2750 41: 2250 42: 1500   [mono-viol x1]
  P5  30: 6250 31: 5500 32: 3250 33: 3250 34: 3250 35: 3250 36: 2750 37: 2750 38: 2750 39: 2750 40: 2750 41: 2750 42: 1750
  P6  30: 9750 31: 9750 32: 9750 33: 9750 34: 9750 35: 9750 36: 9500 37: 9250 38: 9250 39: 9250 40: 9250 41: 8500 42: 6500
  DT  30: 7000 31: 5750 32: 5000 33: 5000 34: 5250 35: 4500 36: 4250 37: 3500 38: 3500 39: 3500 40: 3250 41: 2500 42: 2000   [mono-viol x1]
  NT  30: 9750 31: 9500 32: 9250 33: 9250 34: 9500 35: 9250 36: 8250 37: 8500 38: 8500 39: 8500 40: 8000 41: 7500 42: 6750   [mono-viol x2]
  (34.532s)

hand 138: [21 30 40 41 44 50 51]
  P0  30:10000 31:10000 32: 9750 33: 9750 34: 9500 35: 9250 36: 9250 37: 8750 38: 8750 39: 8750 40: 7500 41: 5750 42: 2000
  P1  30: 9250 31: 9000 32: 9000 33: 9250 34: 9000 35: 9250 36: 9250 37: 8000 38: 8000 39: 8000 40: 8000 41: 5000 42: 2500   [mono-viol x2]
  P2  30: 6250 31: 6500 32: 6250 33: 6250 34: 5500 35: 4250 36: 4000 37: 3250 38: 3250 39: 3250 40: 2000 41: 1250 42:  750   [mono-viol x1]
  P3  30: 6500 31: 5500 32: 5500 33: 5250 34: 5000 35: 4250 36: 2750 37: 3000 38: 3000 39: 2750 40: 2750 41: 1500 42:    0   [mono-viol x1]
  P4  30: 8250 31: 8250 32: 7750 33: 7500 34: 7000 35: 5500 36: 4750 37: 4250 38: 4250 39: 4250 40: 4000 41: 3500 42: 1750
  P5  30: 5500 31: 4750 32: 4000 33: 4000 34: 4000 35: 3750 36: 3750 37: 3250 38: 3250 39: 3500 40: 3500 41: 2500 42: 1500   [mono-viol x1]
  P6  30: 4500 31: 4250 32: 3750 33: 3750 34: 3250 35: 3750 36: 2750 37: 3250 38: 3250 39: 3000 40: 3000 41: 2000 42:  750   [mono-viol x2]
  DT  30: 5000 31: 3750 32: 3500 33: 3500 34: 3000 35: 3500 36: 3000 37: 3000 38: 3000 39: 2750 40: 1750 41: 1000 42:    0   [mono-viol x1]
  NT  30: 7500 31: 6500 32: 6250 33: 6250 34: 6000 35: 5500 36: 5250 37: 5000 38: 5000 39: 5000 40: 4000 41: 3500 42: 2250
  (26.276s)

hand 139: [30 32 33 52 63 65 66]
  P0  30: 6500 31: 6500 32: 6750 33: 6500 34: 5750 35: 4500 36: 4000 37: 3500 38: 3500 39: 3750 40: 3000 41: 2750 42:  750   [mono-viol x2]
  P1  30: 7000 31: 6250 32: 6250 33: 5750 34: 5000 35: 4750 36: 4500 37: 4500 38: 4500 39: 4250 40: 4000 41: 2750 42: 1000
  P2  30: 9500 31: 9750 32: 9500 33: 9500 34: 9500 35: 8750 36: 8500 37: 8250 38: 8250 39: 8250 40: 7250 41: 5500 42: 3250   [mono-viol x1]
  P3  30:10000 31:10000 32:10000 33:10000 34:10000 35:10000 36: 9750 37: 9750 38: 9750 39: 9750 40: 9750 41: 9250 42: 7500
  P4  30: 5750 31: 4250 32: 4000 33: 4000 34: 4250 35: 4000 36: 3500 37: 3250 38: 3250 39: 3250 40: 3000 41: 2000 42:  750   [mono-viol x1]
  P5  30: 8500 31: 6250 32: 2500 33: 2500 34: 2500 35: 2500 36: 2500 37: 2500 38: 2500 39: 2500 40: 2500 41: 2500 42: 2250
  P6  30:10000 31:10000 32:10000 33:10000 34:10000 35: 9750 36: 9750 37:10000 38:10000 39:10000 40:10000 41: 9500 42: 8500   [mono-viol x1]
  DT  30: 9000 31: 8750 32: 8500 33: 8500 34: 8500 35: 8000 36: 7000 37: 6750 38: 6750 39: 6250 40: 5500 41: 4000 42: 1500
  NT  30:10000 31: 9750 32: 9250 33: 9250 34: 9000 35: 8750 36: 8500 37: 8500 38: 8500 39: 8500 40: 8500 41: 8250 42: 6250
  (49.640s)

hand 140: [10 30 31 32 42 43 63]
  P0  30: 3500 31: 3750 32: 3750 33: 3750 34: 3750 35: 3500 36: 3000 37: 2250 38: 2250 39: 1750 40: 1750 41:  500 42:    0   [mono-viol x1]
  P1  30: 6500 31: 5500 32: 6000 33: 5750 34: 5000 35: 4750 36: 4000 37: 3750 38: 3750 39: 3750 40: 3250 41: 3000 42: 1250   [mono-viol x1]
  P2  30: 7000 31: 7000 32: 6250 33: 6000 34: 6000 35: 5000 36: 5000 37: 4500 38: 4250 39: 4500 40: 3250 41: 1750 42:  500   [mono-viol x1]
  P3  30:10000 31:10000 32:10000 33:10000 34:10000 35: 9250 36: 8750 37: 8250 38: 8250 39: 8250 40: 8250 41: 4750 42: 3000
  P4  30: 5750 31: 4500 32: 3750 33: 3750 34: 4000 35: 3500 36: 3250 37: 3250 38: 3250 39: 3000 40: 2500 41: 2000 42:  500   [mono-viol x1]
  P5  30: 4000 31: 3250 32: 3000 33: 2750 34: 2750 35: 2250 36: 2500 37: 2250 38: 2250 39: 2250 40: 1750 41: 1500 42: 1000   [mono-viol x1]
  P6  30: 5000 31: 4500 32: 4500 33: 4500 34: 4000 35: 4000 36: 3000 37: 3250 38: 3000 39: 3000 40: 2750 41: 1250 42:  500   [mono-viol x1]
  DT  30: 3750 31: 3250 32: 3250 33: 3250 34: 2500 35: 2500 36: 2000 37: 2000 38: 2000 39: 2500 40: 1750 41: 1250 42:  500   [mono-viol x1]
  NT  30: 4500 31: 4250 32: 4250 33: 4500 34: 4250 35: 3500 36: 3000 37: 3250 38: 3250 39: 3000 40: 2750 41: 3000 42: 2500   [mono-viol x3]
  (30.874s)

hand 141: [32 41 44 50 52 55 63]
  P0  30: 5500 31: 4750 32: 4500 33: 4500 34: 4750 35: 4250 36: 2750 37: 2250 38: 2250 39: 2250 40: 2500 41: 1750 42:  750   [mono-viol x2]
  P1  30: 6250 31: 6250 32: 5500 33: 5750 34: 6000 35: 4750 36: 4250 37: 3500 38: 3500 39: 3500 40: 4000 41: 3000 42: 1750   [mono-viol x3]
  P2  30: 7750 31: 7500 32: 7250 33: 7500 34: 7750 35: 7250 36: 5750 37: 4250 38: 4250 39: 4250 40: 4250 41: 4250 42: 2000   [mono-viol x2]
  P3  30: 8750 31: 8000 32: 8250 33: 8250 34: 8500 35: 8250 36: 7000 37: 5500 38: 5500 39: 5500 40: 6000 41: 4750 42: 2000   [mono-viol x3]
  P4  30: 7250 31: 7500 32: 7250 33: 7250 34: 7000 35: 6750 36: 5750 37: 4750 38: 4750 39: 4750 40: 5000 41: 4500 42: 2500   [mono-viol x2]
  P5  30: 9250 31: 9250 32: 9500 33: 9500 34: 9250 35: 8750 36: 7000 37: 6750 38: 6750 39: 7000 40: 7250 41: 6000 42: 3000   [mono-viol x3]
  P6  30: 6000 31: 5250 32: 5500 33: 5500 34: 5250 35: 5000 36: 3750 37: 3250 38: 3250 39: 3250 40: 3000 41: 3000 42: 1000   [mono-viol x1]
  DT  30: 6750 31: 5750 32: 5500 33: 5500 34: 5500 35: 4750 36: 3750 37: 3250 38: 3250 39: 3250 40: 3750 41: 4000 42:  750   [mono-viol x2]
  NT  30: 8750 31: 9000 32: 9000 33: 9000 34: 9000 35: 8500 36: 6750 37: 7000 38: 7000 39: 7000 40: 6750 41: 6250 42: 5000   [mono-viol x2]
  (28.973s)

hand 142: [00 22 40 42 51 52 60]
  P0  30:10000 31:10000 32: 9500 33: 9500 34: 9500 35: 9750 36: 9250 37: 9000 38: 9000 39: 9000 40: 8500 41: 8500 42: 6250   [mono-viol x1]
  P1  30: 5500 31: 5500 32: 5000 33: 5000 34: 4500 35: 3500 36: 3250 37: 3000 38: 3000 39: 3000 40: 2750 41: 2000 42: 1000
  P2  30:10000 31:10000 32: 9750 33: 9750 34: 9500 35: 9750 36: 9250 37: 8750 38: 8750 39: 8750 40: 8750 41: 8000 42: 5000   [mono-viol x1]
  P3  30: 4750 31: 4000 32: 3750 33: 3750 34: 3250 35: 3000 36: 2750 37: 2250 38: 2250 39: 2250 40: 2000 41: 1500 42:  750
  P4  30: 7500 31: 6750 32: 6500 33: 6500 34: 6000 35: 6000 36: 5500 37: 4500 38: 4500 39: 4500 40: 4500 41: 3500 42: 1250
  P5  30: 4750 31: 2750 32: 2250 33: 2250 34: 2250 35: 2250 36: 2000 37: 2000 38: 2000 39: 2250 40: 2000 41: 1500 42: 1000   [mono-viol x1]
  P6  30: 5750 31: 5250 32: 5500 33: 5500 34: 5250 35: 4500 36: 3750 37: 3250 38: 3250 39: 3250 40: 3000 41: 2250 42: 1250   [mono-viol x1]
  DT  30: 4750 31: 2750 32: 3000 33: 3000 34: 2500 35: 2000 36: 2000 37: 2250 38: 2250 39: 2000 40: 1500 41:  750 42:  500   [mono-viol x2]
  NT  30: 8000 31: 8500 32: 7250 33: 7250 34: 7750 35: 7250 36: 6250 37: 6000 38: 6000 39: 6250 40: 6000 41: 4750 42: 2750   [mono-viol x3]
  (34.779s)

hand 143: [00 10 20 32 41 54 55]
  P0  30: 9000 31: 9250 32: 9500 33: 9500 34: 9500 35: 9250 36: 7250 37: 6000 38: 6000 39: 6000 40: 5750 41: 5250 42: 3750   [mono-viol x2]
  P1  30: 7500 31: 7000 32: 7000 33: 7250 34: 7000 35: 6000 36: 5000 37: 5000 38: 5000 39: 5000 40: 4250 41: 1750 42:    0   [mono-viol x1]
  P2  30: 9500 31: 9250 32: 9250 33: 9250 34: 9250 35: 8000 36: 8250 37: 8000 38: 8000 39: 8000 40: 7500 41: 4750 42: 2250   [mono-viol x1]
  P3  30: 8500 31: 6750 32: 7000 33: 7000 34: 5750 35: 5500 36: 5500 37: 5750 38: 5750 39: 4750 40: 4000 41: 1250 42:  250   [mono-viol x2]
  P4  30: 5750 31: 4750 32: 4500 33: 4500 34: 4750 35: 4750 36: 5000 37: 5000 38: 5000 39: 5000 40: 5000 41: 4000 42: 1750   [mono-viol x2]
  P5  30: 9500 31: 9250 32: 9500 33: 9500 34: 9250 35: 9000 36: 7750 37: 7500 38: 7500 39: 7500 40: 7500 41: 6500 42: 4000   [mono-viol x1]
  P6  30: 7750 31: 6750 32: 6750 33: 6750 34: 6750 35: 5500 36: 5250 37: 5750 38: 5750 39: 5750 40: 5000 41: 3250 42:  500   [mono-viol x1]
  DT  30: 7500 31: 7250 32: 7500 33: 7500 34: 6500 35: 5750 36: 4500 37: 4500 38: 4500 39: 4500 40: 3750 41: 2500 42:  750   [mono-viol x1]
  NT  30: 9750 31: 9750 32: 9250 33: 9250 34: 8750 35: 8500 36: 7750 37: 7500 38: 7500 39: 7500 40: 7250 41: 7000 42: 6000
  (29.137s)

hand 144: [00 30 52 62 64 65 66]
  P0  30: 9000 31: 8750 32: 8500 33: 8500 34: 8500 35: 8500 36: 6750 37: 6250 38: 6250 39: 6250 40: 6250 41: 5250 42: 3750
  P1  30: 5500 31: 5500 32: 5500 33: 5250 34: 4750 35: 2750 36: 2750 37: 2750 38: 2750 39: 2750 40: 2000 41: 1500 42:  750
  P2  30: 9750 31: 9000 32: 9000 33: 9000 34: 9000 35: 8750 36: 8500 37: 8000 38: 8000 39: 8000 40: 7750 41: 6500 42: 2750
  P3  30: 7500 31: 7500 32: 7750 33: 7750 34: 6500 35: 5750 36: 5250 37: 5000 38: 5000 39: 5000 40: 4000 41: 3000 42: 1000   [mono-viol x1]
  P4  30: 8750 31: 8250 32: 8250 33: 8250 34: 8500 35: 7750 36: 6750 37: 7250 38: 7250 39: 7000 40: 6500 41: 5000 42: 2500   [mono-viol x2]
  P5  30: 8500 31: 7500 32: 3500 33: 3500 34: 3500 35: 3500 36: 3500 37: 3500 38: 3500 39: 3500 40: 3500 41: 3500 42: 2750
  P6  30:10000 31:10000 32:10000 33:10000 34:10000 35:10000 36:10000 37:10000 38:10000 39:10000 40:10000 41: 9750 42: 9250
  DT  30:10000 31: 9750 32: 9500 33: 9500 34: 9250 35: 9000 36: 7750 37: 7500 38: 7500 39: 7500 40: 7750 41: 6000 42: 3750   [mono-viol x1]
  NT  30:10000 31:10000 32:10000 33:10000 34:10000 35:10000 36:10000 37:10000 38:10000 39: 9750 40: 9750 41: 9750 42: 9250
  (44.242s)

hand 145: [11 30 43 53 55 61 66]
  P0  30: 6750 31: 6750 32: 6750 33: 6750 34: 6000 35: 5250 36: 4250 37: 4250 38: 4250 39: 4250 40: 4000 41: 3750 42: 1250
  P1  30:10000 31: 9750 32: 9750 33: 9750 34:10000 35: 9500 36: 9750 37: 9500 38: 9500 39: 9500 40: 9500 41: 7250 42: 5000   [mono-viol x2]
  P2  30: 8250 31: 9000 32: 8750 33: 8250 34: 7000 35: 6000 36: 5500 37: 6000 38: 6000 39: 6000 40: 4250 41: 2500 42:  500   [mono-viol x2]
  P3  30:10000 31:10000 32:10000 33:10000 34:10000 35:10000 36: 9500 37: 9000 38: 9000 39: 8750 40: 8750 41: 7000 42: 4250
  P4  30: 7250 31: 6000 32: 5750 33: 5750 34: 5750 35: 5750 36: 5500 37: 4750 38: 4750 39: 4750 40: 5000 41: 4750 42: 2750   [mono-viol x1]
  P5  30:10000 31:10000 32:10000 33:10000 34:10000 35:10000 36: 9750 37: 9750 38: 9750 39: 9750 40: 9250 41: 8750 42: 4250
  P6  30: 9500 31: 9750 32: 9500 33: 9500 34: 9500 35: 9500 36: 9000 37: 9000 38: 9250 39: 9000 40: 8250 41: 7000 42: 4500   [mono-viol x2]
  DT  30:10000 31:10000 32:10000 33:10000 34:10000 35: 9750 36: 9750 37: 9250 38: 9250 39: 9000 40: 8750 41: 7750 42: 4250
  NT  30:10000 31:10000 32:10000 33:10000 34:10000 35:10000 36: 9500 37: 9500 38: 9500 39: 9500 40: 9500 41: 9250 42: 7250
  (32.293s)

hand 146: [40 41 50 52 55 61 62]
  P0  30: 7750 31: 7500 32: 7000 33: 7250 34: 6500 35: 6000 36: 4750 37: 4750 38: 4750 39: 4500 40: 4250 41: 3500 42: 1500   [mono-viol x1]
  P1  30: 8000 31: 7250 32: 7000 33: 7000 34: 7000 35: 6500 36: 6000 37: 5500 38: 5500 39: 5500 40: 5500 41: 4750 42: 1500
  P2  30: 9250 31: 8000 32: 8000 33: 8250 34: 7750 35: 6750 36: 7000 37: 6000 38: 6000 39: 6000 40: 5500 41: 4500 42: 2250   [mono-viol x2]
  P3  30: 6000 31: 6000 32: 5500 33: 5500 34: 5000 35: 4250 36: 4000 37: 3750 38: 3750 39: 3500 40: 3750 41: 2250 42: 1000   [mono-viol x1]
  P4  30: 6000 31: 5500 32: 4750 33: 4750 34: 5000 35: 5000 36: 5250 37: 4750 38: 4750 39: 4500 40: 3500 41: 2250 42: 1250   [mono-viol x2]
  P5  30: 9500 31: 9250 32: 9250 33: 9250 34: 9250 35: 8750 36: 7750 37: 7250 38: 7250 39: 7250 40: 7250 41: 5000 42: 3250
  P6  30: 7250 31: 6250 32: 6250 33: 6250 34: 6500 35: 6000 36: 5000 37: 4500 38: 4500 39: 4500 40: 4000 41: 3500 42: 1500   [mono-viol x1]
  DT  30: 7000 31: 6750 32: 6500 33: 6500 34: 5750 35: 4750 36: 4250 37: 3750 38: 3750 39: 3500 40: 3000 41: 1750 42:  750
  NT  30: 8250 31: 8000 32: 7250 33: 7250 34: 7250 35: 7500 36: 6000 37: 5750 38: 5750 39: 5750 40: 6000 41: 4250 42: 3750   [mono-viol x2]
  (27.715s)

hand 147: [21 33 42 51 53 62 66]
  P0  30: 5750 31: 5000 32: 5000 33: 5000 34: 4000 35: 3750 36: 3000 37: 3500 38: 3500 39: 3250 40: 2500 41: 1750 42:  750   [mono-viol x1]
  P1  30: 9000 31: 7750 32: 8250 33: 8250 34: 8250 35: 6750 36: 5750 37: 5000 38: 5000 39: 5000 40: 4750 41: 4250 42: 1750   [mono-viol x1]
  P2  30: 9750 31: 9250 32: 9250 33: 9250 34: 9250 35: 9000 36: 8000 37: 7500 38: 7500 39: 7500 40: 7750 41: 6250 42: 1500   [mono-viol x1]
  P3  30:10000 31: 9750 32: 9500 33: 9500 34: 9000 35: 9000 36: 8750 37: 7750 38: 7750 39: 7750 40: 8000 41: 7000 42: 4500   [mono-viol x1]
  P4  30: 5750 31: 5000 32: 4500 33: 4500 34: 4500 35: 4250 36: 4000 37: 3000 38: 3000 39: 3000 40: 3250 41: 2250 42: 1500   [mono-viol x1]
  P5  30: 7250 31: 4750 32: 3500 33: 3500 34: 3500 35: 3250 36: 3250 37: 3250 38: 3250 39: 3250 40: 2750 41: 3000 42: 2000   [mono-viol x1]
  P6  30: 8250 31: 8000 32: 7750 33: 7750 34: 7750 35: 8000 36: 6500 37: 5500 38: 5500 39: 5500 40: 6000 41: 4500 42: 1750   [mono-viol x2]
  DT  30: 7500 31: 7250 32: 7000 33: 6750 34: 6500 35: 6500 36: 4750 37: 4750 38: 4750 39: 4500 40: 4250 41: 2750 42: 1250
  NT  30: 8250 31: 8000 32: 8250 33: 8250 34: 8250 35: 7500 36: 6500 37: 6750 38: 6750 39: 6750 40: 7000 41: 6250 42: 5750   [mono-viol x3]
  (32.403s)

hand 148: [20 33 42 43 44 51 61]
  P0  30: 4750 31: 4500 32: 4500 33: 4500 34: 4750 35: 4500 36: 4000 37: 3750 38: 3750 39: 3750 40: 3250 41: 2000 42: 1000   [mono-viol x1]
  P1  30: 9500 31: 9250 32: 9250 33: 9250 34: 9250 35: 8250 36: 7750 37: 7250 38: 7250 39: 7250 40: 6750 41: 5750 42: 2500
  P2  30: 8250 31: 8000 32: 8250 33: 8250 34: 8250 35: 6500 36: 6500 37: 6000 38: 6000 39: 6000 40: 5250 41: 3750 42: 1750   [mono-viol x1]
  P3  30: 9500 31: 9250 32: 8500 33: 8500 34: 8500 35: 7750 36: 7750 37: 6750 38: 6750 39: 6750 40: 5500 41: 4750 42: 2000
  P4  30: 9500 31: 9500 32: 8750 33: 8750 34: 9000 35: 8250 36: 8000 37: 7750 38: 7750 39: 7750 40: 8250 41: 6500 42: 4250   [mono-viol x2]
  P5  30: 6000 31: 3250 32: 2500 33: 2500 34: 2500 35: 2500 36: 2500 37: 2500 38: 2500 39: 2500 40: 2250 41: 2000 42: 1000
  P6  30: 7250 31: 7000 32: 6250 33: 6250 34: 6250 35: 5750 36: 5250 37: 4000 38: 4000 39: 4000 40: 3500 41: 2750 42: 1000
  DT  30: 5000 31: 4500 32: 4000 33: 4000 34: 3750 35: 3500 36: 3000 37: 2250 38: 2250 39: 2250 40: 2000 41: 1250 42:  250
  NT  30: 9250 31: 8500 32: 8500 33: 8500 34: 8500 35: 8500 36: 8250 37: 7250 38: 7250 39: 7250 40: 6750 41: 5500 42: 5500
  (28.930s)

hand 149: [00 30 31 32 41 42 53]
  P0  30: 6250 31: 6500 32: 6250 33: 6250 34: 5500 35: 4750 36: 4000 37: 3500 38: 3500 39: 3500 40: 3000 41: 2750 42: 1000   [mono-viol x1]
  P1  30: 6750 31: 6500 32: 6250 33: 5750 34: 5750 35: 5000 36: 5250 37: 5000 38: 5000 39: 4750 40: 3500 41: 2500 42: 1000   [mono-viol x1]
  P2  30: 5750 31: 5000 32: 5500 33: 5000 34: 4750 35: 3500 36: 3000 37: 3500 38: 3500 39: 3250 40: 4000 41: 1500 42:  250   [mono-viol x3]
  P3  30: 9750 31: 9750 32: 9500 33: 9500 34: 9500 35: 8750 36: 8250 37: 8500 38: 8500 39: 8250 40: 7500 41: 6500 42: 2750   [mono-viol x1]
  P4  30: 7750 31: 7250 32: 6750 33: 6750 34: 6750 35: 5750 36: 5000 37: 4750 38: 4750 39: 4750 40: 4750 41: 3250 42: 1500
  P5  30: 4000 31: 2750 32: 2250 33: 2250 34: 2250 35: 2000 36: 2250 37: 2250 38: 2250 39: 2250 40: 2250 41: 1750 42: 1000   [mono-viol x1]
  P6  30: 4500 31: 4500 32: 4500 33: 4500 34: 4500 35: 4000 36: 3750 37: 3750 38: 3750 39: 4000 40: 2750 41: 1750 42: 1250   [mono-viol x1]
  DT  30: 3500 31: 3000 32: 3000 33: 2750 34: 2500 35: 2250 36: 2000 37: 2500 38: 2500 39: 2250 40: 1750 41: 1000 42:  250   [mono-viol x1]
  NT  30: 5500 31: 5750 32: 5000 33: 4750 34: 4750 35: 4750 36: 4250 37: 4750 38: 4750 39: 4750 40: 4750 41: 4250 42: 2750   [mono-viol x2]
  (27.990s)

hand 150: [21 32 40 51 54 55 62]
  P0  30: 5250 31: 4750 32: 4500 33: 4250 34: 3750 35: 4250 36: 3000 37: 3250 38: 3250 39: 3250 40: 2750 41: 3250 42: 1000   [mono-viol x3]
  P1  30: 7000 31: 6000 32: 5750 33: 5500 34: 4750 35: 4750 36: 4000 37: 4500 38: 4500 39: 4750 40: 4000 41: 2750 42: 1250   [mono-viol x2]
  P2  30: 9250 31: 9000 32: 9000 33: 9250 34: 9000 35: 8750 36: 9000 37: 8500 38: 8500 39: 8250 40: 8000 41: 6250 42: 2250   [mono-viol x2]
  P3  30: 4750 31: 5250 32: 5500 33: 5750 34: 4750 35: 3250 36: 2750 37: 3250 38: 3250 39: 3500 40: 3250 41: 2250 42: 1000   [mono-viol x5]
  P4  30: 6000 31: 5500 32: 5250 33: 5250 34: 5250 35: 5000 36: 5250 37: 4500 38: 4500 39: 4750 40: 4750 41: 3500 42: 2000   [mono-viol x2]
  P5  30:10000 31: 9750 32: 9750 33: 9750 34: 8750 35: 7750 36: 8250 37: 8250 38: 8250 39: 8500 40: 7750 41: 5750 42: 3500   [mono-viol x2]
  P6  30: 5750 31: 4750 32: 4750 33: 4750 34: 4500 35: 4000 36: 3250 37: 3750 38: 3750 39: 3750 40: 3000 41: 2250 42: 1000   [mono-viol x1]
  DT  30: 6750 31: 6000 32: 5250 33: 5250 34: 4750 35: 3750 36: 3750 37: 3500 38: 3500 39: 3500 40: 2500 41: 2250 42: 1500
  NT  30: 8250 31: 7250 32: 7250 33: 7250 34: 7250 35: 6250 36: 5250 37: 5750 38: 5500 39: 5250 40: 5500 41: 4750 42: 3000   [mono-viol x2]
  (25.965s)

hand 151: [11 22 41 50 52 60 66]
  P0  30:10000 31: 9500 32: 9500 33: 9250 34: 9000 35: 8250 36: 8000 37: 7250 38: 7250 39: 7250 40: 7000 41: 6750 42: 3500
  P1  30: 9000 31: 8500 32: 7500 33: 7500 34: 7750 35: 7750 36: 6750 37: 7000 38: 7000 39: 7000 40: 6500 41: 5500 42: 2500   [mono-viol x2]
  P2  30: 9500 31: 9250 32: 9000 33: 9000 34: 9000 35: 8500 36: 7500 37: 7000 38: 7000 39: 6750 40: 6500 41: 6750 42: 3750   [mono-viol x1]
  P3  30: 6750 31: 6750 32: 6000 33: 6000 34: 5750 35: 5000 36: 5250 37: 4750 38: 4750 39: 4750 40: 3750 41: 3250 42: 1000   [mono-viol x1]
  P4  30: 7000 31: 6000 32: 5000 33: 5000 34: 5000 35: 5000 36: 4750 37: 4000 38: 4000 39: 4000 40: 4000 41: 3250 42: 1000
  P5  30: 6750 31: 4750 32: 3500 33: 3500 34: 3500 35: 3500 36: 3500 37: 3250 38: 3250 39: 3250 40: 3500 41: 2750 42: 2000   [mono-viol x1]
  P6  30: 8500 31: 8500 32: 8250 33: 8250 34: 8000 35: 7500 36: 7000 37: 6250 38: 6250 39: 6500 40: 6250 41: 4750 42: 2500   [mono-viol x1]
  DT  30: 8000 31: 7750 32: 7250 33: 7250 34: 7000 35: 6750 36: 6000 37: 4500 38: 4750 39: 4750 40: 4000 41: 3250 42:  750   [mono-viol x1]
  NT  30: 9750 31: 9250 32: 9000 33: 9000 34: 8750 35: 8750 36: 8000 37: 7750 38: 7750 39: 7750 40: 7500 41: 7000 42: 5750
  (37.631s)

hand 152: [20 21 30 40 41 52 61]
  P0  30: 7250 31: 6750 32: 6250 33: 6250 34: 7000 35: 6000 36: 3500 37: 3000 38: 3000 39: 3000 40: 2250 41: 1750 42:  750   [mono-viol x1]
  P1  30: 9000 31: 9000 32: 8500 33: 8250 34: 8750 35: 7000 36: 6500 37: 6250 38: 6250 39: 6000 40: 5500 41: 3750 42: 1000   [mono-viol x1]
  P2  30: 7500 31: 6500 32: 6500 33: 6750 34: 6500 35: 6000 36: 5500 37: 4750 38: 4750 39: 4000 40: 3250 41: 3000 42: 2000   [mono-viol x1]
  P3  30: 2750 31: 2500 32: 2750 33: 2750 34: 2500 35: 2500 36: 2000 37: 2250 38: 2250 39: 2000 40: 2000 41: 1500 42: 1250   [mono-viol x2]
  P4  30: 3750 31: 3750 32: 3500 33: 3000 34: 3500 35: 2750 36: 2750 37: 2250 38: 2000 39: 1500 40: 2000 41: 1750 42:    0   [mono-viol x2]
  P5  30: 3250 31: 3250 32: 3000 33: 3000 34: 2750 35: 2250 36: 1500 37: 1750 38: 1750 39: 1750 40: 1750 41: 1000 42: 1000   [mono-viol x1]
  P6  30: 2750 31: 3000 32: 3000 33: 3000 34: 3250 35: 2000 36: 2250 37: 2000 38: 2000 39: 2000 40: 1750 41: 1250 42: 1000   [mono-viol x3]
  DT  30: 3750 31: 3750 32: 3750 33: 3500 34: 3250 35: 3250 36: 2250 37: 2000 38: 1750 39: 1500 40: 1500 41: 1250 42:  500
  NT  30: 4000 31: 3500 32: 3500 33: 3750 34: 3000 35: 2250 36: 2750 37: 2750 38: 2750 39: 2500 40: 2750 41: 2250 42: 1250   [mono-viol x3]
  (21.302s)

hand 153: [22 41 42 44 51 54 66]
  P0  30: 5250 31: 4750 32: 5250 33: 5250 34: 5000 35: 4000 36: 4000 37: 4000 38: 4000 39: 3500 40: 3250 41: 2000 42:  500   [mono-viol x1]
  P1  30:10000 31: 9000 32: 9250 33: 9250 34: 9000 35: 8750 36: 8750 37: 8750 38: 8750 39: 8750 40: 8250 41: 6250 42: 2500   [mono-viol x1]
  P2  30: 9000 31: 9000 32: 8500 33: 8500 34: 8500 35: 8000 36: 8000 37: 7500 38: 7500 39: 7500 40: 7250 41: 6500 42: 3500
  P3  30: 7750 31: 7500 32: 7500 33: 7500 34: 6750 35: 6500 36: 5750 37: 5250 38: 5250 39: 5250 40: 4250 41: 2750 42: 1000
  P4  30:10000 31:10000 32: 9250 33: 9250 34: 9250 35: 9250 36: 9500 37: 9750 38: 9750 39: 9750 40: 9500 41: 8750 42: 8250   [mono-viol x2]
  P5  30: 9000 31: 6250 32: 3250 33: 3250 34: 3250 35: 3250 36: 3250 37: 3250 38: 3250 39: 3250 40: 3250 41: 3250 42: 2750
  P6  30: 9250 31: 8750 32: 7750 33: 7750 34: 7750 35: 8500 36: 8250 37: 6250 38: 6250 39: 6250 40: 6500 41: 5250 42: 2750   [mono-viol x2]
  DT  30:10000 31: 8750 32: 8500 33: 8250 34: 8500 35: 8500 36: 7250 37: 6500 38: 6500 39: 6500 40: 6500 41: 5500 42: 3000   [mono-viol x1]
  NT  30: 9750 31: 9250 32: 8000 33: 8000 34: 8250 35: 8500 36: 7500 37: 7500 38: 7500 39: 7500 40: 7500 41: 7250 42: 7000   [mono-viol x2]
  (43.839s)

hand 154: [11 22 30 51 52 53 60]
  P0  30: 8000 31: 7750 32: 7500 33: 7500 34: 7500 35: 6500 36: 5250 37: 5500 38: 5500 39: 5500 40: 5000 41: 3500 42: 1750   [mono-viol x1]
  P1  30: 9250 31: 8500 32: 8500 33: 8500 34: 8500 35: 7750 36: 6500 37: 6000 38: 6000 39: 6000 40: 6000 41: 5250 42: 3250
  P2  30: 9000 31: 8000 32: 8000 33: 8000 34: 7750 35: 7750 36: 6250 37: 6250 38: 6250 39: 6250 40: 6000 41: 4750 42: 2250
  P3  30: 8250 31: 7750 32: 7000 33: 7000 34: 7000 35: 6500 36: 5750 37: 4500 38: 4500 39: 4250 40: 4500 41: 2750 42: 2000   [mono-viol x1]
  P4  30: 4000 31: 4250 32: 4250 33: 4250 34: 3500 35: 3250 36: 3250 37: 2500 38: 2500 39: 1750 40: 1500 41: 1000 42:  250   [mono-viol x1]
  P5  30: 6500 31: 5000 32: 3000 33: 3000 34: 3000 35: 3000 36: 3000 37: 3000 38: 3000 39: 3000 40: 3000 41: 2750 42: 1500
  P6  30: 5000 31: 4750 32: 4250 33: 4250 34: 4250 35: 3750 36: 3750 37: 3000 38: 3000 39: 3000 40: 3000 41: 1500 42:  750
  DT  30: 4500 31: 3500 32: 3250 33: 3250 34: 3250 35: 2750 36: 2250 37: 2250 38: 2250 39: 2000 40: 1500 41:  750 42:  250
  NT  30: 7750 31: 7000 32: 5750 33: 5750 34: 5750 35: 5750 36: 5000 37: 4000 38: 4000 39: 4000 40: 4000 41: 3750 42: 2750
  (28.090s)

hand 155: [10 11 33 40 54 64 66]
  P0  30: 8500 31: 8750 32: 8750 33: 8500 34: 7750 35: 7000 36: 5500 37: 4750 38: 4750 39: 4750 40: 4750 41: 3500 42: 1500   [mono-viol x1]
  P1  30: 9500 31: 9750 32: 9750 33: 9750 34: 9250 35: 8250 36: 7750 37: 7250 38: 7250 39: 7000 40: 6500 41: 6000 42: 3500   [mono-viol x1]
  P2  30: 8000 31: 7750 32: 7750 33: 8250 34: 7250 35: 6500 36: 5250 37: 4750 38: 4750 39: 4750 40: 4500 41: 3250 42:  500   [mono-viol x1]
  P3  30: 9000 31: 8500 32: 8500 33: 8500 34: 8000 35: 7000 36: 6250 37: 6750 38: 6750 39: 6500 40: 6500 41: 5000 42: 3250   [mono-viol x1]
  P4  30:10000 31:10000 32:10000 33:10000 34:10000 35:10000 36:10000 37: 9750 38: 9750 39: 9750 40: 9750 41: 8750 42: 2500
  P5  30: 7750 31: 6500 32: 4250 33: 4250 34: 4250 35: 4250 36: 4250 37: 4250 38: 4250 39: 4250 40: 4250 41: 3750 42: 2750
  P6  30:10000 31:10000 32:10000 33:10000 34:10000 35: 9750 36: 9500 37: 9750 38: 9750 39: 9750 40: 9250 41: 8250 42: 5500   [mono-viol x1]
  DT  30:10000 31:10000 32:10000 33:10000 34:10000 35: 9500 36: 9000 37: 7750 38: 7750 39: 7750 40: 7250 41: 7000 42: 4250
  NT  30:10000 31:10000 32:10000 33:10000 34:10000 35:10000 36: 9750 37: 9750 38: 9750 39: 9750 40: 9750 41: 9000 42: 8000
  (33.525s)

hand 156: [00 21 42 44 50 55 63]
  P0  30: 9750 31: 9750 32: 9750 33: 9750 34: 9750 35: 9750 36: 9250 37: 8500 38: 8500 39: 8250 40: 8250 41: 6500 42: 2750
  P1  30: 6500 31: 6000 32: 5750 33: 5500 34: 5500 35: 4250 36: 3250 37: 3500 38: 3500 39: 3500 40: 3500 41: 2750 42: 1500   [mono-viol x1]
  P2  30: 9250 31: 8750 32: 8750 33: 8750 34: 8750 35: 7000 36: 6250 37: 5500 38: 5500 39: 5500 40: 5000 41: 3500 42: 1750
  P3  30: 8750 31: 8250 32: 8250 33: 8250 34: 8250 35: 7250 36: 7000 37: 7000 38: 7000 39: 6750 40: 6000 41: 4750 42: 3500
  P4  30: 9750 31: 9500 32: 9500 33: 9500 34: 9750 35: 9750 36: 9250 37: 9250 38: 9250 39: 9250 40: 8000 41: 8000 42: 4500   [mono-viol x1]
  P5  30: 9500 31: 9750 32: 9750 33: 9750 34: 9750 35: 9500 36: 8750 37: 8750 38: 8750 39: 8750 40: 8500 41: 5500 42: 2750   [mono-viol x1]
  P6  30: 8250 31: 8000 32: 7750 33: 7750 34: 7750 35: 7500 36: 6750 37: 7000 38: 7000 39: 6750 40: 6500 41: 3750 42: 1000   [mono-viol x1]
  DT  30: 9250 31: 8750 32: 9000 33: 9000 34: 8750 35: 7500 36: 6500 37: 5750 38: 5750 39: 5750 40: 6500 41: 4250 42: 1000   [mono-viol x2]
  NT  30:10000 31:10000 32:10000 33:10000 34:10000 35: 9750 36: 9250 37: 8500 38: 8500 39: 8250 40: 8500 41: 7750 42: 6750   [mono-viol x1]
  (30.708s)

hand 157: [11 20 31 43 54 61 62]
  P0  30: 3250 31: 2750 32: 2750 33: 2750 34: 2500 35: 2250 36: 1750 37: 1750 38: 1750 39: 1500 40: 1500 41: 1500 42:  750
  P1  30:10000 31: 9750 32: 9250 33: 9250 34: 9250 35: 8750 36: 9500 37: 9000 38: 9000 39: 9000 40: 8500 41: 8000 42: 6750   [mono-viol x1]
  P2  30: 7500 31: 7000 32: 7250 33: 7250 34: 7000 35: 5500 36: 5500 37: 5000 38: 5000 39: 4500 40: 4500 41: 3500 42: 1500   [mono-viol x1]
  P3  30: 6250 31: 5500 32: 5750 33: 5750 34: 4750 35: 4250 36: 2750 37: 2500 38: 2500 39: 2250 40: 2500 41: 1000 42:  250   [mono-viol x2]
  P4  30: 7250 31: 6250 32: 6000 33: 6000 34: 6250 35: 5750 36: 5000 37: 5250 38: 5250 39: 5250 40: 4750 41: 3750 42:  500   [mono-viol x2]
  P5  30: 4000 31: 2500 32: 2000 33: 2000 34: 2000 35: 2250 36: 2500 37: 2000 38: 2000 39: 2000 40: 1500 41: 1500 42: 1000   [mono-viol x2]
  P6  30: 7250 31: 7000 32: 6500 33: 6500 34: 5750 35: 6000 36: 6250 37: 5500 38: 5500 39: 5500 40: 4750 41: 3000 42: 1500   [mono-viol x2]
  DT  30: 3750 31: 3500 32: 3250 33: 3250 34: 3500 35: 3000 36: 2500 37: 2750 38: 2750 39: 2750 40: 2500 41: 1500 42: 1000   [mono-viol x2]
  NT  30: 6000 31: 6250 32: 5500 33: 5500 34: 5750 35: 5500 36: 4500 37: 4750 38: 4750 39: 5000 40: 4750 41: 4000 42: 2250   [mono-viol x4]
  (26.842s)

hand 158: [00 32 40 41 53 55 63]
  P0  30: 9000 31: 8000 32: 8250 33: 8250 34: 8000 35: 8000 36: 6250 37: 6000 38: 6000 39: 6250 40: 6000 41: 5000 42: 4250   [mono-viol x2]
  P1  30: 5250 31: 5000 32: 5000 33: 5000 34: 4750 35: 3250 36: 3750 37: 3500 38: 3500 39: 3500 40: 3000 41: 1500 42: 1250   [mono-viol x1]
  P2  30: 6750 31: 6000 32: 6000 33: 5500 34: 5250 35: 4500 36: 4750 37: 4000 38: 4000 39: 4000 40: 3000 41: 2000 42:  500   [mono-viol x1]
  P3  30:10000 31: 9750 32: 9750 33: 9750 34: 9750 35: 9500 36: 8750 37: 9000 38: 9000 39: 9000 40: 9250 41: 7500 42: 3000   [mono-viol x2]
  P4  30: 6250 31: 6000 32: 5750 33: 5750 34: 6000 35: 5750 36: 5500 37: 5250 38: 5250 39: 5500 40: 4750 41: 3750 42: 2000   [mono-viol x2]
  P5  30: 9750 31: 9500 32: 9500 33: 9500 34: 9000 35: 8000 36: 8250 37: 6500 38: 6500 39: 6500 40: 6500 41: 5500 42: 2500   [mono-viol x1]
  P6  30: 7000 31: 6500 32: 6500 33: 6750 34: 6500 35: 5750 36: 5250 37: 5750 38: 5750 39: 5250 40: 4000 41: 3000 42:  500   [mono-viol x2]
  DT  30: 6500 31: 6500 32: 6750 33: 6750 34: 6500 35: 5000 36: 4500 37: 4000 38: 4000 39: 4000 40: 3250 41: 2250 42:  750   [mono-viol x1]
  NT  30: 9500 31: 9250 32: 8750 33: 8750 34: 8500 35: 8750 36: 8000 37: 7750 38: 7750 39: 7750 40: 7750 41: 6500 42: 4750   [mono-viol x1]
  (29.515s)

hand 159: [30 33 44 50 54 61 62]
  P0  30: 8000 31: 7250 32: 7250 33: 7250 34: 7500 35: 6000 36: 5250 37: 5250 38: 5250 39: 5250 40: 4750 41: 2250 42:  500   [mono-viol x1]
  P1  30: 6250 31: 6250 32: 6000 33: 6000 34: 5500 35: 4500 36: 4500 37: 3250 38: 3250 39: 3250 40: 3000 41: 2750 42: 1500
  P2  30: 7250 31: 7000 32: 6500 33: 6500 34: 6500 35: 6250 36: 4250 37: 4500 38: 4500 39: 4250 40: 3750 41: 2500 42: 1500   [mono-viol x1]
  P3  30: 8500 31: 8000 32: 8750 33: 8750 34: 9000 35: 7250 36: 7250 37: 5500 38: 5500 39: 5250 40: 4750 41: 4500 42: 2000   [mono-viol x2]
  P4  30: 9250 31: 8750 32: 8750 33: 8750 34: 8750 35: 8000 36: 7250 37: 7500 38: 7500 39: 7500 40: 7500 41: 6250 42: 4250   [mono-viol x1]
  P5  30: 7000 31: 5250 32: 4000 33: 4000 34: 4000 35: 3500 36: 3750 37: 3500 38: 3500 39: 3500 40: 4000 41: 2750 42: 2500   [mono-viol x2]
  P6  30: 7750 31: 7250 32: 6750 33: 6750 34: 7000 35: 7000 36: 7000 37: 6500 38: 6500 39: 6500 40: 6500 41: 6500 42: 3250   [mono-viol x1]
  DT  30: 6750 31: 6000 32: 5250 33: 5250 34: 5000 35: 4500 36: 4750 37: 3750 38: 3750 39: 3750 40: 3500 41: 2250 42: 1500   [mono-viol x1]
  NT  30: 9500 31: 9000 32: 8750 33: 8750 34: 8750 35: 8500 36: 8250 37: 8250 38: 8250 39: 8250 40: 7500 41: 7500 42: 6000
  (32.565s)

hand 160: [00 11 21 22 62 63 65]
  P0  30: 6250 31: 6000 32: 5000 33: 5000 34: 5250 35: 4750 36: 4000 37: 3250 38: 3250 39: 3250 40: 3500 41: 2500 42: 1250   [mono-viol x2]
  P1  30: 9000 31: 8750 32: 8500 33: 8250 34: 8250 35: 8250 36: 6500 37: 6500 38: 6500 39: 6250 40: 6000 41: 5250 42: 2750
  P2  30:10000 31:10000 32:10000 33:10000 34:10000 35:10000 36:10000 37:10000 38:10000 39:10000 40:10000 41:10000 42: 7000
  P3  30: 6750 31: 6750 32: 6250 33: 6250 34: 5750 35: 5750 36: 4500 37: 5000 38: 5000 39: 5000 40: 4250 41: 3000 42:  750   [mono-viol x1]
  P4  30: 5000 31: 5000 32: 4750 33: 4750 34: 4500 35: 4250 36: 3750 37: 3250 38: 3250 39: 3250 40: 3000 41: 2500 42: 2000
  P5  30: 8250 31: 5500 32: 2750 33: 2750 34: 2750 35: 2750 36: 2500 37: 2500 38: 2500 39: 2500 40: 2500 41: 2500 42: 1750
  P6  30:10000 31:10000 32:10000 33:10000 34:10000 35:10000 36:10000 37:10000 38:10000 39:10000 40:10000 41:10000 42: 3000
  DT  30: 8250 31: 5000 32: 4500 33: 4500 34: 4500 35: 4750 36: 4250 37: 4250 38: 4250 39: 4250 40: 4000 41: 3500 42: 1500   [mono-viol x1]
  NT  30:10000 31: 9750 32: 8750 33: 9000 34: 9250 35: 9500 36: 9250 37: 9250 38: 9250 39: 9000 40: 9000 41: 8750 42: 5250   [mono-viol x3]
  (38.906s)

hand 161: [10 11 40 43 50 53 64]
  P0  30: 9250 31: 9250 32: 9000 33: 9000 34: 9250 35: 9000 36: 7750 37: 7500 38: 7500 39: 7500 40: 6500 41: 4750 42: 1250   [mono-viol x1]
  P1  30: 7000 31: 6500 32: 6000 33: 6250 34: 6000 35: 5250 36: 5500 37: 5250 38: 5250 39: 5250 40: 5000 41: 3250 42: 2000   [mono-viol x2]
  P2  30: 5750 31: 6250 32: 6250 33: 6250 34: 5250 35: 4000 36: 3750 37: 3500 38: 3500 39: 3500 40: 3250 41: 1750 42:  750   [mono-viol x1]
  P3  30: 8000 31: 7500 32: 7500 33: 7500 34: 7000 35: 6000 36: 6000 37: 5750 38: 5750 39: 5750 40: 5500 41: 3750 42: 1500
  P4  30: 9750 31: 9750 32: 9500 33: 9500 34: 9500 35: 9500 36: 8500 37: 7250 38: 7250 39: 7250 40: 7500 41: 5750 42: 3000   [mono-viol x1]
  P5  30: 5250 31: 3000 32: 2500 33: 2500 34: 2750 35: 2500 36: 2500 37: 2500 38: 2500 39: 2500 40: 2250 41: 1750 42: 1250   [mono-viol x1]
  P6  30: 8500 31: 7250 32: 7000 33: 7000 34: 6250 35: 6250 36: 5750 37: 5250 38: 5250 39: 5250 40: 5000 41: 4000 42: 1750
  DT  30: 4500 31: 3500 32: 3500 33: 3500 34: 3750 35: 3500 36: 3250 37: 2500 38: 2500 39: 2750 40: 2000 41: 1750 42: 1250   [mono-viol x2]
  NT  30: 7000 31: 6750 32: 7500 33: 7500 34: 7250 35: 7000 36: 6750 37: 6250 38: 6250 39: 6500 40: 6500 41: 5000 42: 3750   [mono-viol x2]
  (33.189s)

hand 162: [20 32 42 43 50 62 64]
  P0  30: 7500 31: 7500 32: 7500 33: 7500 34: 6500 35: 5500 36: 4500 37: 4000 38: 4000 39: 4250 40: 3500 41: 2750 42: 1250   [mono-viol x1]
  P1  30: 5000 31: 4500 32: 4250 33: 4250 34: 3750 35: 2750 36: 3000 37: 3000 38: 3000 39: 3000 40: 2250 41: 1250 42:  250   [mono-viol x1]
  P2  30: 9250 31: 8000 32: 7750 33: 7750 34: 7500 35: 8000 36: 6500 37: 6500 38: 6500 39: 6250 40: 6000 41: 5500 42: 2500   [mono-viol x1]
  P3  30: 6250 31: 6500 32: 6250 33: 6000 34: 5500 35: 5000 36: 4250 37: 4250 38: 4250 39: 3500 40: 2750 41: 2000 42: 1000   [mono-viol x1]
  P4  30: 9000 31: 8500 32: 8500 33: 8250 34: 8250 35: 7500 36: 6250 37: 5250 38: 5250 39: 5250 40: 6000 41: 4000 42: 1500   [mono-viol x1]
  P5  30: 5000 31: 4750 32: 4500 33: 4250 34: 4000 35: 3250 36: 3250 37: 3250 38: 3250 39: 3000 40: 2750 41: 1500 42: 1000
  P6  30: 7750 31: 8000 32: 7750 33: 8000 34: 7500 35: 5750 36: 5750 37: 4250 38: 4250 39: 4250 40: 3500 41: 1750 42: 1000   [mono-viol x2]
  DT  30: 7250 31: 7000 32: 6750 33: 6250 34: 5750 35: 5000 36: 4250 37: 4000 38: 4000 39: 3750 40: 3000 41: 1750 42: 1000
  NT  30: 7250 31: 7000 32: 6500 33: 6000 34: 5750 35: 5500 36: 4500 37: 4250 38: 4250 39: 4500 40: 3750 41: 3500 42: 2750   [mono-viol x1]
  (27.668s)

hand 163: [21 33 42 51 53 63 66]
  P0  30: 4750 31: 4250 32: 4500 33: 4500 34: 4000 35: 2500 36: 3000 37: 2500 38: 2500 39: 2500 40: 2500 41: 1500 42:  500   [mono-viol x2]
  P1  30: 8500 31: 8500 32: 8500 33: 8250 34: 7500 35: 6750 36: 6000 37: 5250 38: 5250 39: 5250 40: 5250 41: 5000 42: 1750
  P2  30: 7750 31: 7500 32: 8000 33: 8000 34: 7750 35: 6750 36: 6250 37: 6250 38: 6250 39: 6250 40: 5750 41: 3250 42:  750   [mono-viol x1]
  P3  30:10000 31:10000 32:10000 33:10000 34:10000 35:10000 36: 9750 37: 9750 38: 9750 39: 9750 40: 9750 41: 9500 42: 8250
  P4  30: 7250 31: 6500 32: 5750 33: 5750 34: 5750 35: 5500 36: 5500 37: 5000 38: 5000 39: 5000 40: 4750 41: 3750 42: 2250
  P5  30: 6750 31: 4000 32: 2500 33: 2500 34: 2500 35: 2500 36: 2500 37: 2500 38: 2500 39: 2500 40: 2500 41: 2000 42: 1250
  P6  30: 8250 31: 8250 32: 7250 33: 7250 34: 7000 35: 6750 36: 6500 37: 5500 38: 5500 39: 5000 40: 5000 41: 3750 42: 2250
  DT  30: 7750 31: 8000 32: 7500 33: 7500 34: 7000 35: 6250 36: 4500 37: 3750 38: 3750 39: 3750 40: 3750 41: 3000 42: 1250   [mono-viol x1]
  NT  30: 9250 31: 8750 32: 8000 33: 8000 34: 7750 35: 7500 36: 7000 37: 7250 38: 7250 39: 7250 40: 7000 41: 6500 42: 5000   [mono-viol x1]
  (35.742s)

hand 164: [00 32 41 44 51 52 60]
  P0  30: 8750 31: 8500 32: 8500 33: 8500 34: 8500 35: 8000 36: 7500 37: 6250 38: 6250 39: 6250 40: 6250 41: 6000 42: 4250
  P1  30: 7500 31: 7000 32: 7250 33: 7000 34: 6500 35: 6000 36: 5250 37: 5250 38: 5250 39: 5250 40: 4500 41: 2750 42: 1000   [mono-viol x1]
  P2  30: 8000 31: 8000 32: 8000 33: 8000 34: 8500 35: 7000 36: 5250 37: 5000 38: 5000 39: 4750 40: 3750 41: 2500 42: 1250   [mono-viol x1]
  P3  30: 6250 31: 5500 32: 5250 33: 5250 34: 5250 35: 4500 36: 3500 37: 3500 38: 3500 39: 3500 40: 3000 41: 2000 42: 1000
  P4  30: 7000 31: 7000 32: 6750 33: 6750 34: 6500 35: 6000 36: 4750 37: 4750 38: 4750 39: 4250 40: 4750 41: 2750 42: 1500   [mono-viol x1]
  P5  30: 5250 31: 4000 32: 3250 33: 3250 34: 3250 35: 3000 36: 2250 37: 2750 38: 2750 39: 2750 40: 2750 41: 1750 42:  750   [mono-viol x1]
  P6  30: 5500 31: 4750 32: 4500 33: 4500 34: 4500 35: 4250 36: 3000 37: 3500 38: 3500 39: 3500 40: 3000 41: 2000 42:  500   [mono-viol x1]
  DT  30: 5000 31: 3750 32: 3250 33: 3250 34: 3000 35: 2750 36: 1750 37: 1250 38: 1250 39: 1250 40: 1500 41: 1000 42:  250   [mono-viol x1]
  NT  30: 8000 31: 7250 32: 6750 33: 6750 34: 6750 35: 6500 36: 5750 37: 5000 38: 5000 39: 5000 40: 5250 41: 5000 42: 3000   [mono-viol x1]
  (25.090s)

hand 165: [00 10 20 22 43 44 62]
  P0  30:10000 31:10000 32:10000 33:10000 34: 9750 35: 9500 36: 9250 37: 9250 38: 9250 39: 9250 40: 9250 41: 8250 42: 4000
  P1  30: 5250 31: 5250 32: 5000 33: 5000 34: 4750 35: 4500 36: 3500 37: 3250 38: 3250 39: 3250 40: 3250 41: 2500 42: 1250
  P2  30:10000 31:10000 32:10000 33:10000 34:10000 35:10000 36:10000 37:10000 38:10000 39:10000 40:10000 41: 9000 42: 7750
  P3  30: 6500 31: 6750 32: 6500 33: 6500 34: 6000 35: 5250 36: 5500 37: 5250 38: 5250 39: 5000 40: 3750 41: 2250 42:  750   [mono-viol x2]
  P4  30:10000 31: 9500 32: 9000 33: 8750 34: 9000 35: 8500 36: 8000 37: 8000 38: 8000 39: 8000 40: 7000 41: 6750 42: 4500   [mono-viol x1]
  P5  30: 3750 31: 3000 32: 2750 33: 2750 34: 2750 35: 2500 36: 2250 37: 2250 38: 2250 39: 2250 40: 2000 41: 1750 42: 1000
  P6  30: 7500 31: 7250 32: 7250 33: 7250 34: 7250 35: 7000 36: 7000 37: 6750 38: 6750 39: 6750 40: 6250 41: 4750 42: 2500
  DT  30: 7500 31: 5000 32: 4750 33: 4750 34: 4750 35: 4250 36: 4250 37: 4000 38: 4000 39: 4000 40: 4000 41: 3250 42: 1250
  NT  30:10000 31: 9500 32: 9750 33: 9750 34: 9750 35: 9500 36: 9250 37: 9250 38: 9250 39: 9250 40: 9250 41: 9000 42: 7500   [mono-viol x1]
  (36.587s)

hand 166: [10 11 30 33 53 62 63]
  P0  30: 7500 31: 6500 32: 6250 33: 6250 34: 6250 35: 5750 36: 4000 37: 3750 38: 3750 39: 3750 40: 4000 41: 3000 42: 1250   [mono-viol x1]
  P1  30: 7750 31: 7000 32: 6500 33: 6750 34: 6500 35: 6250 36: 6000 37: 5000 38: 5000 39: 5000 40: 4500 41: 4250 42: 2000   [mono-viol x1]
  P2  30: 6000 31: 5500 32: 5250 33: 5250 34: 5250 35: 4250 36: 4000 37: 3250 38: 3250 39: 3000 40: 2250 41: 2000 42: 1000
  P3  30:10000 31:10000 32:10000 33:10000 34:10000 35:10000 36:10000 37:10000 38:10000 39:10000 40:10000 41:10000 42: 7750
  P4  30: 4250 31: 4000 32: 4000 33: 4000 34: 3750 35: 3500 36: 3500 37: 3250 38: 3250 39: 3250 40: 3000 41: 2250 42: 1000
  P5  30: 6250 31: 5250 32: 4250 33: 4250 34: 4250 35: 4250 36: 3500 37: 3750 38: 3750 39: 3500 40: 3500 41: 3250 42: 2500   [mono-viol x1]
  P6  30: 6000 31: 5500 32: 5250 33: 5250 34: 5000 35: 4750 36: 4250 37: 4500 38: 4500 39: 4500 40: 4750 41: 3250 42:  750   [mono-viol x2]
  DT  30: 5750 31: 5250 32: 4500 33: 4500 34: 4000 35: 3750 36: 3750 37: 3500 38: 3500 39: 3500 40: 2750 41: 2000 42:  750
  NT  30: 9500 31: 9000 32: 8500 33: 8500 34: 8500 35: 8250 36: 7750 37: 7250 38: 7250 39: 7250 40: 7750 41: 6750 42: 3750   [mono-viol x1]
  (38.004s)

hand 167: [10 21 44 53 61 65 66]
  P0  30: 6000 31: 5750 32: 5500 33: 5500 34: 5000 35: 4000 36: 4000 37: 3750 38: 3750 39: 3750 40: 2750 41: 2000 42: 1250
  P1  30:10000 31:10000 32:10000 33:10000 34:10000 35:10000 36: 9000 37: 8750 38: 8750 39: 8750 40: 8750 41: 6750 42: 3000
  P2  30: 6500 31: 6000 32: 6250 33: 6250 34: 6000 35: 5500 36: 4500 37: 4250 38: 4250 39: 4250 40: 3750 41: 2750 42:  500   [mono-viol x1]
  P3  30: 8250 31: 8000 32: 7750 33: 7750 34: 7500 35: 6500 36: 5500 37: 5500 38: 5500 39: 5500 40: 5500 41: 3500 42: 2000
  P4  30: 7000 31: 6500 32: 6500 33: 6500 34: 6500 35: 6250 36: 4500 37: 4500 38: 4500 39: 4750 40: 4500 41: 3750 42: 2000   [mono-viol x1]
  P5  30: 7750 31: 7000 32: 3250 33: 3250 34: 3250 35: 3250 36: 3250 37: 3250 38: 3250 39: 3250 40: 3250 41: 3000 42: 2500
  P6  30:10000 31:10000 32:10000 33:10000 34:10000 35:10000 36: 9750 37: 9750 38: 9750 39: 9750 40:10000 41: 8750 42: 7750   [mono-viol x1]
  DT  30: 9250 31: 8500 32: 8250 33: 8250 34: 8750 35: 8250 36: 7500 37: 6750 38: 6750 39: 6750 40: 6500 41: 5250 42: 3250   [mono-viol x1]
  NT  30:10000 31:10000 32:10000 33:10000 34: 9750 35: 9750 36: 9500 37: 9250 38: 9250 39: 9250 40: 9250 41: 9000 42: 9000
  (35.123s)

hand 168: [11 21 32 41 44 52 65]
  P0  30: 6750 31: 6250 32: 6000 33: 6000 34: 5250 35: 4500 36: 4500 37: 3250 38: 3250 39: 3000 40: 2500 41: 1250 42:  250
  P1  30:10000 31: 9750 32: 9750 33: 9750 34: 9500 35: 9250 36: 8750 37: 8500 38: 8500 39: 8500 40: 7750 41: 6250 42: 3500
  P2  30:10000 31:10000 32: 9750 33: 9750 34: 9750 35: 9500 36: 9000 37: 8750 38: 8750 39: 8750 40: 8250 41: 6000 42: 3000
  P3  30: 6000 31: 6250 32: 5750 33: 5750 34: 5750 35: 5500 36: 4500 37: 4000 38: 4000 39: 4000 40: 3500 41: 2500 42: 1750   [mono-viol x1]
  P4  30: 9250 31: 8500 32: 8500 33: 8500 34: 8500 35: 8250 36: 7250 37: 6250 38: 6250 39: 6000 40: 6000 41: 5750 42: 3000
  P5  30: 8250 31: 6250 32: 3500 33: 3500 34: 3500 35: 3500 36: 3500 37: 3500 38: 3500 39: 3500 40: 3250 41: 3250 42: 2500
  P6  30: 7250 31: 6250 32: 5500 33: 5500 34: 5500 35: 5000 36: 4250 37: 3750 38: 3750 39: 3750 40: 3750 41: 2750 42: 1750
  DT  30: 4500 31: 4000 32: 4000 33: 4250 34: 4500 35: 4000 36: 3500 37: 3250 38: 3250 39: 3250 40: 3250 41: 2750 42: 1250   [mono-viol x2]
  NT  30: 9500 31: 9750 32: 9250 33: 9250 34: 9250 35: 9000 36: 8750 37: 8250 38: 8250 39: 8250 40: 8250 41: 7750 42: 7750   [mono-viol x1]
  (32.995s)

hand 169: [21 50 51 53 55 61 64]
  P0  30: 5000 31: 4750 32: 4750 33: 4500 34: 4500 35: 4000 36: 2750 37: 2750 38: 2750 39: 2500 40: 2750 41: 1500 42: 1000   [mono-viol x1]
  P1  30: 9000 31: 9000 32: 8750 33: 8750 34: 8250 35: 8750 36: 7250 37: 6000 38: 6000 39: 6000 40: 6000 41: 5750 42: 2250   [mono-viol x1]
  P2  30: 5250 31: 5250 32: 5500 33: 5750 34: 6250 35: 3500 36: 3250 37: 3250 38: 3250 39: 3500 40: 3000 41: 1250 42:  750   [mono-viol x4]
  P3  30: 6000 31: 6000 32: 5500 33: 5500 34: 4750 35: 4750 36: 4500 37: 4250 38: 4250 39: 4250 40: 4000 41: 3500 42: 1500
  P4  30: 6500 31: 6750 32: 7250 33: 7500 34: 6750 35: 5750 36: 5250 37: 4000 38: 4000 39: 4250 40: 3750 41: 2500 42:  250   [mono-viol x4]
  P5  30:10000 31:10000 32:10000 33:10000 34:10000 35:10000 36: 9750 37: 9500 38: 9500 39: 9500 40: 9500 41: 8250 42: 4000
  P6  30: 9500 31:10000 32: 9500 33: 9500 34: 9500 35: 9500 36: 9250 37: 9500 38: 9500 39: 9250 40: 8750 41: 5750 42: 2500   [mono-viol x2]
  DT  30: 9250 31: 8500 32: 8500 33: 8500 34: 7250 35: 6500 36: 6250 37: 6500 38: 6500 39: 7250 40: 4000 41: 3500 42: 1500   [mono-viol x2]
  NT  30: 9500 31: 9250 32: 9000 33: 9000 34: 9000 35: 8750 36: 8750 37: 6750 38: 6750 39: 7000 40: 6750 41: 6500 42: 4500   [mono-viol x1]
  (26.466s)

hand 170: [11 40 43 54 62 65 66]
  P0  30: 6000 31: 5250 32: 5750 33: 5500 34: 5000 35: 3250 36: 3250 37: 3250 38: 3250 39: 3250 40: 3500 41: 1750 42:  750   [mono-viol x2]
  P1  30: 7500 31: 6250 32: 6250 33: 6250 34: 6250 35: 5250 36: 4250 37: 4750 38: 4750 39: 4750 40: 4250 41: 3000 42: 1000   [mono-viol x1]
  P2  30: 7250 31: 6250 32: 6500 33: 6000 34: 6250 35: 5750 36: 4750 37: 4500 38: 4500 39: 4250 40: 4750 41: 3000 42: 1750   [mono-viol x3]
  P3  30: 7500 31: 7750 32: 7250 33: 7250 34: 7000 35: 5500 36: 4750 37: 4500 38: 4500 39: 4500 40: 4500 41: 3250 42: 1250   [mono-viol x1]
  P4  30: 9250 31: 6750 32: 4500 33: 4250 34: 4500 35: 4500 36: 4250 37: 4250 38: 4250 39: 4250 40: 4250 41: 4250 42: 3000   [mono-viol x1]
  P5  30: 8250 31: 7750 32: 4250 33: 4250 34: 4250 35: 4250 36: 4250 37: 3750 38: 3750 39: 3750 40: 3500 41: 4000 42: 3500   [mono-viol x1]
  P6  30:10000 31: 9750 32: 9750 33: 9750 34:10000 35:10000 36: 9750 37: 9250 38: 9250 39: 9250 40: 9000 41: 8750 42: 7000   [mono-viol x1]
  DT  30: 9250 31: 9250 32: 8000 33: 8000 34: 8500 35: 8500 36: 7000 37: 6500 38: 6500 39: 6500 40: 6250 41: 5000 42: 2750   [mono-viol x1]
  NT  30:10000 31:10000 32: 9750 33: 9750 34: 9750 35: 9750 36: 9250 37: 8750 38: 8750 39: 8750 40: 8750 41: 9000 42: 6750   [mono-viol x1]
  (43.504s)

hand 171: [00 21 31 32 53 55 61]
  P0  30: 7750 31: 7000 32: 6750 33: 6750 34: 6500 35: 6250 36: 4250 37: 4750 38: 4750 39: 5000 40: 4500 41: 3000 42: 1250   [mono-viol x2]
  P1  30:10000 31: 9250 32: 9250 33: 9250 34: 9750 35: 8500 36: 8250 37: 7250 38: 7250 39: 7250 40: 6750 41: 6750 42: 3000   [mono-viol x1]
  P2  30: 8750 31: 9000 32: 8500 33: 8500 34: 8250 35: 8500 36: 7500 37: 7500 38: 7250 39: 6750 40: 5250 41: 4000 42: 2000   [mono-viol x2]
  P3  30:10000 31: 9750 32: 9750 33:10000 34: 9750 35: 9750 36: 9250 37: 9500 38: 9500 39: 9500 40: 8500 41: 5500 42: 1250   [mono-viol x2]
  P4  30: 6000 31: 5250 32: 5000 33: 5000 34: 5250 35: 4500 36: 4750 37: 4500 38: 4500 39: 4000 40: 3750 41: 3000 42: 1000   [mono-viol x2]
  P5  30: 9750 31:10000 32:10000 33:10000 34:10000 35: 9000 36: 8750 37: 9000 38: 9000 39: 8750 40: 7750 41: 5750 42: 2500   [mono-viol x2]
  P6  30: 8000 31: 7000 32: 7000 33: 7000 34: 6750 35: 6750 36: 6500 37: 6250 38: 6250 39: 6250 40: 5000 41: 2750 42: 1250
  DT  30: 9250 31: 9000 32: 8750 33: 8750 34: 8000 35: 6750 36: 6250 37: 6000 38: 6000 39: 5500 40: 4250 41: 2500 42:  750
  NT  30: 9750 31: 9500 32: 9500 33: 9250 34: 9500 35: 9750 36: 8750 37: 8750 38: 8750 39: 8500 40: 7750 41: 6500 42: 4500   [mono-viol x2]
  (30.637s)

hand 172: [21 31 44 55 61 62 65]
  P0  30: 7000 31: 7250 32: 7000 33: 7000 34: 5250 35: 5000 36: 4750 37: 5000 38: 5000 39: 4250 40: 3750 41: 2250 42:  500   [mono-viol x2]
  P1  30: 9750 31: 9750 32: 9750 33: 9750 34: 9750 35: 9000 36: 9000 37: 8500 38: 8500 39: 8250 40: 8000 41: 6000 42: 2000
  P2  30: 9750 31: 9500 32: 9500 33: 9500 34: 9250 35: 9250 36: 8500 37: 8000 38: 8000 39: 7250 40: 7000 41: 4000 42: 1250
  P3  30: 8750 31: 8750 32: 8750 33: 8750 34: 8500 35: 6750 36: 6000 37: 5250 38: 5250 39: 5000 40: 4750 41: 2500 42: 1250
  P4  30: 7500 31: 6750 32: 6750 33: 6750 34: 7000 35: 5500 36: 5000 37: 5250 38: 5250 39: 5000 40: 4000 41: 2250 42: 1500   [mono-viol x2]
  P5  30:10000 31: 9750 32: 9500 33: 9500 34: 9750 35: 9000 36: 8500 37: 8500 38: 8500 39: 8000 40: 8000 41: 7500 42: 3750   [mono-viol x1]
  P6  30:10000 31: 9250 32: 9000 33: 8750 34: 9000 35: 9250 36: 8750 37: 8750 38: 8750 39: 8500 40: 8000 41: 5250 42: 1500   [mono-viol x2]
  DT  30: 9500 31: 9500 32: 9500 33: 9500 34: 9000 35: 9000 36: 7750 37: 7000 38: 7000 39: 6750 40: 6250 41: 4250 42: 1000
  NT  30:10000 31: 9500 32: 9750 33: 9500 34: 9500 35: 9500 36: 8500 37: 8500 38: 8500 39: 8250 40: 7500 41: 6250 42: 5000   [mono-viol x1]
  (29.304s)

hand 173: [20 21 22 31 32 60 64]
  P0  30: 7750 31: 6750 32: 6500 33: 6500 34: 6250 35: 5500 36: 4500 37: 4000 38: 4000 39: 4000 40: 3500 41: 3000 42: 1500
  P1  30: 6500 31: 5750 32: 5250 33: 5250 34: 5250 35: 3750 36: 3500 37: 3000 38: 3000 39: 3000 40: 3000 41: 1750 42:  500
  P2  30:10000 31:10000 32:10000 33:10000 34:10000 35:10000 36:10000 37:10000 38:10000 39:10000 40: 9250 41: 8000 42: 3500
  P3  30: 7500 31: 7000 32: 7000 33: 6750 34: 6500 35: 6250 36: 4500 37: 4500 38: 4500 39: 4500 40: 3500 41: 2500 42: 1000
  P4  30: 6500 31: 5250 32: 6000 33: 6000 34: 5750 35: 4750 36: 3750 37: 4500 38: 4500 39: 4250 40: 4000 41: 1750 42:  750   [mono-viol x2]
  P5  30: 4750 31: 3500 32: 3000 33: 3000 34: 2500 35: 2500 36: 2000 37: 2000 38: 2000 39: 2000 40: 1500 41: 1250 42:  750
  P6  30: 9250 31: 9250 32: 9000 33: 9000 34: 9000 35: 8750 36: 6750 37: 6750 38: 6750 39: 6750 40: 6500 41: 4000 42: 2750
  DT  30: 4000 31: 3500 32: 4000 33: 4000 34: 3750 35: 3500 36: 3250 37: 3000 38: 3000 39: 3000 40: 2500 41: 1500 42: 1000   [mono-viol x1]
  NT  30: 9000 31: 8000 32: 7000 33: 7000 34: 7250 35: 7250 36: 7250 37: 6000 38: 6000 39: 6000 40: 6500 41: 5250 42: 3500   [mono-viol x2]
  (29.616s)

hand 174: [31 42 44 54 55 60 64]
  P0  30: 6500 31: 6000 32: 6000 33: 6000 34: 5750 35: 4750 36: 4250 37: 4000 38: 4000 39: 4250 40: 4250 41: 3500 42: 2000   [mono-viol x1]
  P1  30: 6750 31: 6000 32: 5750 33: 5500 34: 5000 35: 5000 36: 4000 37: 5000 38: 5000 39: 4750 40: 4000 41: 2500 42:  250   [mono-viol x1]
  P2  30: 9000 31: 8750 32: 9000 33: 9500 34: 7750 35: 6750 36: 7250 37: 7250 38: 7000 39: 7500 40: 6000 41: 4500 42: 2500   [mono-viol x4]
  P3  30: 8500 31: 8750 32: 8750 33: 8750 34: 7750 35: 7000 36: 6500 37: 5500 38: 5500 39: 5250 40: 5000 41: 3500 42: 1750   [mono-viol x1]
  P4  30:10000 31:10000 32:10000 33:10000 34:10000 35:10000 36:10000 37:10000 38:10000 39:10000 40:10000 41:10000 42: 9000
  P5  30:10000 31: 9750 32:10000 33:10000 34:10000 35: 9500 36: 9250 37: 9250 38: 9500 39: 9000 40: 8500 41: 7500 42: 3750   [mono-viol x2]
  P6  30:10000 31: 9750 32: 9750 33: 9750 34: 9250 35: 9000 36: 9250 37: 9250 38: 9000 39: 8750 40: 8000 41: 5000 42: 2500   [mono-viol x1]
  DT  30: 9250 31: 9500 32: 9250 33: 9250 34: 8750 35: 8000 36: 7000 37: 6000 38: 6000 39: 6250 40: 5750 41: 3750 42:  750   [mono-viol x2]
  NT  30:10000 31:10000 32:10000 33:10000 34:10000 35:10000 36: 9500 37: 9250 38: 9250 39: 9250 40: 9500 41: 8250 42: 6250   [mono-viol x1]
  (28.111s)

hand 175: [00 30 40 52 60 63 66]
  P0  30:10000 31:10000 32:10000 33:10000 34:10000 35:10000 36: 9750 37: 9500 38: 9500 39: 9250 40: 9250 41: 9250 42: 7250
  P1  30: 4250 31: 4000 32: 4250 33: 4250 34: 3250 35: 2750 36: 2500 37: 2250 38: 2250 39: 2500 40: 2250 41: 1750 42: 1250   [mono-viol x2]
  P2  30: 6250 31: 6000 32: 5500 33: 5500 34: 4500 35: 4500 36: 3250 37: 3250 38: 3250 39: 2750 40: 2750 41: 1750 42: 1000
  P3  30: 9000 31: 9000 32: 9250 33: 9250 34: 8750 35: 7500 36: 7000 37: 5750 38: 5750 39: 5500 40: 5000 41: 3500 42: 2250   [mono-viol x1]
  P4  30: 4500 31: 4000 32: 3500 33: 3500 34: 3500 35: 3500 36: 2750 37: 2750 38: 2750 39: 2750 40: 2750 41: 2250 42: 1500
  P5  30: 4500 31: 3250 32: 2250 33: 2250 34: 2250 35: 2250 36: 2250 37: 2000 38: 2000 39: 2000 40: 1750 41: 1000 42:  750
  P6  30: 9000 31: 9250 32: 8250 33: 8250 34: 8250 35: 8250 36: 7250 37: 6750 38: 6750 39: 6500 40: 6250 41: 5000 42: 3250   [mono-viol x1]
  DT  30: 7000 31: 6500 32: 6500 33: 6500 34: 6500 35: 4750 36: 3500 37: 3000 38: 3000 39: 3000 40: 2500 41: 1500 42:  500
  NT  30: 7750 31: 7250 32: 6750 33: 6750 34: 7000 35: 6500 36: 6000 37: 5500 38: 5500 39: 5500 40: 5750 41: 5000 42: 4500   [mono-viol x2]
  (36.437s)

hand 176: [20 30 31 42 44 60 66]
  P0  30:10000 31: 9750 32: 9750 33: 9750 34: 9750 35: 9750 36: 8250 37: 7000 38: 7000 39: 7000 40: 6750 41: 5750 42: 3000
  P1  30: 6750 31: 6000 32: 5750 33: 5750 34: 6000 35: 4250 36: 3500 37: 3250 38: 3250 39: 3000 40: 2500 41: 2250 42: 1250   [mono-viol x1]
  P2  30: 9000 31: 8750 32: 8000 33: 7750 34: 7500 35: 7250 36: 6750 37: 6500 38: 6500 39: 6250 40: 5250 41: 3500 42: 1500
  P3  30: 8500 31: 8500 32: 8500 33: 8500 34: 8500 35: 7750 36: 6500 37: 6000 38: 6000 39: 6500 40: 5500 41: 3500 42: 1750   [mono-viol x1]
  P4  30: 9000 31: 9250 32: 8500 33: 8500 34: 7500 35: 7750 36: 6000 37: 5000 38: 5000 39: 5000 40: 5000 41: 3500 42: 3250   [mono-viol x2]
  P5  30: 6250 31: 6000 32: 4750 33: 4750 34: 4750 35: 4250 36: 4250 37: 4000 38: 4000 39: 4000 40: 3750 41: 2750 42: 1250
  P6  30: 9250 31: 8500 32: 8500 33: 8250 34: 8000 35: 7250 36: 7000 37: 6250 38: 6250 39: 6000 40: 6000 41: 4250 42: 2500
  DT  30: 8000 31: 8000 32: 7500 33: 7500 34: 7750 35: 7000 36: 5250 37: 4250 38: 4250 39: 4250 40: 4250 41: 3250 42: 1250   [mono-viol x1]
  NT  30: 9750 31: 9250 32: 9000 33: 9000 34: 9250 35: 8750 36: 7500 37: 6750 38: 6750 39: 6750 40: 6500 41: 5250 42: 4500   [mono-viol x1]
  (31.305s)

hand 177: [20 30 32 43 54 60 66]
  P0  30: 9500 31: 8750 32: 8500 33: 8500 34: 8250 35: 7500 36: 6750 37: 5750 38: 5750 39: 5750 40: 4750 41: 4000 42: 1750
  P1  30: 5500 31: 4750 32: 4500 33: 4500 34: 4000 35: 3500 36: 3250 37: 3500 38: 3500 39: 3500 40: 2750 41: 2000 42: 1000   [mono-viol x1]
  P2  30: 7750 31: 7250 32: 6750 33: 7000 34: 5750 35: 4750 36: 4250 37: 5000 38: 5000 39: 4250 40: 4000 41: 2750 42:  750   [mono-viol x2]
  P3  30: 9500 31: 9250 32: 9500 33: 9500 34: 9250 35: 8250 36: 8000 37: 8500 38: 8500 39: 8500 40: 7250 41: 4250 42: 1750   [mono-viol x2]
  P4  30: 7000 31: 5500 32: 5500 33: 5500 34: 5500 35: 4500 36: 4000 37: 4250 38: 4250 39: 4000 40: 4000 41: 3000 42: 1250   [mono-viol x1]
  P5  30: 5000 31: 4000 32: 3500 33: 3500 34: 3500 35: 3500 36: 3250 37: 3250 38: 3250 39: 3250 40: 3500 41: 2750 42: 2250   [mono-viol x1]
  P6  30: 7750 31: 7250 32: 7750 33: 7750 34: 7250 35: 7000 36: 5250 37: 5750 38: 5750 39: 5750 40: 5500 41: 4250 42: 2500   [mono-viol x2]
  DT  30: 5750 31: 4750 32: 4500 33: 4500 34: 4500 35: 3500 36: 4000 37: 3500 38: 3500 39: 3500 40: 2750 41: 2500 42:  750   [mono-viol x1]
  NT  30: 9000 31: 8250 32: 8250 33: 8250 34: 7000 35: 7000 36: 6500 37: 6500 38: 6500 39: 6000 40: 6000 41: 5250 42: 3250
  (33.071s)

hand 178: [22 30 31 43 55 60 65]
  P0  30: 8250 31: 8250 32: 7500 33: 7500 34: 7500 35: 7000 36: 5500 37: 5250 38: 5250 39: 5250 40: 4750 41: 3500 42: 1750
  P1  30: 5750 31: 6250 32: 5750 33: 5750 34: 5250 35: 4000 36: 5000 37: 5000 38: 5000 39: 5000 40: 4000 41: 2500 42: 1000   [mono-viol x2]
  P2  30: 8750 31: 7750 32: 8000 33: 8250 34: 8000 35: 6000 36: 4500 37: 4250 38: 4250 39: 4500 40: 4000 41: 3750 42: 1750   [mono-viol x3]
  P3  30: 9500 31: 9250 32: 9250 33: 9250 34: 9500 35: 8000 36: 7000 37: 6250 38: 6250 39: 6250 40: 6000 41: 3500 42: 1000   [mono-viol x1]
  P4  30: 8000 31: 7000 32: 7000 33: 7000 34: 7000 35: 6750 36: 6500 37: 6000 38: 6000 39: 5750 40: 5500 41: 4000 42: 2750
  P5  30:10000 31:10000 32:10000 33:10000 34:10000 35: 9500 36: 9000 37: 9000 38: 9000 39: 9000 40: 8500 41: 7500 42: 4500
  P6  30: 9500 31: 8500 32: 8500 33: 8750 34: 8750 35: 8500 36: 7500 37: 7250 38: 7250 39: 7000 40: 7000 41: 4500 42: 2250   [mono-viol x1]
  DT  30: 9500 31: 8500 32: 8250 33: 8250 34: 7750 35: 7250 36: 6000 37: 6000 38: 5750 39: 5750 40: 5250 41: 3750 42: 1750
  NT  30: 9750 31: 9750 32: 9750 33: 9750 34: 9750 35: 8750 36: 8500 37: 8250 38: 8250 39: 8500 40: 7750 41: 6750 42: 5000   [mono-viol x1]
  (28.363s)

hand 179: [22 30 32 51 53 62 65]
  P0  30: 4750 31: 5250 32: 5000 33: 4750 34: 2750 35: 2750 36: 3250 37: 3250 38: 3000 39: 2500 40: 2250 41: 1250 42:  500   [mono-viol x2]
  P1  30: 5250 31: 5250 32: 5750 33: 5500 34: 5250 35: 4500 36: 3750 37: 3750 38: 3750 39: 3750 40: 2750 41: 1750 42:  500   [mono-viol x1]
  P2  30: 9750 31: 9750 32: 9750 33: 9750 34: 9750 35: 9500 36: 8750 37: 8500 38: 8500 39: 8750 40: 8750 41: 8250 42: 6750   [mono-viol x1]
  P3  30:10000 31:10000 32:10000 33:10000 34: 9750 35: 9750 36: 8750 37: 9000 38: 9000 39: 9000 40: 8500 41: 5250 42: 1750   [mono-viol x1]
  P4  30: 5000 31: 4500 32: 3750 33: 3750 34: 3750 35: 4000 36: 3250 37: 3000 38: 3000 39: 3000 40: 2750 41: 1750 42:  500   [mono-viol x1]
  P5  30: 8250 31: 6750 32: 4500 33: 4500 34: 4500 35: 4500 36: 4500 37: 4500 38: 4500 39: 4500 40: 4500 41: 4500 42: 4250
  P6  30: 7750 31: 7500 32: 7500 33: 7500 34: 7500 35: 7750 36: 6500 37: 5750 38: 5750 39: 5750 40: 5500 41: 4500 42: 2250   [mono-viol x1]
  DT  30: 6500 31: 5250 32: 5250 33: 5250 34: 5250 35: 4500 36: 4250 37: 4250 38: 4250 39: 4250 40: 3250 41: 3000 42: 1000
  NT  30: 8000 31: 8250 32: 8000 33: 8000 34: 7500 35: 7750 36: 6750 37: 7500 38: 7500 39: 7500 40: 7250 41: 6250 42: 3500   [mono-viol x3]
  (34.956s)

hand 180: [10 11 22 32 44 60 62]
  P0  30: 9500 31: 8750 32: 8250 33: 8250 34: 8750 35: 8250 36: 7500 37: 7250 38: 7250 39: 7000 40: 6750 41: 5250 42: 2250   [mono-viol x1]
  P1  30: 8500 31: 8000 32: 8250 33: 8250 34: 7750 35: 7500 36: 6500 37: 6250 38: 6250 39: 6250 40: 5000 41: 4000 42: 2250   [mono-viol x1]
  P2  30:10000 31:10000 32:10000 33:10000 34:10000 35:10000 36:10000 37:10000 38:10000 39:10000 40:10000 41:10000 42: 8500
  P3  30: 7500 31: 7250 32: 6500 33: 6500 34: 6750 35: 6500 36: 6500 37: 5500 38: 5500 39: 5250 40: 4500 41: 2500 42: 1000   [mono-viol x1]
  P4  30: 6250 31: 5500 32: 5500 33: 5500 34: 5250 35: 5000 36: 4750 37: 4250 38: 4250 39: 4250 40: 3750 41: 3000 42: 1500
  P5  30: 5250 31: 4250 32: 3000 33: 3000 34: 2750 35: 3000 36: 3000 37: 3000 38: 3000 39: 3000 40: 2750 41: 1750 42: 1000   [mono-viol x1]
  P6  30: 7250 31: 5750 32: 5500 33: 5500 34: 5750 35: 5500 36: 5000 37: 5250 38: 5250 39: 5250 40: 5000 41: 4000 42: 1750   [mono-viol x2]
  DT  30: 6750 31: 4750 32: 4750 33: 4500 34: 4750 35: 4500 36: 4000 37: 4000 38: 4000 39: 3750 40: 4000 41: 3000 42:  750   [mono-viol x2]
  NT  30:10000 31: 9500 32: 9500 33: 9500 34: 9750 35: 9500 36: 9000 37: 8500 38: 8500 39: 8500 40: 8500 41: 7750 42: 5500   [mono-viol x1]
  (34.527s)

hand 181: [10 21 30 50 52 54 66]
  P0  30: 9000 31: 9250 32: 9250 33: 9000 34: 8250 35: 7750 36: 6250 37: 5750 38: 5750 39: 5750 40: 6000 41: 4500 42: 1750   [mono-viol x2]
  P1  30: 4750 31: 5000 32: 4250 33: 4250 34: 3750 35: 2750 36: 2750 37: 1750 38: 1750 39: 1750 40: 2000 41: 1250 42:  250   [mono-viol x2]
  P2  30: 6500 31: 6250 32: 5500 33: 5500 34: 5250 35: 5000 36: 4250 37: 4000 38: 4000 39: 3500 40: 3250 41: 2250 42: 1500
  P3  30: 5750 31: 5250 32: 5000 33: 4750 34: 4250 35: 4000 36: 4250 37: 3750 38: 3750 39: 3500 40: 3000 41: 2750 42: 2000   [mono-viol x1]
  P4  30: 5500 31: 4250 32: 3750 33: 3750 34: 3750 35: 3500 36: 3250 37: 3000 38: 3000 39: 3000 40: 2750 41: 2250 42: 1250
  P5  30: 6750 31: 5000 32: 3000 33: 3000 34: 3000 35: 3000 36: 3000 37: 2750 38: 2750 39: 2750 40: 2750 41: 2750 42: 2000
  P6  30: 4500 31: 4500 32: 4000 33: 4000 34: 4000 35: 3750 36: 3250 37: 3500 38: 3500 39: 3750 40: 3250 41: 2000 42: 1250   [mono-viol x2]
  DT  30: 5500 31: 4750 32: 4500 33: 4500 34: 4000 35: 3250 36: 3000 37: 2750 38: 2750 39: 2500 40: 2250 41: 1500 42: 1250
  NT  30: 7000 31: 7750 32: 7250 33: 7250 34: 6500 35: 6250 36: 4750 37: 3750 38: 3750 39: 3750 40: 3750 41: 3750 42: 2750   [mono-viol x1]
  (24.158s)

hand 182: [21 30 32 42 53 60 61]
  P0  30: 5250 31: 5250 32: 4750 33: 4750 34: 4750 35: 3500 36: 2750 37: 2500 38: 2500 39: 2750 40: 2250 41: 1750 42:  750   [mono-viol x1]
  P1  30: 6250 31: 5500 32: 5750 33: 5500 34: 5500 35: 5000 36: 4000 37: 3750 38: 3750 39: 3750 40: 3750 41: 2000 42:  750   [mono-viol x1]
  P2  30: 7500 31: 6500 32: 6500 33: 6250 34: 6000 35: 5500 36: 4750 37: 4750 38: 4750 39: 4250 40: 3750 41: 2500 42:  750
  P3  30: 7750 31: 7750 32: 7250 33: 7250 34: 6500 35: 6000 36: 5250 37: 5500 38: 5500 39: 5000 40: 4750 41: 2250 42:  500   [mono-viol x1]
  P4  30: 4000 31: 3250 32: 3250 33: 3250 34: 3500 35: 2750 36: 3000 37: 3000 38: 3000 39: 3000 40: 2500 41: 1250 42:  500   [mono-viol x2]
  P5  30: 2750 31: 2250 32: 2000 33: 2000 34: 2000 35: 2000 36: 1500 37: 1500 38: 1500 39: 1500 40: 1250 41:  500 42:  250
  P6  30: 4750 31: 4250 32: 4250 33: 3750 34: 3750 35: 3250 36: 2500 37: 2750 38: 2750 39: 2500 40: 1750 41: 1500 42:  500   [mono-viol x1]
  DT  30: 3750 31: 3500 32: 3250 33: 3250 34: 2750 35: 2250 36: 1750 37: 2000 38: 2000 39: 1750 40: 1500 41: 1000 42:  500   [mono-viol x1]
  NT  30: 4500 31: 4500 32: 3750 33: 3750 34: 3500 35: 3250 36: 3500 37: 3750 38: 3750 39: 3750 40: 3000 41: 3000 42: 1750   [mono-viol x2]
  (21.620s)

hand 183: [00 10 11 42 44 53 55]
  P0  30:10000 31: 9250 32: 9500 33: 9500 34: 9750 35: 9000 36: 8000 37: 7750 38: 7750 39: 7750 40: 8250 41: 6750 42: 4250   [mono-viol x3]
  P1  30: 9750 31: 9500 32: 9500 33: 9500 34: 9500 35: 9500 36: 9750 37: 9500 38: 9500 39: 9000 40: 9000 41: 6000 42: 4000   [mono-viol x1]
  P2  30: 7250 31: 7000 32: 7000 33: 7000 34: 6500 35: 5500 36: 4750 37: 4750 38: 4750 39: 4750 40: 3500 41: 2250 42: 1250
  P3  30: 9000 31: 9000 32: 9250 33: 9250 34: 8750 35: 8500 36: 7750 37: 7750 38: 7750 39: 7750 40: 7500 41: 4500 42: 2750   [mono-viol x1]
  P4  30: 9250 31: 9500 32: 9250 33: 9000 34: 9250 35: 9000 36: 8250 37: 8000 38: 8000 39: 8000 40: 8000 41: 7000 42: 5500   [mono-viol x2]
  P5  30:10000 31:10000 32:10000 33:10000 34:10000 35:10000 36: 9750 37: 9750 38: 9750 39: 9750 40: 9500 41: 9000 42: 5250
  P6  30: 7250 31: 6500 32: 6000 33: 6000 34: 6000 35: 5750 36: 5750 37: 5750 38: 5750 39: 5750 40: 5000 41: 2500 42: 1500
  DT  30:10000 31: 9750 32: 9750 33: 9750 34: 9750 35: 9250 36: 8750 37: 8250 38: 8250 39: 8250 40: 7750 41: 6250 42: 1750
  NT  30:10000 31:10000 32:10000 33:10000 34:10000 35:10000 36:10000 37:10000 38:10000 39:10000 40:10000 41:10000 42: 9500
  (34.724s)

hand 184: [31 32 40 42 52 53 54]
  P0  30: 4250 31: 4500 32: 4250 33: 4250 34: 4000 35: 3500 36: 2750 37: 2250 38: 2250 39: 1750 40: 2000 41:  750 42:  500   [mono-viol x2]
  P1  30: 3500 31: 3500 32: 3000 33: 3000 34: 3250 35: 2000 36: 2000 37: 2250 38: 2250 39: 1750 40: 1500 41:  750 42:  250   [mono-viol x2]
  P2  30: 9000 31: 8750 32: 8250 33: 8250 34: 8000 35: 7000 36: 6500 37: 5750 38: 5750 39: 5750 40: 5250 41: 3500 42: 1000
  P3  30: 8750 31: 8500 32: 8250 33: 8000 34: 7250 35: 7250 36: 5750 37: 5000 38: 5000 39: 5250 40: 4500 41: 3000 42: 1500   [mono-viol x1]
  P4  30: 6250 31: 4000 32: 4000 33: 4000 34: 3750 35: 3750 36: 3500 37: 3500 38: 3500 39: 3750 40: 3750 41: 2500 42: 1250   [mono-viol x1]
  P5  30: 5500 31: 5250 32: 4000 33: 4000 34: 4000 35: 4000 36: 4000 37: 3500 38: 3500 39: 3500 40: 3000 41: 2250 42: 1000
  P6  30: 4750 31: 4250 32: 3750 33: 3750 34: 3500 35: 3000 36: 3250 37: 2500 38: 2500 39: 2500 40: 2000 41: 1750 42: 1000   [mono-viol x1]
  DT  30: 4500 31: 4750 32: 4250 33: 4250 34: 3750 35: 3500 36: 3500 37: 3500 38: 3500 39: 3250 40: 2750 41: 1000 42:  250   [mono-viol x1]
  NT  30: 6000 31: 6000 32: 5500 33: 5500 34: 4750 35: 5000 36: 3750 37: 3250 38: 3250 39: 3000 40: 2000 41: 2250 42: 1500   [mono-viol x2]
  (27.787s)

hand 185: [40 42 43 52 53 61 62]
  P0  30: 3000 31: 3500 32: 4000 33: 4250 34: 3000 35: 2500 36: 2250 37: 1750 38: 1750 39: 1750 40: 1500 41: 1250 42: 1250   [mono-viol x3]
  P1  30: 3750 31: 4000 32: 4000 33: 4000 34: 3750 35: 3250 36: 2750 37: 2750 38: 2750 39: 2750 40: 2000 41: 2250 42:  750   [mono-viol x2]
  P2  30: 8000 31: 8250 32: 8000 33: 8250 34: 7750 35: 6500 36: 6250 37: 5500 38: 5250 39: 5000 40: 5250 41: 4000 42: 1500   [mono-viol x3]
  P3  30: 5500 31: 3500 32: 3500 33: 3750 34: 3500 35: 3500 36: 2500 37: 2500 38: 2500 39: 2500 40: 1750 41: 1250 42:  250   [mono-viol x1]
  P4  30: 6000 31: 5250 32: 5250 33: 5250 34: 5000 35: 4750 36: 4750 37: 4250 38: 4250 39: 3750 40: 3250 41: 2750 42:  500
  P5  30: 4750 31: 4000 32: 3750 33: 3750 34: 3500 35: 3000 36: 3250 37: 2500 38: 2500 39: 2250 40: 2500 41: 2000 42: 1000   [mono-viol x2]
  P6  30: 5750 31: 4250 32: 4250 33: 4250 34: 4500 35: 4000 36: 2750 37: 2500 38: 2500 39: 2500 40: 2500 41: 1750 42: 1250   [mono-viol x1]
  DT  30: 4750 31: 4500 32: 4500 33: 4500 34: 4000 35: 3250 36: 2750 37: 3000 38: 3000 39: 3000 40: 2250 41: 1250 42:  750   [mono-viol x1]
  NT  30: 6000 31: 5000 32: 5000 33: 4500 34: 5000 35: 4250 36: 3500 37: 2750 38: 2750 39: 2750 40: 3000 41: 2750 42: 1000   [mono-viol x2]
  (23.184s)

hand 186: [21 22 41 42 44 53 61]
  P0  30: 4500 31: 4000 32: 4250 33: 4250 34: 3500 35: 4000 36: 4000 37: 4000 38: 4000 39: 3250 40: 2750 41: 2000 42:  750   [mono-viol x2]
  P1  30:10000 31:10000 32: 9750 33: 9750 34: 9750 35: 9750 36: 9500 37: 9250 38: 9250 39: 8750 40: 8750 41: 7000 42: 2250
  P2  30:10000 31: 9750 32: 9500 33: 9500 34: 9500 35: 9750 36: 9000 37: 8750 38: 8750 39: 8750 40: 9000 41: 7250 42: 4000   [mono-viol x2]
  P3  30: 7500 31: 7250 32: 7000 33: 7000 34: 7000 35: 6250 36: 5750 37: 5750 38: 5750 39: 5750 40: 5000 41: 2500 42: 1000
  P4  30: 9750 31: 9750 32: 9500 33: 9500 34: 9500 35: 9500 36: 9000 37: 8500 38: 8500 39: 8500 40: 8250 41: 6500 42: 4000
  P5  30: 6250 31: 4250 32: 3250 33: 3250 34: 3250 35: 3000 36: 3000 37: 3250 38: 3250 39: 3250 40: 3000 41: 1750 42: 1500   [mono-viol x1]
  P6  30: 6250 31: 5250 32: 5500 33: 5500 34: 5500 35: 5000 36: 4250 37: 4750 38: 4750 39: 4500 40: 3750 41: 2750 42: 1000   [mono-viol x2]
  DT  30: 4750 31: 4250 32: 4250 33: 4250 34: 3500 35: 2750 36: 2250 37: 2250 38: 2250 39: 2250 40: 2250 41: 1500 42:  500
  NT  30: 9250 31: 9250 32: 8500 33: 8500 34: 7750 35: 8500 36: 8250 37: 8000 38: 8000 39: 8250 40: 7500 41: 7000 42: 4750   [mono-viol x2]
  (34.566s)

hand 187: [20 21 22 31 50 54 64]
  P0  30: 5500 31: 5000 32: 5000 33: 5000 34: 5750 35: 4250 36: 4000 37: 3250 38: 3250 39: 3000 40: 2500 41: 1500 42:  500   [mono-viol x1]
  P1  30: 6750 31: 6000 32: 6500 33: 6750 34: 6000 35: 4250 36: 3750 37: 4000 38: 4000 39: 3750 40: 3250 41: 2250 42:  750   [mono-viol x3]
  P2  30: 7500 31: 7500 32: 7250 33: 7250 34: 7500 35: 6500 36: 5750 37: 5750 38: 5750 39: 5750 40: 5500 41: 4500 42: 1750   [mono-viol x1]
  P3  30: 4000 31: 3500 32: 3750 33: 3750 34: 3000 35: 2000 36: 2750 37: 2000 38: 2000 39: 2000 40: 1750 41: 1250 42:  500   [mono-viol x2]
  P4  30: 8750 31: 8750 32: 9000 33: 9000 34: 9000 35: 8000 36: 6750 37: 6750 38: 6750 39: 6500 40: 5500 41: 4750 42:  500   [mono-viol x1]
  P5  30: 5750 31: 4000 32: 3250 33: 3250 34: 3250 35: 3000 36: 3250 37: 3000 38: 3000 39: 3000 40: 3000 41: 2500 42: 2250   [mono-viol x1]
  P6  30: 7250 31: 6750 32: 6250 33: 6000 34: 5750 35: 4750 36: 5000 37: 4250 38: 4250 39: 4250 40: 3000 41: 1500 42:  750   [mono-viol x1]
  DT  30: 4000 31: 3500 32: 3750 33: 3750 34: 3000 35: 2250 36: 2500 37: 2250 38: 2250 39: 1750 40: 1750 41: 1000 42:  250   [mono-viol x2]
  NT  30: 6750 31: 6500 32: 6250 33: 6750 34: 6000 35: 6750 36: 5750 37: 5750 38: 5500 39: 5500 40: 4250 41: 4000 42: 3250   [mono-viol x2]
  (23.806s)

hand 188: [00 22 30 52 54 55 66]
  P0  30:10000 31: 9750 32: 9750 33: 9750 34: 9750 35: 9500 36: 8750 37: 8500 38: 8500 39: 8500 40: 8250 41: 7000 42: 4000
  P1  30: 8500 31: 8000 32: 8000 33: 8000 34: 7250 35: 7000 36: 6000 37: 5750 38: 5750 39: 5750 40: 5500 41: 3000 42: 1250
  P2  30:10000 31:10000 32:10000 33:10000 34:10000 35:10000 36: 9750 37: 9250 38: 9250 39: 9250 40: 9500 41: 8750 42: 7000   [mono-viol x1]
  P3  30: 8500 31: 8750 32: 8500 33: 8500 34: 8250 35: 7250 36: 6500 37: 6500 38: 6500 39: 6500 40: 5750 41: 4000 42: 1250   [mono-viol x1]
  P4  30: 7750 31: 4750 32: 4750 33: 4750 34: 4500 35: 4750 36: 4500 37: 4250 38: 4250 39: 4000 40: 4000 41: 3750 42: 1750   [mono-viol x1]
  P5  30:10000 31:10000 32:10000 33:10000 34:10000 35:10000 36:10000 37:10000 38:10000 39:10000 40:10000 41:10000 42: 9000
  P6  30: 9500 31: 9000 32: 7750 33: 7750 34: 7750 35: 7500 36: 7250 37: 7500 38: 7500 39: 7500 40: 7500 41: 5500 42: 3500   [mono-viol x1]
  DT  30:10000 31:10000 32:10000 33:10000 34:10000 35:10000 36:10000 37:10000 38:10000 39:10000 40: 9750 41: 9750 42: 6500
  NT  30:10000 31:10000 32:10000 33:10000 34:10000 35:10000 36:10000 37:10000 38:10000 39:10000 40:10000 41:10000 42: 8250
  (37.829s)

hand 189: [10 11 42 50 54 62 66]
  P0  30: 8000 31: 7750 32: 7500 33: 7500 34: 7000 35: 5750 36: 5500 37: 5500 38: 5500 39: 5250 40: 4500 41: 3000 42: 1250
  P1  30: 9000 31: 9000 32: 8250 33: 8250 34: 7750 35: 7250 36: 6750 37: 6000 38: 6000 39: 6000 40: 5750 41: 4750 42: 2000
  P2  30: 9750 31: 9250 32: 9000 33: 9000 34: 9000 35: 9000 36: 8250 37: 8000 38: 8000 39: 8250 40: 7750 41: 6500 42: 2750   [mono-viol x1]
  P3  30: 6500 31: 6500 32: 6000 33: 5750 34: 5250 35: 5000 36: 4750 37: 5000 38: 5000 39: 4750 40: 4500 41: 2750 42: 1000   [mono-viol x1]
  P4  30: 6500 31: 4750 32: 4000 33: 4000 34: 4000 35: 4000 36: 3750 37: 3750 38: 3750 39: 3750 40: 3500 41: 2750 42: 1500
  P5  30: 7750 31: 6000 32: 2750 33: 2750 34: 2750 35: 2750 36: 2750 37: 2750 38: 2750 39: 2750 40: 2750 41: 1750 42:  750
  P6  30: 9250 31: 9000 32: 8750 33: 8750 34: 8500 35: 8000 36: 7500 37: 7000 38: 7000 39: 7000 40: 6500 41: 5000 42: 2750
  DT  30: 8250 31: 8000 32: 8000 33: 7750 34: 7500 35: 6500 36: 6250 37: 5750 38: 5750 39: 6000 40: 5000 41: 3000 42: 1000   [mono-viol x1]
  NT  30: 8250 31: 8500 32: 7500 33: 7750 34: 7750 35: 6000 36: 6000 37: 5750 38: 5750 39: 5750 40: 5750 41: 5500 42: 4000   [mono-viol x2]
  (35.633s)

hand 190: [11 31 42 50 55 63 66]
  P0  30: 6500 31: 7000 32: 7250 33: 7250 34: 6250 35: 5500 36: 4500 37: 3500 38: 3500 39: 3250 40: 3000 41: 2000 42: 1250   [mono-viol x2]
  P1  30: 9250 31: 8250 32: 8250 33: 8250 34: 8500 35: 7750 36: 6750 37: 6500 38: 6500 39: 6250 40: 6000 41: 4750 42: 2750   [mono-viol x1]
  P2  30: 8000 31: 7250 32: 7500 33: 7250 34: 7250 35: 5500 36: 6250 37: 5250 38: 5250 39: 5000 40: 5000 41: 4000 42: 1750   [mono-viol x2]
  P3  30: 9250 31: 9250 32: 9500 33: 9500 34: 9250 35: 9000 36: 8250 37: 8000 38: 8000 39: 7750 40: 7250 41: 6500 42: 3000   [mono-viol x1]
  P4  30: 6500 31: 5250 32: 5250 33: 5250 34: 5250 35: 5000 36: 4500 37: 4000 38: 4000 39: 4000 40: 4000 41: 3250 42: 1000
  P5  30: 9750 31: 9750 32: 9750 33: 9750 34: 9250 35: 8750 36: 7750 37: 7750 38: 7750 39: 7750 40: 7250 41: 5750 42: 3000
  P6  30: 9500 31: 9500 32: 9500 33: 9500 34: 9750 35: 9500 36: 7500 37: 7750 38: 7750 39: 7500 40: 7500 41: 7000 42: 3500   [mono-viol x2]
  DT  30:10000 31:10000 32: 9500 33: 9500 34: 9250 35: 9250 36: 9000 37: 7250 38: 7250 39: 7250 40: 7250 41: 7000 42: 4250
  NT  30:10000 31:10000 32:10000 33:10000 34: 9750 35: 9750 36: 8750 37: 8250 38: 8250 39: 8250 40: 8250 41: 7750 42: 7000
  (33.349s)

hand 191: [10 20 30 42 61 65 66]
  P0  30: 8000 31: 8250 32: 7750 33: 7750 34: 8000 35: 7250 36: 5000 37: 5250 38: 5250 39: 5250 40: 4750 41: 4500 42: 2000   [mono-viol x3]
  P1  30: 7000 31: 7250 32: 7250 33: 7250 34: 6750 35: 5750 36: 5250 37: 5250 38: 5250 39: 5000 40: 3750 41: 3250 42: 1500   [mono-viol x1]
  P2  30: 8500 31: 8750 32: 8500 33: 8250 34: 8000 35: 7500 36: 7000 37: 6000 38: 6000 39: 5750 40: 6000 41: 3500 42: 1000   [mono-viol x2]
  P3  30: 7000 31: 5750 32: 6250 33: 6250 34: 5750 35: 5250 36: 3750 37: 4750 38: 4750 39: 4750 40: 3250 41: 2250 42: 1250   [mono-viol x2]
  P4  30: 5500 31: 4500 32: 4000 33: 4000 34: 4250 35: 4000 36: 3000 37: 2500 38: 2500 39: 2500 40: 2000 41: 1750 42: 1500   [mono-viol x1]
  P5  30: 3500 31: 3250 32: 2750 33: 2750 34: 2750 35: 2750 36: 2250 37: 1500 38: 1500 39: 1500 40: 1500 41: 1250 42: 1000
  P6  30:10000 31: 9750 32:10000 33:10000 34:10000 35: 9250 36: 9250 37: 8500 38: 8500 39: 8750 40: 8750 41: 8250 42: 6500   [mono-viol x2]
  DT  30: 6750 31: 5250 32: 4750 33: 4750 34: 4500 35: 3500 36: 3250 37: 3000 38: 3000 39: 2750 40: 2750 41: 2250 42: 1250
  NT  30: 8500 31: 8000 32: 7500 33: 7500 34: 7000 35: 7000 36: 6500 37: 6500 38: 6500 39: 6500 40: 6750 41: 5750 42: 4500   [mono-viol x1]
  (30.039s)

hand 192: [32 33 43 51 52 63 64]
  P0  30: 3500 31: 3250 32: 3250 33: 3250 34: 3000 35: 3500 36: 2000 37: 2000 38: 2000 39: 1750 40: 1500 41: 1000 42:  500   [mono-viol x1]
  P1  30: 4750 31: 4750 32: 4500 33: 4500 34: 3500 35: 4000 36: 3250 37: 3250 38: 3250 39: 3000 40: 2500 41: 1750 42: 1000   [mono-viol x1]
  P2  30: 8000 31: 7250 32: 7250 33: 7250 34: 7000 35: 6500 36: 6250 37: 5500 38: 5500 39: 5500 40: 4750 41: 3750 42:  750
  P3  30:10000 31: 9000 32: 8250 33: 8250 34: 8250 35: 9000 36: 8500 37: 8250 38: 8250 39: 8250 40: 8250 41: 7500 42: 7000   [mono-viol x1]
  P4  30: 8750 31: 8750 32: 9000 33: 8750 34: 9000 35: 8000 36: 6500 37: 5750 38: 5750 39: 5500 40: 5750 41: 4500 42: 1250   [mono-viol x3]
  P5  30: 6500 31: 5000 32: 3500 33: 3500 34: 3500 35: 3500 36: 3500 37: 3500 38: 3500 39: 3500 40: 3250 41: 3000 42: 1500
  P6  30: 8750 31: 8500 32: 8500 33: 8500 34: 8000 35: 7750 36: 6000 37: 6250 38: 6250 39: 6250 40: 5000 41: 3750 42: 2500   [mono-viol x1]
  DT  30: 5000 31: 4750 32: 4250 33: 4250 34: 4250 35: 4000 36: 3250 37: 2750 38: 2750 39: 2750 40: 2750 41: 1500 42:  500
  NT  30: 8250 31: 7500 32: 8000 33: 7750 34: 8250 35: 9000 36: 6500 37: 6250 38: 6250 39: 6250 40: 6000 41: 5500 42: 3750   [mono-viol x3]
  (33.678s)

hand 193: [22 31 40 42 50 53 54]
  P0  30: 6250 31: 6000 32: 6000 33: 6000 34: 5500 35: 4750 36: 4000 37: 3000 38: 3000 39: 2750 40: 3000 41: 1750 42:  500   [mono-viol x1]
  P1  30: 4750 31: 4750 32: 4000 33: 4000 34: 3750 35: 3500 36: 3000 37: 2500 38: 2500 39: 2500 40: 2750 41: 1500 42: 1000   [mono-viol x1]
  P2  30: 7500 31: 6500 32: 6250 33: 6250 34: 6000 35: 5500 36: 4250 37: 4750 38: 4750 39: 4750 40: 4000 41: 3000 42: 1250   [mono-viol x1]
  P3  30: 7500 31: 6250 32: 7000 33: 7000 34: 6500 35: 6000 36: 4750 37: 4750 38: 4750 39: 4750 40: 4500 41: 2750 42: 1000   [mono-viol x1]
  P4  30: 7500 31: 5750 32: 4250 33: 4250 34: 4250 35: 4000 36: 4750 37: 4250 38: 4250 39: 4000 40: 4000 41: 3000 42: 1750   [mono-viol x1]
  P5  30: 7000 31: 5250 32: 2750 33: 2750 34: 2750 35: 2750 36: 2750 37: 2750 38: 2750 39: 2750 40: 2750 41: 2250 42: 1500
  P6  30: 5000 31: 5250 32: 4250 33: 4250 34: 4000 35: 3250 36: 2750 37: 3500 38: 3500 39: 3500 40: 2500 41: 1250 42:  750   [mono-viol x2]
  DT  30: 4000 31: 3250 32: 3250 33: 3250 34: 3250 35: 3000 36: 3500 37: 2750 38: 2750 39: 2500 40: 2250 41: 1500 42:  500   [mono-viol x1]
  NT  30: 7250 31: 6500 32: 4750 33: 5000 34: 4750 35: 4250 36: 4750 37: 4750 38: 4750 39: 4750 40: 4750 41: 4000 42: 2500   [mono-viol x2]
  (28.791s)

hand 194: [20 22 40 50 55 64 65]
  P0  30:10000 31:10000 32: 9750 33: 9750 34: 9750 35: 9500 36: 9250 37: 9500 38: 9500 39: 9500 40: 9000 41: 6500 42: 2750   [mono-viol x1]
  P1  30: 6000 31: 6250 32: 6250 33: 6000 34: 5250 35: 4000 36: 4250 37: 3750 38: 3750 39: 3750 40: 2750 41: 2000 42: 1250   [mono-viol x2]
  P2  30: 8750 31: 8500 32: 8500 33: 8500 34: 8500 35: 8000 36: 7500 37: 7000 38: 7000 39: 7000 40: 6750 41: 5000 42: 2750
  P3  30: 6500 31: 6250 32: 6000 33: 6000 34: 5500 35: 4250 36: 4000 37: 3750 38: 3750 39: 3500 40: 3250 41: 2250 42:  500
  P4  30:10000 31:10000 32: 9750 33: 9750 34: 9750 35: 9000 36: 8250 37: 8250 38: 8250 39: 8250 40: 8250 41: 7000 42: 3500
  P5  30:10000 31:10000 32:10000 33:10000 34:10000 35:10000 36: 9750 37: 9500 38: 9500 39: 9500 40: 9500 41: 9500 42: 6750
  P6  30:10000 31:10000 32: 9750 33: 9750 34:10000 35: 9250 36: 8500 37: 9000 38: 9000 39: 8750 40: 8000 41: 5500 42: 2750   [mono-viol x2]
  DT  30:10000 31: 9500 32: 9500 33: 9500 34: 9750 35: 7750 36: 6000 37: 6000 38: 6000 39: 5750 40: 5250 41: 4500 42: 1250   [mono-viol x1]
  NT  30:10000 31:10000 32:10000 33:10000 34:10000 35:10000 36: 9750 37: 9500 38: 9500 39: 9500 40: 9250 41: 8500 42: 6500
  (31.314s)

hand 195: [21 22 30 33 41 53 63]
  P0  30: 5500 31: 4500 32: 3750 33: 3750 34: 3250 35: 2750 36: 2250 37: 1750 38: 1750 39: 1500 40: 2000 41: 1500 42:  500   [mono-viol x1]
  P1  30: 8250 31: 7750 32: 7750 33: 7500 34: 7500 35: 7750 36: 7250 37: 7250 38: 7250 39: 7250 40: 6250 41: 3250 42:  750   [mono-viol x1]
  P2  30: 7750 31: 7000 32: 7250 33: 7500 34: 7000 35: 6500 36: 4500 37: 4250 38: 4250 39: 4500 40: 4500 41: 3500 42: 1250   [mono-viol x3]
  P3  30:10000 31:10000 32:10000 33:10000 34:10000 35:10000 36:10000 37:10000 38:10000 39:10000 40:10000 41:10000 42:10000
  P4  30: 5750 31: 5750 32: 5750 33: 5750 34: 5250 35: 4250 36: 4750 37: 4500 38: 4500 39: 4250 40: 3500 41: 3000 42: 1000   [mono-viol x1]
  P5  30: 5250 31: 4250 32: 3000 33: 3000 34: 3000 35: 2750 36: 2750 37: 2250 38: 2250 39: 2250 40: 2250 41: 1750 42:  750
  P6  30: 7500 31: 7250 32: 6500 33: 6500 34: 6500 35: 6250 36: 5250 37: 4750 38: 4750 39: 4750 40: 5000 41: 3750 42: 2250   [mono-viol x1]
  DT  30: 5000 31: 4250 32: 4500 33: 4250 34: 4250 35: 3500 36: 3000 37: 3000 38: 3000 39: 3000 40: 2250 41: 1500 42:  500   [mono-viol x1]
  NT  30: 9250 31: 8500 32: 7500 33: 7500 34: 7250 35: 7250 36: 7500 37: 6750 38: 6750 39: 6750 40: 7000 41: 6250 42: 5000   [mono-viol x2]
  (28.846s)

hand 196: [11 41 51 61 62 63 66]
  P0  30: 3500 31: 3750 32: 4000 33: 4000 34: 3750 35: 2250 36: 1750 37: 1500 38: 1500 39: 1250 40: 1500 41: 1250 42:  250   [mono-viol x3]
  P1  30:10000 31:10000 32:10000 33:10000 34:10000 35:10000 36:10000 37:10000 38:10000 39:10000 40:10000 41:10000 42: 9500
  P2  30: 6000 31: 6000 32: 6250 33: 6250 34: 6000 35: 5750 36: 4000 37: 3750 38: 3750 39: 3750 40: 3250 41: 2250 42: 1500   [mono-viol x1]
  P3  30: 7500 31: 6500 32: 6750 33: 6750 34: 6500 35: 6500 36: 6000 37: 5250 38: 5250 39: 5000 40: 4750 41: 4000 42: 1250   [mono-viol x1]
  P4  30: 5500 31: 5250 32: 4750 33: 4750 34: 4750 35: 4500 36: 4250 37: 4000 38: 4000 39: 4000 40: 3750 41: 3500 42: 1750
  P5  30: 5500 31: 4750 32: 4250 33: 4250 34: 4250 35: 4000 36: 3750 37: 3750 38: 3750 39: 3750 40: 3750 41: 2500 42: 1750
  P6  30:10000 31: 9750 32: 9250 33: 9250 34: 9250 35: 9250 36: 8000 37: 8250 38: 8250 39: 8250 40: 8000 41: 8250 42: 3750   [mono-viol x2]
  DT  30: 6500 31: 5750 32: 5500 33: 5500 34: 5750 35: 4750 36: 3500 37: 3000 38: 3000 39: 3000 40: 2750 41: 1750 42: 1000   [mono-viol x1]
  NT  30: 8750 31: 9000 32: 8500 33: 8500 34: 8500 35: 7750 36: 7250 37: 7500 38: 7500 39: 7500 40: 6750 41: 6250 42: 5000   [mono-viol x2]
  (34.860s)

hand 197: [30 41 43 50 51 62 64]
  P0  30: 5750 31: 6250 32: 6500 33: 6000 34: 4250 35: 3750 36: 3000 37: 2250 38: 2250 39: 2250 40: 2000 41: 1000 42:  500   [mono-viol x2]
  P1  30: 6750 31: 6000 32: 6000 33: 5500 34: 5000 35: 4000 36: 2250 37: 2500 38: 2500 39: 2750 40: 2250 41: 1000 42:  250   [mono-viol x2]
  P2  30: 5000 31: 5000 32: 5250 33: 5250 34: 5250 35: 3750 36: 4000 37: 4000 38: 4000 39: 3750 40: 3500 41: 1500 42:  500   [mono-viol x2]
  P3  30: 4750 31: 5250 32: 5000 33: 5000 34: 4500 35: 3500 36: 2750 37: 2000 38: 2000 39: 2000 40: 2000 41: 1250 42:  750   [mono-viol x1]
  P4  30: 9000 31: 8500 32: 8750 33: 8750 34: 7750 35: 7250 36: 6750 37: 6750 38: 6750 39: 6750 40: 6000 41: 3750 42: 1750   [mono-viol x1]
  P5  30: 4000 31: 3250 32: 2750 33: 2500 34: 2500 35: 2000 36: 2500 37: 2000 38: 2000 39: 2000 40: 1750 41: 1000 42:  500   [mono-viol x1]
  P6  30: 6250 31: 6000 32: 6000 33: 5750 34: 6250 35: 4500 36: 3750 37: 4000 38: 4000 39: 3750 40: 3500 41: 2250 42:  500   [mono-viol x2]
  DT  30: 5000 31: 4750 32: 4500 33: 4500 34: 4250 35: 3250 36: 3000 37: 3250 38: 3250 39: 2500 40: 2000 41:  750 42:  250   [mono-viol x1]
  NT  30: 5500 31: 5000 32: 4750 33: 5000 34: 4750 35: 4000 36: 4000 37: 4250 38: 4250 39: 4250 40: 3250 41: 2500 42: 1500   [mono-viol x2]
  (22.243s)

hand 198: [00 41 42 52 62 63 65]
  P0  30: 5000 31: 4250 32: 3500 33: 3750 34: 3500 35: 2750 36: 2500 37: 2750 38: 2750 39: 2750 40: 2500 41: 1750 42:  750   [mono-viol x2]
  P1  30: 5000 31: 4500 32: 4250 33: 4250 34: 4000 35: 3500 36: 3500 37: 3000 38: 3000 39: 3000 40: 2750 41: 1750 42:  750
  P2  30: 9750 31: 9500 32: 9250 33: 9250 34: 9000 35: 8000 36: 7000 37: 7000 38: 7000 39: 6750 40: 6750 41: 4750 42: 2500
  P3  30: 5250 31: 5750 32: 5500 33: 5500 34: 5500 35: 5000 36: 4250 37: 4000 38: 4000 39: 4000 40: 3750 41: 2750 42: 1500   [mono-viol x1]
  P4  30: 6250 31: 5750 32: 5500 33: 5500 34: 5500 35: 5500 36: 5500 37: 5000 38: 5000 39: 5000 40: 4500 41: 3500 42: 1500
  P5  30: 5750 31: 4000 32: 2500 33: 2500 34: 2500 35: 2500 36: 2500 37: 2500 38: 2500 39: 2500 40: 2500 41: 2500 42: 1750
  P6  30:10000 31: 9500 32: 8750 33: 8750 34: 8750 35: 7750 36: 7000 37: 7250 38: 7250 39: 7250 40: 7000 41: 5250 42: 2250   [mono-viol x1]
  DT  30: 5500 31: 4500 32: 4000 33: 4000 34: 4000 35: 4000 36: 3500 37: 3500 38: 3500 39: 3500 40: 2750 41: 1750 42:  750
  NT  30: 7500 31: 8250 32: 7500 33: 7500 34: 7250 35: 7250 36: 6750 37: 6250 38: 6250 39: 6250 40: 6250 41: 5750 42: 4250   [mono-viol x1]
  (30.471s)

hand 199: [20 43 52 60 62 63 64]
  P0  30: 6000 31: 5750 32: 5500 33: 5500 34: 5750 35: 5250 36: 3750 37: 3500 38: 3500 39: 3500 40: 3000 41: 2250 42:  750   [mono-viol x1]
  P1  30: 5000 31: 4500 32: 4500 33: 4500 34: 4000 35: 3500 36: 3750 37: 3000 38: 3000 39: 2750 40: 2250 41: 1500 42:    0   [mono-viol x1]
  P2  30:10000 31: 9750 32: 9750 33: 9750 34: 9750 35: 9750 36: 8750 37: 8250 38: 8250 39: 8250 40: 8000 41: 6000 42: 2250
  P3  30: 8500 31: 8000 32: 8000 33: 8000 34: 7750 35: 6500 36: 6000 37: 5250 38: 5000 39: 4250 40: 4000 41: 2750 42: 1000
  P4  30: 9250 31: 9000 32: 9000 33: 9000 34: 8000 35: 8000 36: 6500 37: 6750 38: 6750 39: 6250 40: 5750 41: 4500 42: 1250   [mono-viol x1]
  P5  30: 4750 31: 3750 32: 3500 33: 3750 34: 3750 35: 3000 36: 2750 37: 3000 38: 3000 39: 3250 40: 2250 41: 2250 42: 1750   [mono-viol x3]
  P6  30: 9750 31: 9750 32:10000 33: 9750 34: 9750 35: 9000 36: 8250 37: 8000 38: 8000 39: 7500 40: 6750 41: 5500 42: 2250   [mono-viol x1]
  DT  30: 5750 31: 5250 32: 5250 33: 5250 34: 5000 35: 4250 36: 3750 37: 3750 38: 3750 39: 3500 40: 3000 41: 1750 42:  750
  NT  30: 7250 31: 7750 32: 7500 33: 7500 34: 6750 35: 6750 36: 5750 37: 5500 38: 5500 39: 5750 40: 5750 41: 4000 42: 3000   [mono-viol x2]
  (32.511s)

nothing above exploratory tier; bid-curve values are never receipts; not a P-A21 statement
