bid-curve probe: EXPLORATORY P(make b) per (declaration, bid) at the auction point
level-1 seat (field = level-0 minds, n0=8), n_outer=200 CRN per hand, bids 30..=42, 18 rayon threads
SAMPLED — values are ESTIMATES; monotonicity in b is checked softly (see header)

hand 0: [11 20 50 52 53 61 64]
  P0  30: 6050 31: 5400 32: 4850 33: 4750 34: 4650 35: 4150 36: 3550 37: 3350 38: 3350 39: 3350 40: 2650 41: 1850 42:  550
  P1  30: 7200 31: 6450 32: 5600 33: 5600 34: 5600 35: 5300 36: 4900 37: 4400 38: 4400 39: 4400 40: 4250 41: 4150 42: 2900
  P2  30: 5650 31: 5200 32: 4800 33: 4800 34: 4650 35: 3800 36: 3200 37: 2900 38: 2900 39: 2700 40: 2850 41: 2100 42: 1150   [mono-viol x1]
  P3  30: 4350 31: 4300 32: 3950 33: 3950 34: 3800 35: 2750 36: 2800 37: 2500 38: 2500 39: 2600 40: 2300 41: 1300 42:  750   [mono-viol x2]
  P4  30: 5850 31: 5700 32: 5450 33: 5450 34: 5250 35: 4450 36: 3700 37: 3600 38: 3600 39: 3550 40: 2900 41: 2000 42: 1250
  P5  30: 6900 31: 5100 32: 3450 33: 3450 34: 3400 35: 3400 36: 3300 37: 3250 38: 3250 39: 3250 40: 3200 41: 2800 42: 1850
  P6  30: 8150 31: 7950 32: 7800 33: 7800 34: 8000 35: 7100 36: 6150 37: 5900 38: 5900 39: 5850 40: 5100 41: 3750 42: 1450   [mono-viol x1]
  DT  30: 4800 31: 4500 32: 4300 33: 4250 34: 3850 35: 3200 36: 3100 37: 3050 38: 3050 39: 2750 40: 2200 41: 1450 42:  500
  NT  30: 6900 31: 6150 32: 5800 33: 5800 34: 5700 35: 5250 36: 5050 37: 4800 38: 4800 39: 4900 40: 4700 41: 3750 42: 2300   [mono-viol x1]
  (115.149s)

hand 1: [21 41 42 53 60 62 65]
  P0  30: 4150 31: 3800 32: 3650 33: 3450 34: 3300 35: 2650 36: 2500 37: 2350 38: 2300 39: 2250 40: 1850 41: 1600 42:  950
  P1  30: 5250 31: 5100 32: 5050 33: 4950 34: 4400 35: 4000 36: 3150 37: 2800 38: 2800 39: 2750 40: 2200 41: 1600 42:  750
  P2  30: 7000 31: 7150 32: 6750 33: 6700 34: 6100 35: 5250 36: 4600 37: 3700 38: 3700 39: 3800 40: 3700 41: 2900 42: 1550   [mono-viol x2]
  P3  30: 4300 31: 4250 32: 3900 33: 3850 34: 3500 35: 2650 36: 2500 37: 2550 38: 2550 39: 2600 40: 2450 41: 1400 42:  900   [mono-viol x2]
  P4  30: 4350 31: 3750 32: 3550 33: 3500 34: 3550 35: 3150 36: 2900 37: 2850 38: 2850 39: 2850 40: 2300 41: 2000 42:  900   [mono-viol x1]
  P5  30: 5300 31: 4200 32: 3200 33: 3250 34: 3300 35: 3150 36: 2750 37: 2750 38: 2750 39: 2600 40: 2500 41: 2250 42: 1100   [mono-viol x2]
  P6  30: 7900 31: 7150 32: 6700 33: 6750 34: 6450 35: 6100 36: 5400 37: 5050 38: 5100 39: 5150 40: 5050 41: 3700 42: 1550   [mono-viol x3]
  DT  30: 4900 31: 4550 32: 4450 33: 4350 34: 4050 35: 3300 36: 3050 37: 2950 38: 2950 39: 2750 40: 2350 41: 1550 42:  400
  NT  30: 6150 31: 5750 32: 5200 33: 5150 34: 5000 35: 4850 36: 4250 37: 4050 38: 4050 39: 4200 40: 4000 41: 3200 42: 2450   [mono-viol x1]
  (116.772s)

hand 2: [10 20 22 40 51 53 63]
  P0  30: 6900 31: 6700 32: 6200 33: 6200 34: 6100 35: 5400 36: 3950 37: 3800 38: 3800 39: 3850 40: 3500 41: 2350 42: 1400   [mono-viol x1]
  P1  30: 6250 31: 5800 32: 5550 33: 5550 34: 5150 35: 4400 36: 3250 37: 3250 38: 3300 39: 3200 40: 2700 41: 2000 42:  650   [mono-viol x1]
  P2  30: 6050 31: 5600 32: 5450 33: 5450 34: 4850 35: 4650 36: 3650 37: 3500 38: 3500 39: 3550 40: 3450 41: 2900 42: 1500   [mono-viol x1]
  P3  30: 7750 31: 7050 32: 6800 33: 6800 34: 6650 35: 5900 36: 4750 37: 4300 38: 4300 39: 4250 40: 4050 41: 3400 42:  900
  P4  30: 4050 31: 3700 32: 3550 33: 3550 34: 3400 35: 3300 36: 2500 37: 2100 38: 2100 39: 2100 40: 2150 41: 1600 42: 1400   [mono-viol x1]
  P5  30: 4350 31: 3600 32: 2600 33: 2600 34: 2450 35: 2400 36: 2300 37: 1850 38: 1850 39: 1800 40: 1800 41: 1650 42:  900
  P6  30: 4650 31: 3900 32: 3550 33: 3500 34: 3500 35: 3150 36: 2600 37: 2350 38: 2350 39: 2450 40: 2150 41: 1650 42:  850   [mono-viol x1]
  DT  30: 3300 31: 2450 32: 2550 33: 2550 34: 2350 35: 2050 36: 1600 37: 1350 38: 1350 39: 1300 40: 1200 41: 1050 42:  350   [mono-viol x1]
  NT  30: 6050 31: 5550 32: 5050 33: 4900 34: 4900 35: 4600 36: 4050 37: 3950 38: 3950 39: 3800 40: 3850 41: 3750 42: 2800   [mono-viol x1]
  (103.824s)

hand 3: [10 31 32 44 55 60 64]
  P0  30: 7300 31: 6700 32: 6650 33: 6650 34: 6700 35: 6100 36: 5500 37: 4850 38: 4850 39: 4650 40: 4350 41: 3750 42: 2050   [mono-viol x1]
  P1  30: 7250 31: 6850 32: 6800 33: 6750 34: 6050 35: 5000 36: 4250 37: 3800 38: 3800 39: 3900 40: 3600 41: 2650 42: 1300   [mono-viol x1]
  P2  30: 7300 31: 7550 32: 7400 33: 7200 34: 6200 35: 5300 36: 4750 37: 4400 38: 4400 39: 4250 40: 3600 41: 2050 42:  950   [mono-viol x1]
  P3  30: 9250 31: 9450 32: 9550 33: 9450 34: 8600 35: 7700 36: 7200 37: 7700 38: 7700 39: 7700 40: 5550 41: 3550 42: 1100   [mono-viol x3]
  P4  30: 9850 31: 9750 32: 9650 33: 9750 34: 9650 35: 9450 36: 9150 37: 8850 38: 8850 39: 8900 40: 8500 41: 6850 42: 4000   [mono-viol x2]
  P5  30: 7950 31: 8150 32: 8000 33: 7850 34: 7300 35: 6600 36: 6300 37: 6300 38: 6300 39: 6350 40: 5250 41: 3700 42: 2150   [mono-viol x2]
  P6  30: 9700 31: 9350 32: 9600 33: 9600 34: 9050 35: 8050 36: 7500 37: 7250 38: 7250 39: 7250 40: 6700 41: 4100 42: 1450   [mono-viol x1]
  DT  30: 9500 31: 9450 32: 9550 33: 9550 34: 9200 35: 7400 36: 6400 37: 5800 38: 5800 39: 5900 40: 5050 41: 3000 42:  850   [mono-viol x2]
  NT  30: 9550 31: 9450 32: 9650 33: 9700 34: 9450 35: 8750 36: 8000 37: 8000 38: 8000 39: 8000 40: 7500 41: 6100 42: 3850   [mono-viol x2]
  (116.648s)

hand 4: [11 30 43 55 62 64 65]
  P0  30: 5800 31: 5650 32: 5350 33: 5350 34: 5150 35: 4500 36: 3450 37: 3450 38: 3450 39: 3450 40: 3000 41: 2100 42:  750
  P1  30: 6950 31: 7000 32: 6950 33: 6950 34: 6600 35: 5500 36: 5000 37: 4850 38: 4850 39: 4900 40: 4600 41: 3100 42: 1700   [mono-viol x2]
  P2  30: 6750 31: 6900 32: 6750 33: 6750 34: 6900 35: 5650 36: 5400 37: 5200 38: 5200 39: 4850 40: 4550 41: 3350 42: 1400   [mono-viol x2]
  P3  30: 8500 31: 8350 32: 8500 33: 8600 34: 8250 35: 7750 36: 6800 37: 6800 38: 6800 39: 6850 40: 6200 41: 3900 42: 1500   [mono-viol x3]
  P4  30: 9350 31: 9200 32: 9300 33: 9300 34: 9400 35: 9000 36: 8350 37: 7950 38: 7900 39: 8100 40: 7300 41: 6000 42: 2450   [mono-viol x3]
  P5  30: 9850 31: 9700 32: 9700 33: 9700 34: 9650 35: 9150 36: 8950 37: 8950 38: 8950 39: 8950 40: 8350 41: 7300 42: 4550
  P6  30:10000 31:10000 32:10000 33:10000 34:10000 35: 9950 36:10000 37: 9800 38: 9800 39: 9750 40: 9550 41: 8550 42: 3350   [mono-viol x1]
  DT  30: 9800 31: 9700 32: 9700 33: 9700 34: 9450 35: 9000 36: 8100 37: 8000 38: 7950 39: 7700 40: 7100 41: 5100 42: 2050
  NT  30: 9850 31: 9850 32: 9900 33: 9900 34: 9800 35: 9600 36: 9100 37: 9150 38: 9150 39: 9100 40: 8400 41: 7300 42: 5300   [mono-viol x2]
  (132.128s)

hand 5: [22 33 50 52 55 60 62]
  P0  30: 9800 31: 9550 32: 9450 33: 9450 34: 9450 35: 8950 36: 8550 37: 7850 38: 7850 39: 7700 40: 7300 41: 5800 42: 2650
  P1  30: 6600 31: 6550 32: 6500 33: 6500 34: 5950 35: 5050 36: 4250 37: 3800 38: 3800 39: 3700 40: 3150 41: 2150 42:  900
  P2  30:10000 31:10000 32:10000 33:10000 34:10000 35:10000 36: 9900 37: 9700 38: 9700 39: 9750 40: 9750 41: 9750 42: 7850   [mono-viol x1]
  P3  30: 7700 31: 7350 32: 7300 33: 7300 34: 7250 35: 6850 36: 6100 37: 5700 38: 5700 39: 5650 40: 5300 41: 3650 42: 2100
  P4  30: 6100 31: 5650 32: 5400 33: 5350 34: 5150 35: 4650 36: 4150 37: 3850 38: 3850 39: 3750 40: 3300 41: 2150 42:  600
  P5  30: 9950 31: 9900 32: 9900 33: 9900 34: 9900 35: 9800 36: 9500 37: 9450 38: 9450 39: 9300 40: 9050 41: 7150 42: 3900
  P6  30: 7950 31: 6850 32: 6700 33: 6700 34: 6800 35: 6550 36: 6400 37: 6000 38: 6000 39: 5950 40: 5900 41: 4550 42: 1950   [mono-viol x1]
  DT  30: 9700 31: 9600 32: 9550 33: 9550 34: 9250 35: 8850 36: 8500 37: 8450 38: 8450 39: 8200 40: 6650 41: 3850 42:  650
  NT  30: 9600 31: 9450 32: 9250 33: 9250 34: 9350 35: 9100 36: 8400 37: 7950 38: 7950 39: 7950 40: 7750 41: 6750 42: 4750   [mono-viol x1]
  (184.220s)

hand 6: [22 30 31 42 60 61 63]
  P0  30: 6700 31: 6500 32: 6000 33: 6050 34: 5900 35: 5050 36: 3550 37: 3100 38: 3050 39: 3100 40: 3000 41: 2100 42:  500   [mono-viol x2]
  P1  30: 7500 31: 6900 32: 6450 33: 6400 34: 6300 35: 5700 36: 4550 37: 4300 38: 4300 39: 4350 40: 3650 41: 2450 42: 1150   [mono-viol x1]
  P2  30: 7850 31: 7350 32: 7200 33: 7100 34: 6950 35: 6450 36: 5300 37: 4700 38: 4700 39: 4750 40: 4300 41: 2900 42: 1400   [mono-viol x1]
  P3  30: 8200 31: 7450 32: 7650 33: 7650 34: 7400 35: 7150 36: 5850 37: 5100 38: 5100 39: 5000 40: 5050 41: 4350 42: 2000   [mono-viol x2]
  P4  30: 4600 31: 4150 32: 3900 33: 3900 34: 3750 35: 2950 36: 2550 37: 2500 38: 2500 39: 2500 40: 2150 41: 1750 42:  900
  P5  30: 3200 31: 2900 32: 2550 33: 2500 34: 2350 35: 2100 36: 1800 37: 1650 38: 1650 39: 1650 40: 1400 41: 1150 42:  800
  P6  30: 7000 31: 6100 32: 5500 33: 5500 34: 5450 35: 5150 36: 4800 37: 4250 38: 4250 39: 4200 40: 3800 41: 3250 42: 1400
  DT  30: 3850 31: 3700 32: 3400 33: 3400 34: 3350 35: 2850 36: 2400 37: 1650 38: 1650 39: 1650 40: 1600 41: 1450 42:  600
  NT  30: 6100 31: 5250 32: 4700 33: 4650 34: 4800 35: 4400 36: 4250 37: 3950 38: 3950 39: 3950 40: 3700 41: 2800 42: 2000   [mono-viol x1]
  (132.314s)

hand 7: [00 20 21 40 43 51 54]
  P0  30: 7550 31: 7100 32: 6900 33: 6850 34: 6750 35: 6550 36: 5550 37: 4550 38: 4550 39: 4600 40: 4450 41: 3850 42: 2650   [mono-viol x1]
  P1  30: 5250 31: 4800 32: 4500 33: 4550 34: 4250 35: 3700 36: 3000 37: 2850 38: 2850 39: 2700 40: 2500 41: 1700 42:  650   [mono-viol x1]
  P2  30: 5550 31: 5050 32: 4900 33: 4900 34: 4450 35: 3900 36: 3400 37: 3000 38: 3000 39: 2850 40: 2550 41: 1900 42:  700
  P3  30: 4200 31: 3700 32: 3600 33: 3550 34: 3300 35: 2400 36: 2000 37: 1750 38: 1750 39: 1700 40: 1600 41: 1400 42:  450
  P4  30: 6800 31: 5850 32: 5450 33: 5450 34: 5400 35: 5100 36: 4650 37: 4200 38: 4200 39: 4200 40: 4150 41: 3650 42: 2350
  P5  30: 4700 31: 3700 32: 2900 33: 2900 34: 2900 35: 2750 36: 2450 37: 2250 38: 2250 39: 2250 40: 2200 41: 1800 42: 1400
  P6  30: 4850 31: 4600 32: 4700 33: 4700 34: 4550 35: 3550 36: 3000 37: 2650 38: 2650 39: 2650 40: 2400 41: 1750 42:  900   [mono-viol x1]
  DT  30: 4050 31: 3400 32: 3150 33: 3100 34: 3150 35: 2550 36: 2350 37: 2150 38: 2150 39: 2150 40: 1850 41: 1000 42:  300   [mono-viol x1]
  NT  30: 6150 31: 6050 32: 5500 33: 5600 34: 5450 35: 5200 36: 4500 37: 4150 38: 4150 39: 4200 40: 4000 41: 3550 42: 2500   [mono-viol x2]
  (127.607s)

hand 8: [00 10 21 40 60 62 66]
  P0  30:10000 31:10000 32:10000 33:10000 34:10000 35:10000 36:10000 37:10000 38:10000 39:10000 40:10000 41:10000 42: 9500
  P1  30: 6500 31: 6050 32: 5950 33: 5950 34: 5350 35: 4400 36: 3800 37: 3150 38: 3150 39: 3000 40: 2900 41: 2100 42:  800
  P2  30: 8750 31: 8350 32: 8050 33: 8000 34: 7700 35: 7000 36: 6150 37: 5900 38: 5900 39: 6050 40: 5600 41: 4200 42: 1950   [mono-viol x1]
  P3  30: 4950 31: 4750 32: 4500 33: 4550 34: 4200 35: 3150 36: 2500 37: 2400 38: 2400 39: 2400 40: 2050 41: 1350 42:  450   [mono-viol x1]
  P4  30: 5350 31: 4450 32: 4350 33: 4350 34: 4200 35: 3800 36: 3350 37: 3300 38: 3300 39: 3250 40: 3050 41: 2400 42: 1200
  P5  30: 4300 31: 3850 32: 3000 33: 3000 34: 2800 35: 2750 36: 2300 37: 2000 38: 2000 39: 2050 40: 1950 41: 1450 42:  700   [mono-viol x1]
  P6  30: 9600 31: 9500 32: 9300 33: 9300 34: 9150 35: 8650 36: 8250 37: 7950 38: 7950 39: 7950 40: 7550 41: 6250 42: 4050
  DT  30: 7200 31: 6550 32: 6700 33: 6650 34: 6450 35: 5450 36: 4200 37: 3900 38: 3900 39: 3750 40: 3500 41: 2200 42:  600   [mono-viol x1]
  NT  30: 8050 31: 7650 32: 7250 33: 7200 34: 6950 35: 7150 36: 5750 37: 5300 38: 5300 39: 5300 40: 5200 41: 4650 42: 3800   [mono-viol x1]
  (158.468s)

hand 9: [00 30 32 51 52 54 66]
  P0  30: 7150 31: 6650 32: 6200 33: 6100 34: 5900 35: 5650 36: 4600 37: 4150 38: 4150 39: 4050 40: 3850 41: 3450 42: 1700
  P1  30: 5200 31: 5100 32: 5100 33: 5150 34: 4800 35: 4400 36: 3800 37: 3700 38: 3650 39: 3500 40: 3150 41: 2550 42: 1000   [mono-viol x1]
  P2  30: 7500 31: 7400 32: 7150 33: 7100 34: 6850 35: 6150 36: 6100 37: 5450 38: 5450 39: 5250 40: 4450 41: 3400 42: 1600
  P3  30: 7550 31: 6900 32: 6700 33: 6650 34: 6600 35: 6050 36: 5450 37: 5200 38: 5200 39: 5150 40: 4800 41: 3250 42: 1150
  P4  30: 6100 31: 5050 32: 4850 33: 4850 34: 4800 35: 4650 36: 4150 37: 3700 38: 3700 39: 3700 40: 3500 41: 3000 42: 1750
  P5  30: 6500 31: 5050 32: 2750 33: 2750 34: 2750 35: 2750 36: 2750 37: 2750 38: 2750 39: 2750 40: 2750 41: 2750 42: 2100
  P6  30: 7050 31: 6100 32: 5950 33: 5950 34: 5850 35: 5300 36: 4500 37: 4400 38: 4400 39: 4400 40: 4300 41: 3450 42: 1500
  DT  30: 7800 31: 7300 32: 7350 33: 7400 34: 6700 35: 6200 36: 5050 37: 4350 38: 4300 39: 4150 40: 3800 41: 2700 42: 1100   [mono-viol x2]
  NT  30: 7300 31: 6900 32: 6800 33: 6800 34: 6750 35: 6250 36: 5800 37: 5450 38: 5450 39: 5400 40: 5250 41: 4850 42: 3400
  (141.708s)

hand 10: [40 50 53 55 60 62 63]
  P0  30: 9950 31: 9850 32: 9650 33: 9700 34: 9600 35: 9200 36: 9050 37: 8800 38: 8800 39: 8650 40: 8000 41: 6000 42: 1750   [mono-viol x1]
  P1  30: 4150 31: 3950 32: 4000 33: 3900 34: 3450 35: 2900 36: 2600 37: 2450 38: 2450 39: 2300 40: 2000 41: 1200 42:  550   [mono-viol x1]
  P2  30: 5500 31: 5700 32: 5500 33: 5300 34: 5050 35: 4000 36: 3350 37: 3350 38: 3350 39: 3300 40: 3050 41: 1850 42: 1100   [mono-viol x1]
  P3  30: 8700 31: 8250 32: 8000 33: 8100 34: 8000 35: 7400 36: 6450 37: 6050 38: 6050 39: 5950 40: 5450 41: 3350 42: 1250   [mono-viol x1]
  P4  30: 5700 31: 5300 32: 5200 33: 5250 34: 5050 35: 4500 36: 4050 37: 3900 38: 3900 39: 3850 40: 3700 41: 3000 42: 1350   [mono-viol x1]
  P5  30: 9350 31: 8750 32: 8750 33: 8700 34: 8600 35: 8300 36: 7800 37: 7600 38: 7650 39: 7100 40: 6300 41: 5000 42: 2950   [mono-viol x1]
  P6  30: 8000 31: 6600 32: 6150 33: 6100 34: 6200 35: 6100 36: 5550 37: 5100 38: 5100 39: 5100 40: 5050 41: 4300 42: 1450   [mono-viol x1]
  DT  30: 6750 31: 6300 32: 5900 33: 5800 34: 5300 35: 3950 36: 3750 37: 3600 38: 3650 39: 3600 40: 3050 41: 1750 42:  450   [mono-viol x1]
  NT  30: 7750 31: 7500 32: 7050 33: 7000 34: 6700 35: 6250 36: 5700 37: 5450 38: 5450 39: 5350 40: 4850 41: 3850 42: 2550
  (142.863s)

hand 11: [32 40 41 44 50 62 66]
  P0  30: 7700 31: 7450 32: 7050 33: 7050 34: 6750 35: 6350 36: 4750 37: 4150 38: 4150 39: 4150 40: 3800 41: 2950 42: 1550
  P1  30: 5050 31: 4650 32: 4850 33: 4850 34: 4600 35: 3450 36: 2950 37: 2550 38: 2550 39: 2450 40: 2150 41: 1350 42:  550   [mono-viol x1]
  P2  30: 8500 31: 8500 32: 8050 33: 8050 34: 8200 35: 7750 36: 6600 37: 5750 38: 5750 39: 5700 40: 5600 41: 4700 42: 2000   [mono-viol x1]
  P3  30: 6250 31: 6100 32: 5950 33: 5950 34: 5800 35: 5100 36: 4100 37: 3650 38: 3650 39: 3700 40: 3350 41: 2450 42: 1250   [mono-viol x1]
  P4  30: 8850 31: 8450 32: 8000 33: 8100 34: 7950 35: 7650 36: 6750 37: 6400 38: 6400 39: 6400 40: 6350 41: 5950 42: 4050   [mono-viol x1]
  P5  30: 4400 31: 3950 32: 3450 33: 3450 34: 3300 35: 3000 36: 2750 37: 2800 38: 2800 39: 2800 40: 2600 41: 2300 42: 1250   [mono-viol x1]
  P6  30: 7900 31: 7700 32: 7400 33: 7400 34: 7300 35: 6900 36: 5900 37: 5100 38: 5100 39: 5150 40: 5100 41: 4750 42: 3250   [mono-viol x1]
  DT  30: 5850 31: 5400 32: 5200 33: 5200 34: 5350 35: 4850 36: 3850 37: 2550 38: 2550 39: 2500 40: 2550 41: 2500 42: 1250   [mono-viol x2]
  NT  30: 8400 31: 8050 32: 7800 33: 7800 34: 7750 35: 7200 36: 6650 37: 5850 38: 5850 39: 5750 40: 6000 41: 5850 42: 4450   [mono-viol x1]
  (126.765s)

hand 12: [00 20 32 40 41 42 54]
  P0  30: 7900 31: 7600 32: 7200 33: 7200 34: 7100 35: 6850 36: 5700 37: 4900 38: 4900 39: 4950 40: 4900 41: 4350 42: 2350   [mono-viol x1]
  P1  30: 3600 31: 3500 32: 3200 33: 3100 34: 2800 35: 2550 36: 2050 37: 1850 38: 1850 39: 1750 40: 1550 41: 1450 42:  700
  P2  30: 8250 31: 8000 32: 7850 33: 7800 34: 7400 35: 6950 36: 6350 37: 6250 38: 6250 39: 6100 40: 5500 41: 3850 42: 1700
  P3  30: 4200 31: 3850 32: 3800 33: 3750 34: 3550 35: 3200 36: 3400 37: 3350 38: 3300 39: 3250 40: 2750 41: 1550 42:  800   [mono-viol x1]
  P4  30: 8900 31: 6600 32: 5500 33: 5500 34: 5600 35: 5450 36: 5200 37: 4700 38: 4700 39: 4700 40: 4500 41: 4150 42: 2650   [mono-viol x1]
  P5  30: 4350 31: 2850 32: 2500 33: 2500 34: 2450 35: 2100 36: 1800 37: 1650 38: 1650 39: 1600 40: 1350 41: 1100 42:  500
  P6  30: 4900 31: 4800 32: 4050 33: 4000 34: 3650 35: 3600 36: 3400 37: 3850 38: 3850 39: 3750 40: 3350 41: 1800 42:  750   [mono-viol x1]
  DT  30: 4100 31: 3450 32: 3350 33: 3300 34: 3200 35: 2600 36: 2650 37: 2450 38: 2450 39: 2300 40: 2000 41: 1450 42:  450   [mono-viol x1]
  NT  30: 6250 31: 6150 32: 5450 33: 5450 34: 5250 35: 4550 36: 4500 37: 4450 38: 4450 39: 4500 40: 4400 41: 4350 42: 2900   [mono-viol x1]
  (141.818s)

hand 13: [11 20 21 40 44 61 62]
  P0  30: 7250 31: 7100 32: 6850 33: 6750 34: 6400 35: 5200 36: 4100 37: 3800 38: 3800 39: 3750 40: 3550 41: 2700 42: 1000
  P1  30: 9950 31:10000 32:10000 33:10000 34:10000 35: 9900 36: 9700 37: 9350 38: 9350 39: 9350 40: 9600 41: 8700 42: 6750   [mono-viol x2]
  P2  30: 9550 31: 9450 32: 9250 33: 9300 34: 9350 35: 9200 36: 8200 37: 7450 38: 7450 39: 7400 40: 7350 41: 6000 42: 2650   [mono-viol x2]
  P3  30: 6100 31: 5750 32: 5650 33: 5750 34: 5250 35: 4450 36: 3650 37: 3050 38: 3050 39: 2950 40: 2600 41: 1800 42:  550   [mono-viol x1]
  P4  30: 7900 31: 7350 32: 7500 33: 7450 34: 7300 35: 6400 36: 5250 37: 4850 38: 4850 39: 4800 40: 4400 41: 3650 42: 1550   [mono-viol x1]
  P5  30: 4000 31: 2850 32: 2600 33: 2600 34: 2600 35: 2400 36: 2000 37: 1850 38: 1850 39: 1950 40: 1700 41: 1350 42:  700   [mono-viol x1]
  P6  30: 7100 31: 6100 32: 5700 33: 5700 34: 5650 35: 5250 36: 4900 37: 4750 38: 4750 39: 4750 40: 4700 41: 3500 42: 1300
  DT  30: 4750 31: 4400 32: 4300 33: 4250 34: 4000 35: 3400 36: 2750 37: 2450 38: 2450 39: 2450 40: 2300 41: 1200 42:  300
  NT  30: 7800 31: 7250 32: 7050 33: 7100 34: 7100 35: 6850 36: 5800 37: 5200 38: 5200 39: 5250 40: 5150 41: 4600 42: 2650   [mono-viol x2]
  (175.463s)

hand 14: [11 20 21 32 44 51 60]
  P0  30: 8250 31: 7600 32: 7650 33: 7450 34: 7150 35: 6650 36: 5150 37: 4700 38: 4700 39: 4500 40: 4200 41: 3250 42: 1500   [mono-viol x1]
  P1  30: 9950 31: 9850 32: 9700 33: 9700 34: 9550 35: 9400 36: 8750 37: 8300 38: 8300 39: 8300 40: 8000 41: 7500 42: 5150
  P2  30: 9300 31: 9200 32: 9100 33: 9050 34: 8700 35: 8250 36: 8100 37: 7900 38: 7900 39: 7700 40: 6650 41: 4150 42: 1700
  P3  30: 5300 31: 4850 32: 4600 33: 4600 34: 4650 35: 4000 36: 3450 37: 3400 38: 3400 39: 3250 40: 2750 41: 1950 42: 1100   [mono-viol x1]
  P4  30: 4800 31: 4000 32: 3650 33: 3600 34: 3500 35: 3150 36: 2500 37: 2300 38: 2250 39: 2300 40: 2250 41: 1900 42: 1200   [mono-viol x1]
  P5  30: 4100 31: 3450 32: 2700 33: 2750 34: 2600 35: 2300 36: 2350 37: 2100 38: 2100 39: 2100 40: 1900 41: 1400 42:  900   [mono-viol x2]
  P6  30: 6000 31: 5400 32: 5050 33: 5050 34: 4750 35: 4400 36: 3900 37: 3750 38: 3750 39: 3750 40: 3350 41: 1950 42:  900
  DT  30: 4450 31: 3900 32: 3550 33: 3550 34: 3300 35: 2600 36: 2300 37: 1900 38: 1900 39: 1850 40: 1550 41: 1050 42:  200
  NT  30: 7700 31: 6950 32: 6250 33: 6150 34: 6450 35: 5800 36: 5200 37: 5050 38: 5050 39: 5000 40: 4900 41: 4700 42: 3850   [mono-viol x1]
  (125.819s)

hand 15: [10 20 30 32 53 60 63]
  P0  30: 9300 31: 8450 32: 8300 33: 8300 34: 8200 35: 7650 36: 6600 37: 5050 38: 5050 39: 4800 40: 4750 41: 4050 42: 2000
  P1  30: 3750 31: 3750 32: 3450 33: 3200 34: 3050 35: 2400 36: 2300 37: 2200 38: 2200 39: 2000 40: 1700 41: 1250 42:  600
  P2  30: 6000 31: 5400 32: 5300 33: 5000 34: 4300 35: 4050 36: 2950 37: 2850 38: 2800 39: 2500 40: 2300 41: 1000 42:  300
  P3  30: 9950 31: 9800 32: 9800 33: 9800 34: 9650 35: 9600 36: 8500 37: 8350 38: 8350 39: 8200 40: 7800 41: 5650 42: 2150
  P4  30: 3550 31: 3300 32: 3150 33: 3000 34: 2700 35: 2350 36: 2250 37: 2250 38: 2250 39: 2000 40: 1700 41:  800 42:  350
  P5  30: 3000 31: 2550 32: 2200 33: 2100 34: 1900 35: 1850 36: 1600 37: 1450 38: 1450 39: 1400 40: 1250 41:  950 42:  400
  P6  30: 5400 31: 5200 32: 4850 33: 4750 34: 4100 35: 3650 36: 3300 37: 3000 38: 3000 39: 2900 40: 2500 41: 1300 42:  500
  DT  30: 3850 31: 3700 32: 3500 33: 3350 34: 3150 35: 2500 36: 2150 37: 2200 38: 2200 39: 2050 40: 1600 41:  800 42:  300   [mono-viol x1]
  NT  30: 5300 31: 5300 32: 5050 33: 5000 34: 4350 35: 3900 36: 3300 37: 3250 38: 3250 39: 3050 40: 2650 41: 2100 42: 1300
  (129.997s)

hand 16: [00 21 30 33 44 53 60]
  P0  30:10000 31:10000 32:10000 33:10000 34:10000 35:10000 36: 9950 37: 9850 38: 9850 39: 9850 40: 9850 41: 9400 42: 8150
  P1  30: 5750 31: 5400 32: 5350 33: 5150 34: 4500 35: 4100 36: 3550 37: 3200 38: 3200 39: 3200 40: 2800 41: 2250 42: 1100
  P2  30: 5700 31: 5450 32: 5450 33: 5500 34: 5400 35: 4700 36: 4000 37: 3800 38: 3750 39: 3700 40: 3400 41: 2200 42: 1300   [mono-viol x1]
  P3  30:10000 31:10000 32: 9900 33: 9900 34: 9900 35: 9900 36: 9750 37: 9500 38: 9500 39: 9450 40: 9500 41: 8150 42: 5800   [mono-viol x1]
  P4  30: 5800 31: 5250 32: 4700 33: 4700 34: 4700 35: 4450 36: 3650 37: 3500 38: 3500 39: 3450 40: 3550 41: 2500 42: 1650   [mono-viol x1]
  P5  30: 5600 31: 4500 32: 3500 33: 3450 34: 3500 35: 3350 36: 3400 37: 3300 38: 3300 39: 3300 40: 3100 41: 2600 42: 1750   [mono-viol x2]
  P6  30: 6350 31: 5650 32: 5950 33: 5950 34: 5850 35: 5150 36: 4750 37: 4650 38: 4650 39: 4550 40: 4150 41: 2650 42: 1150   [mono-viol x1]
  DT  30: 5600 31: 4850 32: 4400 33: 4400 34: 4350 35: 4100 36: 3200 37: 2900 38: 2900 39: 2850 40: 2650 41: 1750 42:  500
  NT  30: 9450 31: 9200 32: 8500 33: 8500 34: 8500 35: 8500 36: 8100 37: 7850 38: 7850 39: 7800 40: 7800 41: 7400 42: 5400
  (153.356s)

hand 17: [10 20 30 44 50 52 63]
  P0  30: 9700 31: 9400 32: 9450 33: 9450 34: 9300 35: 8500 36: 7900 37: 8000 38: 8000 39: 7800 40: 7250 41: 4900 42: 2100   [mono-viol x2]
  P1  30: 4600 31: 4100 32: 4000 33: 3850 34: 3500 35: 3100 36: 2650 37: 2450 38: 2450 39: 2300 40: 2150 41: 1400 42:  700
  P2  30: 6650 31: 6500 32: 6050 33: 6150 34: 5650 35: 5350 36: 4700 37: 4500 38: 4500 39: 4450 40: 3700 41: 2500 42:  850   [mono-viol x1]
  P3  30: 8000 31: 7750 32: 7600 33: 7600 34: 7250 35: 6600 36: 5950 37: 5500 38: 5500 39: 5450 40: 5000 41: 3550 42: 1250
  P4  30: 4850 31: 4350 32: 4000 33: 3900 34: 3550 35: 3500 36: 2900 37: 2900 38: 2900 39: 2900 40: 2550 41: 2050 42: 1500
  P5  30: 4800 31: 3650 32: 3150 33: 3100 34: 3150 35: 2950 36: 2850 37: 2800 38: 2800 39: 2750 40: 2400 41: 2000 42: 1250   [mono-viol x1]
  P6  30: 5350 31: 4950 32: 4900 33: 4850 34: 4600 35: 4000 36: 3550 37: 3200 38: 3200 39: 3000 40: 2950 41: 1550 42:  800
  DT  30: 4050 31: 3400 32: 3450 33: 3400 34: 3050 35: 2750 36: 2400 37: 2450 38: 2450 39: 2350 40: 1950 41: 1300 42:  300   [mono-viol x2]
  NT  30: 6600 31: 6150 32: 5900 33: 5850 34: 5500 35: 4950 36: 5050 37: 4850 38: 4850 39: 4850 40: 4550 41: 4150 42: 2750   [mono-viol x1]
  (103.157s)

hand 18: [30 32 43 50 60 63 64]
  P0  30: 9650 31: 9750 32: 9800 33: 9800 34: 9550 35: 8800 36: 8050 37: 7700 38: 7700 39: 7750 40: 7650 41: 5950 42: 2250   [mono-viol x3]
  P1  30: 4700 31: 4500 32: 4350 33: 4100 34: 3500 35: 2950 36: 2550 37: 2550 38: 2550 39: 2150 40: 1650 41:  750 42:  150
  P2  30: 5400 31: 5250 32: 5200 33: 4850 34: 4550 35: 3550 36: 3050 37: 3050 38: 3050 39: 2900 40: 2200 41: 1650 42: 1000
  P3  30: 9400 31: 9250 32: 9150 33: 9150 34: 9100 35: 8450 36: 8200 37: 8000 38: 8000 39: 8050 40: 7700 41: 6200 42: 3050   [mono-viol x1]
  P4  30: 8150 31: 8100 32: 8050 33: 8050 34: 7300 35: 6300 36: 5150 37: 5050 38: 5050 39: 5000 40: 4350 41: 3100 42: 1250
  P5  30: 4150 31: 3500 32: 3050 33: 3050 34: 2850 35: 2550 36: 2150 37: 2200 38: 2200 39: 2150 40: 2050 41: 1400 42:  750   [mono-viol x1]
  P6  30: 8600 31: 8650 32: 8850 33: 8850 34: 8250 35: 7050 36: 6000 37: 5600 38: 5600 39: 5550 40: 5150 41: 3400 42: 1700   [mono-viol x2]
  DT  30: 4900 31: 4450 32: 4350 33: 4350 34: 3800 35: 3300 36: 3350 37: 3300 38: 3300 39: 2950 40: 2450 41: 1800 42:  550   [mono-viol x1]
  NT  30: 7200 31: 6500 32: 6200 33: 6050 34: 6000 35: 5600 36: 4600 37: 4550 38: 4550 39: 4550 40: 4200 41: 3600 42: 2200
  (128.935s)

hand 19: [00 20 40 43 51 54 61]
  P0  30: 8150 31: 7800 32: 7400 33: 7300 34: 7050 35: 6700 36: 5800 37: 4700 38: 4700 39: 4800 40: 4450 41: 3900 42: 2050   [mono-viol x1]
  P1  30: 7650 31: 6750 32: 6050 33: 6100 34: 5800 35: 5300 36: 4650 37: 4300 38: 4350 39: 4250 40: 4100 41: 2900 42: 1250   [mono-viol x2]
  P2  30: 3700 31: 3400 32: 3200 33: 3150 34: 2750 35: 2450 36: 2350 37: 1950 38: 1950 39: 1850 40: 1550 41: 1050 42:  550
  P3  30: 4000 31: 3600 32: 3350 33: 3350 34: 3100 35: 2800 36: 2850 37: 2800 38: 2800 39: 2700 40: 2000 41: 1250 42:  900   [mono-viol x1]
  P4  30: 6600 31: 5850 32: 4800 33: 4850 34: 4900 35: 4850 36: 4650 37: 4250 38: 4250 39: 4300 40: 4150 41: 3200 42: 1400   [mono-viol x3]
  P5  30: 4150 31: 3400 32: 2600 33: 2600 34: 2500 35: 2450 36: 2300 37: 1800 38: 1800 39: 1800 40: 1750 41: 1450 42:  950
  P6  30: 4600 31: 4400 32: 4200 33: 4200 34: 4100 35: 3700 36: 3150 37: 3200 38: 3200 39: 3100 40: 2600 41: 1800 42:  800   [mono-viol x1]
  DT  30: 3300 31: 2550 32: 2400 33: 2350 34: 2200 35: 2050 36: 1900 37: 1850 38: 1850 39: 1900 40: 1450 41:  900 42:  300   [mono-viol x1]
  NT  30: 6600 31: 5550 32: 5200 33: 5250 34: 5150 35: 5100 36: 4700 37: 3800 38: 3800 39: 3750 40: 3700 41: 3300 42: 2250   [mono-viol x1]
  (111.173s)

hand 20: [00 11 30 31 32 50 61]
  P0  30: 9950 31: 9950 32: 9950 33: 9950 34:10000 35: 9850 36: 8900 37: 9050 38: 9050 39: 9050 40: 8800 41: 6850 42: 4300   [mono-viol x2]
  P1  30: 9900 31: 9700 32: 9650 33: 9700 34: 9750 35: 9550 36: 8850 37: 8200 38: 8200 39: 8200 40: 8350 41: 8150 42: 6400   [mono-viol x3]
  P2  30: 4800 31: 4350 32: 3950 33: 3800 34: 3650 35: 3300 36: 2650 37: 2650 38: 2650 39: 2450 40: 2200 41: 1200 42:  600
  P3  30: 9200 31: 9050 32: 8950 33: 8950 34: 8550 35: 8200 36: 7950 37: 7800 38: 7750 39: 7600 40: 6950 41: 4200 42: 1850
  P4  30: 3250 31: 3000 32: 2800 33: 2850 34: 2700 35: 2150 36: 2000 37: 1950 38: 1950 39: 1900 40: 1450 41: 1100 42:  400   [mono-viol x1]
  P5  30: 4250 31: 3150 32: 2800 33: 2800 34: 2750 35: 2500 36: 2350 37: 2350 38: 2350 39: 2350 40: 1850 41: 1300 42:  650
  P6  30: 5300 31: 4950 32: 4700 33: 4700 34: 4600 35: 4250 36: 3750 37: 3450 38: 3450 39: 3450 40: 3150 41: 1850 42:  750
  DT  30: 4450 31: 3750 32: 3500 33: 3450 34: 3350 35: 2750 36: 1950 37: 1850 38: 1850 39: 1850 40: 1200 41:  750 42:  150
  NT  30: 6500 31: 6150 32: 6000 33: 5950 34: 5650 35: 5100 36: 4550 37: 4300 38: 4300 39: 4300 40: 4250 41: 3700 42: 1850
  (152.210s)

hand 21: [00 11 20 32 50 55 64]
  P0  30: 9850 31: 9550 32: 9350 33: 9350 34: 9300 35: 9650 36: 8800 37: 8150 38: 8150 39: 8150 40: 8350 41: 8000 42: 5750   [mono-viol x2]
  P1  30: 5900 31: 5100 32: 5250 33: 5250 34: 5350 35: 5150 36: 3950 37: 3500 38: 3500 39: 3450 40: 3650 41: 3200 42: 1750   [mono-viol x3]
  P2  30: 7800 31: 6950 32: 6800 33: 6800 34: 6600 35: 5850 36: 5100 37: 4800 38: 4800 39: 4850 40: 4450 41: 3300 42: 1150   [mono-viol x1]
  P3  30: 5700 31: 5750 32: 5600 33: 5650 34: 5600 35: 4650 36: 3900 37: 3700 38: 3700 39: 3750 40: 3150 41: 2100 42: 1000   [mono-viol x3]
  P4  30: 7800 31: 7750 32: 7750 33: 7750 34: 7900 35: 7200 36: 5700 37: 5700 38: 5700 39: 5750 40: 5500 41: 3700 42: 1750   [mono-viol x2]
  P5  30: 9100 31: 8950 32: 8600 33: 8650 34: 8650 35: 8000 36: 6850 37: 6450 38: 6450 39: 6450 40: 6500 41: 5250 42: 3250   [mono-viol x2]
  P6  30: 8950 31: 8700 32: 8700 33: 8700 34: 8500 35: 7650 36: 5950 37: 5500 38: 5500 39: 5600 40: 5100 41: 3800 42: 1600   [mono-viol x1]
  DT  30: 8800 31: 9000 32: 8850 33: 8900 34: 8650 35: 7250 36: 6100 37: 6100 38: 6100 39: 6100 40: 5900 41: 4100 42: 1200   [mono-viol x2]
  NT  30: 9350 31: 9300 32: 9200 33: 9200 34: 9200 35: 9200 36: 8950 37: 7800 38: 7800 39: 7800 40: 7900 41: 8200 42: 6450   [mono-viol x2]
  (143.770s)

hand 22: [10 31 43 50 52 55 65]
  P0  30: 6750 31: 6600 32: 6350 33: 6300 34: 5450 35: 5100 36: 4250 37: 4000 38: 4000 39: 3950 40: 3450 41: 2350 42:  950
  P1  30: 6050 31: 5450 32: 5400 33: 5400 34: 5000 35: 4550 36: 3750 37: 3500 38: 3500 39: 3650 40: 3150 41: 2700 42: 1250   [mono-viol x1]
  P2  30: 5650 31: 5200 32: 5100 33: 4850 34: 4450 35: 4000 36: 3700 37: 3650 38: 3650 39: 3450 40: 2950 41: 2250 42: 1250
  P3  30: 7450 31: 7050 32: 6650 33: 6650 34: 6750 35: 5850 36: 5400 37: 5100 38: 5100 39: 5350 40: 5000 41: 3500 42: 1500   [mono-viol x2]
  P4  30: 4800 31: 4450 32: 4300 33: 4300 34: 3950 35: 3750 36: 3500 37: 3250 38: 3250 39: 3200 40: 2800 41: 2200 42:  950
  P5  30:10000 31:10000 32:10000 33:10000 34:10000 35:10000 36:10000 37:10000 38:10000 39:10000 40: 9900 41: 9600 42: 8300
  P6  30: 6450 31: 6350 32: 6050 33: 6050 34: 5950 35: 5300 36: 5000 37: 4350 38: 4350 39: 4400 40: 4100 41: 3000 42: 1350   [mono-viol x1]
  DT  30: 8150 31: 7250 32: 7550 33: 7450 34: 7000 35: 5650 36: 5150 37: 4400 38: 4400 39: 4450 40: 4000 41: 3100 42: 1300   [mono-viol x2]
  NT  30: 8900 31: 8900 32: 8600 33: 8500 34: 8650 35: 8050 36: 7200 37: 7200 38: 7200 39: 7150 40: 6900 41: 6200 42: 4900   [mono-viol x1]
  (125.410s)

hand 23: [21 42 44 50 51 52 62]
  P0  30: 5100 31: 4900 32: 4850 33: 4700 34: 4200 35: 3600 36: 2950 37: 2800 38: 2800 39: 2600 40: 2250 41: 1550 42:  800
  P1  30: 6800 31: 6350 32: 5650 33: 5600 34: 5950 35: 5100 36: 4300 37: 4050 38: 4100 39: 4050 40: 3700 41: 2400 42:  900   [mono-viol x2]
  P2  30: 9650 31: 9400 32: 9050 33: 9050 34: 9150 35: 8900 36: 7950 37: 7400 38: 7400 39: 7300 40: 7150 41: 6550 42: 2550   [mono-viol x1]
  P3  30: 5300 31: 5300 32: 5250 33: 5150 34: 4600 35: 3800 36: 3600 37: 3450 38: 3450 39: 3250 40: 2600 41: 1500 42:  550
  P4  30: 7200 31: 6750 32: 6550 33: 6500 34: 6100 35: 5350 36: 4650 37: 4450 38: 4350 39: 4450 40: 4000 41: 3250 42: 1700   [mono-viol x1]
  P5  30: 7700 31: 5400 32: 3850 33: 3850 34: 3850 35: 3800 36: 3700 37: 3700 38: 3700 39: 3750 40: 3700 41: 3350 42: 2300   [mono-viol x1]
  P6  30: 5700 31: 5250 32: 5150 33: 5150 34: 5150 35: 4750 36: 4050 37: 3850 38: 3850 39: 3700 40: 3450 41: 2350 42: 1050
  DT  30: 4800 31: 3900 32: 3700 33: 3600 34: 3400 35: 3100 36: 2850 37: 2550 38: 2550 39: 2350 40: 2150 41: 1600 42:  300
  NT  30: 6950 31: 6800 32: 6100 33: 6100 34: 6000 35: 5950 36: 5150 37: 4850 38: 4850 39: 4750 40: 4600 41: 3750 42: 3100
  (144.385s)

hand 24: [00 10 21 22 44 50 54]
  P0  30:10000 31: 9950 32: 9850 33: 9850 34: 9900 35: 9800 36: 9550 37: 9200 38: 9200 39: 9200 40: 9200 41: 8450 42: 6100   [mono-viol x1]
  P1  30: 7500 31: 7050 32: 6800 33: 6750 34: 6500 35: 6050 36: 5200 37: 4900 38: 4900 39: 4900 40: 4550 41: 3150 42: 1250
  P2  30: 8900 31: 8700 32: 8600 33: 8550 34: 8250 35: 7750 36: 7000 37: 6800 38: 6750 39: 6750 40: 6200 41: 5100 42: 2400
  P3  30: 6150 31: 5800 32: 6000 33: 6000 34: 5600 35: 4700 36: 4100 37: 3700 38: 3700 39: 3600 40: 3050 41: 2300 42: 1050   [mono-viol x1]
  P4  30: 9050 31: 8850 32: 8700 33: 8700 34: 8650 35: 8350 36: 7500 37: 6950 38: 6950 39: 7050 40: 6950 41: 6550 42: 3600   [mono-viol x1]
  P5  30: 8300 31: 5750 32: 3100 33: 3100 34: 3100 35: 3100 36: 3100 37: 3100 38: 3100 39: 3100 40: 3100 41: 3000 42: 2250
  P6  30: 6150 31: 5500 32: 5450 33: 5450 34: 5400 35: 5150 36: 4800 37: 4800 38: 4800 39: 4750 40: 4350 41: 2350 42:  700
  DT  30: 7000 31: 4900 32: 4400 33: 4400 34: 4350 35: 4300 36: 4100 37: 3950 38: 3950 39: 3850 40: 3650 41: 2500 42: 1050
  NT  30: 9500 31: 8950 32: 8700 33: 8700 34: 8700 35: 8450 36: 8350 37: 7800 38: 7800 39: 7850 40: 7750 41: 7150 42: 5500   [mono-viol x1]
  (195.501s)

hand 25: [33 42 43 54 60 62 65]
  P0  30: 4900 31: 4200 32: 4050 33: 4000 34: 4050 35: 3600 36: 2900 37: 2750 38: 2750 39: 2800 40: 2650 41: 2150 42: 1300   [mono-viol x2]
  P1  30: 4400 31: 3900 32: 3700 33: 3600 34: 3300 35: 3050 36: 2850 37: 2700 38: 2700 39: 2700 40: 2400 41: 1550 42:  550
  P2  30: 8250 31: 7750 32: 7050 33: 7100 34: 7150 35: 6850 36: 5750 37: 5400 38: 5400 39: 5400 40: 5300 41: 4100 42: 1900   [mono-viol x2]
  P3  30: 8250 31: 7600 32: 6450 33: 6400 34: 6350 35: 5900 36: 5550 37: 5400 38: 5400 39: 5350 40: 5150 41: 4250 42: 2600
  P4  30: 7250 31: 5950 32: 5000 33: 5000 34: 5000 35: 5000 36: 4750 37: 4250 38: 4250 39: 4200 40: 4150 41: 3650 42: 1850
  P5  30: 6100 31: 5200 32: 3100 33: 3100 34: 3000 35: 2950 36: 2850 37: 2750 38: 2750 39: 2750 40: 2800 41: 2300 42: 1550   [mono-viol x1]
  P6  30: 9500 31: 9250 32: 8950 33: 9000 34: 9200 35: 8700 36: 8000 37: 7550 38: 7550 39: 7550 40: 7700 41: 6400 42: 2850   [mono-viol x3]
  DT  30: 5950 31: 4900 32: 4700 33: 4700 34: 4450 35: 4300 36: 3800 37: 3500 38: 3500 39: 3500 40: 3050 41: 2300 42: 1200
  NT  30: 8050 31: 7600 32: 6850 33: 6850 34: 6600 35: 6450 36: 6200 37: 5600 38: 5600 39: 5600 40: 5550 41: 5250 42: 4200
  (181.971s)

hand 26: [21 30 52 53 55 61 62]
  P0  30: 4500 31: 4450 32: 4600 33: 4400 34: 3850 35: 3050 36: 2450 37: 2350 38: 2350 39: 2200 40: 2000 41: 1250 42:  700   [mono-viol x1]
  P1  30: 7700 31: 7350 32: 7300 33: 7300 34: 6800 35: 5750 36: 4850 37: 4400 38: 4400 39: 4250 40: 4300 41: 3200 42: 1400   [mono-viol x1]
  P2  30: 9650 31: 9100 32: 9200 33: 9200 34: 9450 35: 8800 36: 8150 37: 7650 38: 7650 39: 7600 40: 7250 41: 5800 42: 2100   [mono-viol x2]
  P3  30: 8250 31: 8000 32: 8050 33: 8150 34: 7550 35: 6950 36: 6450 37: 6200 38: 6250 39: 6000 40: 5300 41: 3250 42: 1100   [mono-viol x3]
  P4  30: 4800 31: 4500 32: 4450 33: 4350 34: 3800 35: 3100 36: 2800 37: 2750 38: 2750 39: 2550 40: 2250 41: 1550 42:  700
  P5  30: 9700 31: 9200 32: 9250 33: 9250 34: 8950 35: 8250 36: 7800 37: 7150 38: 7100 39: 7150 40: 6400 41: 5000 42: 2400   [mono-viol x2]
  P6  30: 6300 31: 6250 32: 6200 33: 6100 34: 5950 35: 5500 36: 5250 37: 4850 38: 4900 39: 5000 40: 4800 41: 3000 42: 1100   [mono-viol x2]
  DT  30: 6350 31: 6050 32: 6100 33: 6100 34: 5150 35: 4350 36: 3350 37: 3100 38: 3100 39: 3150 40: 2400 41: 1450 42:  450   [mono-viol x2]
  NT  30: 8300 31: 8050 32: 7650 33: 7650 34: 7500 35: 6600 36: 6000 37: 5450 38: 5450 39: 5450 40: 5000 41: 4200 42: 2750
  (126.873s)

hand 27: [20 41 42 44 55 62 65]
  P0  30: 5800 31: 5400 32: 5650 33: 5450 34: 4900 35: 4050 36: 3300 37: 3300 38: 3300 39: 3400 40: 3000 41: 2150 42: 1300   [mono-viol x2]
  P1  30: 6600 31: 6650 32: 6550 33: 6250 34: 5950 35: 5050 36: 4350 37: 4350 38: 4350 39: 4300 40: 3400 41: 2100 42: 1100   [mono-viol x1]
  P2  30: 9900 31: 9600 32: 9450 33: 9450 34: 9500 35: 9200 36: 8950 37: 8000 38: 8000 39: 7900 40: 7750 41: 6950 42: 2700   [mono-viol x1]
  P3  30: 7700 31: 7600 32: 7500 33: 7450 34: 6900 35: 6200 36: 6050 37: 6050 38: 6050 39: 5850 40: 4300 41: 2600 42:  900
  P4  30: 9800 31: 9800 32: 9850 33: 9800 34: 9650 35: 9300 36: 9300 37: 9300 38: 9300 39: 9300 40: 8250 41: 6950 42: 4050   [mono-viol x1]
  P5  30: 9600 31: 9600 32: 9500 33: 9500 34: 9400 35: 9050 36: 9000 37: 8400 38: 8400 39: 8450 40: 8300 41: 7200 42: 4200   [mono-viol x1]
  P6  30: 9300 31: 8950 32: 8650 33: 8700 34: 8650 35: 8400 36: 7950 37: 7450 38: 7450 39: 7500 40: 7250 41: 6150 42: 2550   [mono-viol x2]
  DT  30: 8950 31: 8500 32: 8350 33: 8300 34: 8300 35: 7800 36: 7050 37: 6450 38: 6450 39: 6100 40: 5550 41: 3650 42: 1250
  NT  30: 9600 31: 9550 32: 9400 33: 9300 34: 9250 35: 9050 36: 8500 37: 8050 38: 8050 39: 7950 40: 7650 41: 7050 42: 5500
  (147.476s)

hand 28: [00 10 11 32 44 50 61]
  P0  30: 9950 31: 9850 32: 9850 33: 9900 34: 9850 35: 9550 36: 9100 37: 8700 38: 8700 39: 8700 40: 8650 41: 8000 42: 5150   [mono-viol x1]
  P1  30: 9900 31: 9750 32: 9700 33: 9700 34: 9700 35: 9800 36: 9450 37: 8500 38: 8500 39: 8500 40: 8450 41: 8500 42: 7050   [mono-viol x2]
  P2  30: 6100 31: 5600 32: 5550 33: 5400 34: 5150 35: 4600 36: 4350 37: 4450 38: 4500 39: 4150 40: 3450 41: 1850 42:  700   [mono-viol x2]
  P3  30: 7000 31: 6150 32: 6000 33: 6000 34: 5750 35: 4700 36: 4700 37: 4750 38: 4750 39: 4600 40: 3550 41: 2150 42:  950   [mono-viol x1]
  P4  30: 5200 31: 5000 32: 4950 33: 4900 34: 4500 35: 3800 36: 3400 37: 3250 38: 3250 39: 3300 40: 2900 41: 2650 42: 1800   [mono-viol x1]
  P5  30: 4700 31: 3500 32: 2750 33: 2700 34: 2750 35: 2650 36: 2400 37: 2450 38: 2450 39: 2450 40: 2250 41: 1950 42: 1100   [mono-viol x2]
  P6  30: 6600 31: 6100 32: 5650 33: 5600 34: 5450 35: 5150 36: 4200 37: 4150 38: 4150 39: 4000 40: 4100 41: 2350 42: 1000   [mono-viol x1]
  DT  30: 6150 31: 5000 32: 4500 33: 4550 34: 4650 35: 4250 36: 2700 37: 2000 38: 2000 39: 2100 40: 2000 41: 1600 42:  450   [mono-viol x3]
  NT  30: 8200 31: 7800 32: 7650 33: 7650 34: 7550 35: 7550 36: 6450 37: 5850 38: 5850 39: 5900 40: 5800 41: 5700 42: 4600   [mono-viol x1]
  (150.758s)

hand 29: [00 32 53 54 60 65 66]
  P0  30: 9250 31: 8900 32: 8350 33: 8350 34: 8300 35: 8250 36: 7500 37: 6800 38: 6800 39: 6800 40: 6850 41: 6350 42: 5600   [mono-viol x1]
  P1  30: 5250 31: 4950 32: 4850 33: 4850 34: 4350 35: 3600 36: 3100 37: 2750 38: 2750 39: 2700 40: 2350 41: 2000 42: 1000
  P2  30: 5650 31: 5000 32: 4700 33: 4750 34: 4350 35: 4150 36: 3600 37: 3500 38: 3500 39: 3500 40: 2900 41: 2250 42:  950   [mono-viol x1]
  P3  30: 8800 31: 8650 32: 8450 33: 8400 34: 8350 35: 7750 36: 7350 37: 6950 38: 6950 39: 6900 40: 6200 41: 4200 42: 1500
  P4  30: 6450 31: 5750 32: 5250 33: 5250 34: 5200 35: 5050 36: 4750 37: 4700 38: 4700 39: 4750 40: 4450 41: 3950 42: 1850   [mono-viol x1]
  P5  30: 8600 31: 8100 32: 3400 33: 3400 34: 3400 35: 3400 36: 3400 37: 3400 38: 3400 39: 3400 40: 3400 41: 3350 42: 3400   [mono-viol x1]
  P6  30: 9800 31: 9600 32: 9450 33: 9450 34: 9400 35: 9250 36: 8950 37: 8500 38: 8500 39: 8500 40: 8200 41: 8050 42: 6850
  DT  30: 9050 31: 8600 32: 8350 33: 8300 34: 8350 35: 8300 36: 7150 37: 6400 38: 6400 39: 6450 40: 6200 41: 5500 42: 3250   [mono-viol x2]
  NT  30: 9750 31: 9350 32: 8650 33: 8650 34: 8600 35: 8400 36: 7950 37: 7550 38: 7550 39: 7550 40: 7550 41: 7350 42: 7050
  (215.390s)

hand 30: [11 22 31 40 60 62 63]
  P0  30: 8750 31: 8250 32: 7950 33: 8000 34: 7850 35: 7300 36: 5650 37: 4800 38: 4800 39: 4850 40: 4550 41: 3300 42: 1250   [mono-viol x2]
  P1  30: 7750 31: 7200 32: 6800 33: 6750 34: 6500 35: 5500 36: 4950 37: 4850 38: 4800 39: 4700 40: 4400 41: 3350 42: 1550
  P2  30: 9200 31: 8500 32: 8050 33: 8050 34: 8000 35: 8050 36: 7250 37: 6650 38: 6650 39: 6600 40: 6650 41: 5250 42: 3500   [mono-viol x2]
  P3  30: 8000 31: 7150 32: 7000 33: 7000 34: 7000 35: 6350 36: 4950 37: 4600 38: 4600 39: 4600 40: 4250 41: 3550 42: 1400
  P4  30: 5450 31: 4700 32: 4350 33: 4400 34: 4300 35: 4050 36: 3350 37: 3100 38: 3100 39: 3100 40: 2800 41: 2100 42: 1300   [mono-viol x1]
  P5  30: 3800 31: 3050 32: 2600 33: 2650 34: 2500 35: 2250 36: 2050 37: 2000 38: 2000 39: 1950 40: 1900 41: 1300 42:  750   [mono-viol x1]
  P6  30: 8150 31: 6650 32: 6150 33: 6200 34: 6150 35: 6100 36: 5350 37: 5050 38: 5050 39: 5150 40: 4950 41: 4000 42: 2000   [mono-viol x2]
  DT  30: 4450 31: 3600 32: 3600 33: 3600 34: 3600 35: 2950 36: 2500 37: 2150 38: 2150 39: 2100 40: 1850 41: 1250 42:  300
  NT  30: 7350 31: 6600 32: 6150 33: 6150 34: 6200 35: 6150 36: 5600 37: 5250 38: 5250 39: 5150 40: 5050 41: 4700 42: 2950   [mono-viol x1]
  (145.049s)

hand 31: [00 31 33 50 55 64 66]
  P0  30: 9950 31: 9750 32: 9700 33: 9700 34: 9750 35: 9600 36: 9200 37: 8600 38: 8600 39: 8600 40: 8500 41: 7600 42: 6100   [mono-viol x1]
  P1  30: 6550 31: 6300 32: 6200 33: 6200 34: 5900 35: 5350 36: 4500 37: 4100 38: 4100 39: 3950 40: 4150 41: 3000 42: 1550   [mono-viol x1]
  P2  30: 7050 31: 6300 32: 6450 33: 6450 34: 6050 35: 5300 36: 4300 37: 4150 38: 4150 39: 4150 40: 3850 41: 2650 42: 1000   [mono-viol x1]
  P3  30: 9500 31: 9050 32: 9200 33: 9200 34: 9200 35: 8950 36: 8300 37: 7750 38: 7750 39: 7600 40: 7600 41: 6700 42: 4150   [mono-viol x1]
  P4  30: 9200 31: 8900 32: 8850 33: 8850 34: 8950 35: 8500 36: 7750 37: 7700 38: 7700 39: 7650 40: 7000 41: 5400 42: 2300   [mono-viol x1]
  P5  30: 9950 31:10000 32: 9950 33: 9950 34: 9900 35: 9550 36: 9350 37: 9200 38: 9200 39: 9150 40: 9100 41: 7300 42: 4250   [mono-viol x1]
  P6  30:10000 31: 9950 32: 9850 33: 9850 34: 9900 35: 9950 36: 9450 37: 9200 38: 9200 39: 9200 40: 9250 41: 8850 42: 6400   [mono-viol x3]
  DT  30:10000 31:10000 32: 9950 33: 9950 34: 9900 35:10000 36: 9750 37: 8300 38: 8300 39: 8350 40: 8350 41: 8050 42: 6250   [mono-viol x2]
  NT  30:10000 31:10000 32: 9950 33: 9950 34:10000 35:10000 36: 9950 37: 9400 38: 9400 39: 9400 40: 9400 41: 9150 42: 8650   [mono-viol x1]
  (170.270s)

hand 32: [10 43 51 60 61 62 65]
  P0  30: 5950 31: 4850 32: 4650 33: 4600 34: 4350 35: 3800 36: 3100 37: 2900 38: 2850 39: 2500 40: 2500 41: 1550 42:  750
  P1  30: 8100 31: 7300 32: 7000 33: 6950 34: 6800 35: 6300 36: 5450 37: 5200 38: 5200 39: 5100 40: 5050 41: 3800 42: 1750
  P2  30: 4150 31: 4150 32: 3750 33: 3600 34: 3350 35: 2400 36: 2000 37: 1850 38: 1850 39: 1900 40: 1750 41: 1250 42:  900   [mono-viol x1]
  P3  30: 4250 31: 3800 32: 3750 33: 3700 34: 3450 35: 3050 36: 1950 37: 1900 38: 1900 39: 2000 40: 1800 41: 1100 42:  450   [mono-viol x1]
  P4  30: 4800 31: 3700 32: 3650 33: 3550 34: 3300 35: 2650 36: 2350 37: 2000 38: 2000 39: 2000 40: 1900 41: 1550 42:  950
  P5  30: 4400 31: 3700 32: 2550 33: 2600 34: 2650 35: 2400 36: 2150 37: 2050 38: 2050 39: 2050 40: 2100 41: 1500 42: 1150   [mono-viol x3]
  P6  30: 9050 31: 8450 32: 8200 33: 8350 34: 8250 35: 7700 36: 6950 37: 6450 38: 6450 39: 6400 40: 6150 41: 5250 42: 2600   [mono-viol x1]
  DT  30: 4600 31: 4100 32: 4150 33: 4000 34: 3650 35: 3200 36: 2450 37: 2250 38: 2250 39: 2050 40: 1700 41: 1350 42:  600   [mono-viol x1]
  NT  30: 6050 31: 5250 32: 5000 33: 5000 34: 5050 35: 4800 36: 3450 37: 3550 38: 3550 39: 3500 40: 3250 41: 3000 42: 2750   [mono-viol x2]
  (114.314s)

hand 33: [22 40 42 50 51 60 61]
  P0  30: 9600 31: 9400 32: 9350 33: 9350 34: 9200 35: 8800 36: 8000 37: 7900 38: 7900 39: 7700 40: 7700 41: 6350 42: 2200
  P1  30: 7350 31: 6900 32: 6600 33: 6550 34: 5950 35: 5600 36: 4900 37: 4600 38: 4600 39: 4700 40: 4050 41: 2950 42:  950   [mono-viol x1]
  P2  30: 6950 31: 6550 32: 6450 33: 6500 34: 6300 35: 5050 36: 4450 37: 4550 38: 4550 39: 4400 40: 3950 41: 2850 42: 1350   [mono-viol x2]
  P3  30: 4100 31: 3850 32: 3850 33: 3850 34: 3600 35: 3000 36: 2550 37: 2550 38: 2550 39: 2400 40: 2050 41: 1250 42:  500
  P4  30: 6050 31: 5600 32: 5500 33: 5450 34: 5250 35: 5200 36: 4000 37: 4150 38: 4150 39: 4150 40: 3950 41: 3150 42:  900   [mono-viol x1]
  P5  30: 4650 31: 3700 32: 2700 33: 2700 34: 2700 35: 2550 36: 2350 37: 2050 38: 2050 39: 2100 40: 1950 41: 1600 42:  600   [mono-viol x1]
  P6  30: 6450 31: 5850 32: 5550 33: 5500 34: 5250 35: 5100 36: 4800 37: 4200 38: 4200 39: 4150 40: 3750 41: 2350 42: 1000
  DT  30: 3800 31: 3650 32: 3250 33: 3250 34: 3000 35: 2500 36: 2350 37: 1900 38: 1900 39: 1700 40: 1550 41:  900 42:  250
  NT  30: 7100 31: 6350 32: 5850 33: 5850 34: 5800 35: 5400 36: 4700 37: 4150 38: 4150 39: 4100 40: 3900 41: 3100 42: 1850
  (126.500s)

hand 34: [10 31 33 40 41 51 54]
  P0  30: 6350 31: 6150 32: 5800 33: 5750 34: 5500 35: 5000 36: 4450 37: 3650 38: 3650 39: 3550 40: 3500 41: 2400 42: 1200
  P1  30: 9600 31: 9350 32: 9150 33: 9100 34: 8950 35: 8800 36: 8650 37: 8550 38: 8550 39: 8600 40: 7800 41: 5850 42: 2200   [mono-viol x1]
  P2  30: 4450 31: 4200 32: 4150 33: 4100 34: 3700 35: 3300 36: 2800 37: 2550 38: 2550 39: 2450 40: 2300 41: 1200 42:  450
  P3  30: 6800 31: 6450 32: 6200 33: 6200 34: 5950 35: 5300 36: 4750 37: 4450 38: 4450 39: 4350 40: 3950 41: 2850 42: 1000
  P4  30: 7650 31: 5650 32: 5350 33: 5350 34: 5350 35: 5300 36: 4850 37: 4800 38: 4800 39: 4650 40: 4800 41: 3750 42: 1800   [mono-viol x1]
  P5  30: 5950 31: 4900 32: 3650 33: 3650 34: 3500 35: 3400 36: 3450 37: 3200 38: 3200 39: 3250 40: 2850 41: 2200 42: 1300   [mono-viol x2]
  P6  30: 5750 31: 5150 32: 4850 33: 4800 34: 4500 35: 4300 36: 3750 37: 3750 38: 3750 39: 3600 40: 2900 41: 1950 42: 1150
  DT  30: 4650 31: 4400 32: 4400 33: 4400 34: 4050 35: 3350 36: 2700 37: 2600 38: 2600 39: 2450 40: 1800 41: 1200 42:  550
  NT  30: 6750 31: 6500 32: 6350 33: 6300 34: 6150 35: 5950 36: 5350 37: 5150 38: 5150 39: 5250 40: 4350 41: 3700 42: 2850   [mono-viol x1]
  (164.982s)

hand 35: [10 21 41 50 60 64 65]
  P0  30: 9650 31: 9550 32: 9450 33: 9450 34: 9500 35: 8900 36: 7800 37: 7700 38: 7700 39: 7650 40: 7300 41: 5550 42: 2250   [mono-viol x1]
  P1  30: 8850 31: 8700 32: 8500 33: 8350 34: 7900 35: 7450 36: 6550 37: 6450 38: 6450 39: 6350 40: 5450 41: 3650 42: 1050
  P2  30: 4450 31: 4000 32: 4350 33: 4300 34: 4100 35: 3050 36: 3100 37: 3150 38: 3150 39: 2950 40: 2050 41: 1400 42:  850   [mono-viol x3]
  P3  30: 4150 31: 4250 32: 4250 33: 4100 34: 3150 35: 3200 36: 2700 37: 2750 38: 2750 39: 2600 40: 1800 41: 1200 42:  500   [mono-viol x3]
  P4  30: 7250 31: 7200 32: 6850 33: 6750 34: 6250 35: 5500 36: 4400 37: 4550 38: 4550 39: 4400 40: 3850 41: 2600 42: 1300   [mono-viol x1]
  P5  30: 4350 31: 3700 32: 2900 33: 2900 34: 2800 35: 2800 36: 2550 37: 2300 38: 2300 39: 2300 40: 2250 41: 1900 42: 1150
  P6  30: 8750 31: 8450 32: 8400 33: 8500 34: 7950 35: 7450 36: 6400 37: 6350 38: 6350 39: 6350 40: 5600 41: 4350 42: 1900   [mono-viol x1]
  DT  30: 5050 31: 4700 32: 4850 33: 4700 34: 4450 35: 3750 36: 2800 37: 2950 38: 2950 39: 2700 40: 2200 41: 1300 42:  400   [mono-viol x2]
  NT  30: 6750 31: 6500 32: 6250 33: 6200 34: 6100 35: 5200 36: 4500 37: 4500 38: 4500 39: 4400 40: 4300 41: 3050 42: 2100
  (127.756s)

hand 36: [21 32 40 42 55 62 64]
  P0  30: 5700 31: 5550 32: 5400 33: 5350 34: 5100 35: 4150 36: 3700 37: 3750 38: 3750 39: 3750 40: 3350 41: 2150 42:  800   [mono-viol x1]
  P1  30: 5900 31: 6000 32: 5800 33: 5750 34: 5050 35: 4350 36: 3850 37: 3850 38: 3850 39: 3750 40: 2850 41: 2250 42:  950   [mono-viol x1]
  P2  30: 9500 31: 9200 32: 9100 33: 9100 34: 9250 35: 8950 36: 8750 37: 8550 38: 8550 39: 8650 40: 8650 41: 7350 42: 2850   [mono-viol x2]
  P3  30: 7450 31: 7350 32: 7300 33: 7000 34: 6400 35: 4950 36: 4950 37: 5200 38: 5200 39: 5000 40: 4100 41: 1900 42: 1000   [mono-viol x1]
  P4  30: 9350 31: 9300 32: 9300 33: 9200 34: 9300 35: 8600 36: 7900 37: 7650 38: 7650 39: 7550 40: 7600 41: 5500 42: 2500   [mono-viol x2]
  P5  30: 7550 31: 7400 32: 7550 33: 7150 34: 6350 35: 5950 36: 5300 37: 5450 38: 5450 39: 5050 40: 4350 41: 2650 42: 1250   [mono-viol x2]
  P6  30: 8800 31: 8600 32: 8550 33: 8350 34: 8100 35: 7250 36: 6050 37: 6050 38: 6050 39: 5950 40: 5700 41: 3650 42: 1300
  DT  30: 7150 31: 7250 32: 7100 33: 7100 34: 6250 35: 5300 36: 4750 37: 4450 38: 4450 39: 4400 40: 3250 41: 2200 42:  800   [mono-viol x1]
  NT  30: 8900 31: 8650 32: 8750 33: 8650 34: 8000 35: 7600 36: 6950 37: 6850 38: 6800 39: 6700 40: 6200 41: 4900 42: 2900   [mono-viol x1]
  (107.894s)

hand 37: [10 20 41 43 53 55 61]
  P0  30: 6150 31: 5650 32: 5350 33: 5300 34: 5150 35: 4200 36: 3400 37: 3400 38: 3400 39: 3350 40: 2950 41: 1850 42:  650
  P1  30: 9750 31: 9700 32: 9700 33: 9700 34: 9500 35: 8900 36: 7850 37: 7700 38: 7700 39: 7600 40: 7050 41: 6150 42: 2600
  P2  30: 5250 31: 5150 32: 5000 33: 4950 34: 4250 35: 3400 36: 2750 37: 2850 38: 2850 39: 2800 40: 2000 41: 1250 42:  750   [mono-viol x1]
  P3  30: 7800 31: 7600 32: 7350 33: 7350 34: 7150 35: 6350 36: 5550 37: 5450 38: 5450 39: 5150 40: 4450 41: 2250 42:  800
  P4  30: 6200 31: 5150 32: 5000 33: 5100 34: 5150 35: 4850 36: 5100 37: 4650 38: 4650 39: 4500 40: 4300 41: 3150 42: 1150   [mono-viol x3]
  P5  30: 7800 31: 7250 32: 7350 33: 7200 34: 6600 35: 6200 36: 5450 37: 5350 38: 5350 39: 5200 40: 4600 41: 3300 42: 1300   [mono-viol x1]
  P6  30: 6750 31: 6600 32: 6550 33: 6500 34: 5900 35: 5200 36: 4950 37: 4850 38: 4800 39: 4600 40: 3800 41: 2400 42: 1000
  DT  30: 5850 31: 5650 32: 5750 33: 5850 34: 5500 35: 4600 36: 3950 37: 3750 38: 3750 39: 3800 40: 2950 41: 1900 42:  650   [mono-viol x3]
  NT  30: 8150 31: 7300 32: 6950 33: 7050 34: 6750 35: 6150 36: 5950 37: 5950 38: 5900 39: 5950 40: 5450 41: 4250 42: 2750   [mono-viol x2]
  (102.959s)

hand 38: [11 21 22 50 52 53 63]
  P0  30: 5300 31: 4750 32: 4200 33: 4150 34: 3800 35: 3300 36: 2650 37: 2350 38: 2350 39: 2200 40: 2150 41: 1300 42:  650
  P1  30: 7600 31: 7250 32: 6750 33: 6700 34: 6750 35: 5700 36: 5250 37: 4750 38: 4750 39: 4650 40: 4550 41: 3700 42: 1600   [mono-viol x1]
  P2  30: 9600 31: 9050 32: 8700 33: 8650 34: 8750 35: 8700 36: 8250 37: 7950 38: 7950 39: 7900 40: 7800 41: 7100 42: 4350   [mono-viol x1]
  P3  30: 8600 31: 8350 32: 7950 33: 7950 34: 7950 35: 7900 36: 7100 37: 6550 38: 6550 39: 6500 40: 6150 41: 4700 42: 1900
  P4  30: 4950 31: 4300 32: 4200 33: 4200 34: 4000 35: 3500 36: 3150 37: 3000 38: 3000 39: 2900 40: 2550 41: 1650 42:  850
  P5  30: 8000 31: 5400 32: 3150 33: 3150 34: 3150 35: 3150 36: 3150 37: 3150 38: 3150 39: 3150 40: 3150 41: 2900 42: 1850
  P6  30: 6950 31: 6150 32: 5550 33: 5550 34: 5500 35: 5500 36: 5050 37: 4550 38: 4550 39: 4550 40: 4350 41: 3000 42: 1200
  DT  30: 5100 31: 4450 32: 4400 33: 4400 34: 4100 35: 3500 36: 2800 37: 2650 38: 2700 39: 2650 40: 2150 41: 1300 42:  400   [mono-viol x1]
  NT  30: 8550 31: 7900 32: 6850 33: 6850 34: 6700 35: 6850 36: 6350 37: 6500 38: 6500 39: 6450 40: 6100 41: 5500 42: 3700   [mono-viol x2]
  (161.995s)

hand 39: [11 22 32 41 51 52 55]
  P0  30: 5200 31: 5150 32: 4750 33: 4750 34: 4200 35: 3700 36: 2850 37: 2750 38: 2750 39: 2600 40: 2350 41: 1450 42:  450
  P1  30:10000 31:10000 32:10000 33:10000 34:10000 35: 9950 36: 9650 37: 9400 38: 9400 39: 9400 40: 9400 41: 9300 42: 6450
  P2  30:10000 31:10000 32:10000 33:10000 34:10000 35: 9850 36: 9450 37: 8850 38: 8850 39: 8850 40: 8700 41: 8500 42: 5600
  P3  30: 7800 31: 7750 32: 7800 33: 7750 34: 7300 35: 6700 36: 6750 37: 6600 38: 6600 39: 6300 40: 5250 41: 2950 42: 1350   [mono-viol x2]
  P4  30: 5900 31: 5050 32: 4800 33: 4800 34: 4700 35: 4550 36: 4450 37: 4500 38: 4500 39: 4500 40: 4050 41: 2900 42: 1250   [mono-viol x1]
  P5  30: 9850 31: 9800 32: 9800 33: 9750 34: 9750 35: 9550 36: 8550 37: 8300 38: 8300 39: 8400 40: 8100 41: 6850 42: 3900   [mono-viol x1]
  P6  30: 6850 31: 6600 32: 6350 33: 6300 34: 6100 35: 5800 36: 4850 37: 5200 38: 5200 39: 5200 40: 4500 41: 2650 42:  650   [mono-viol x1]
  DT  30: 8500 31: 8250 32: 8100 33: 8100 34: 7650 35: 6450 36: 5550 37: 5200 38: 5200 39: 5150 40: 4100 41: 2900 42:  850
  NT  30: 9350 31: 9100 32: 9100 33: 9050 34: 8950 35: 8700 36: 8050 37: 7450 38: 7450 39: 7450 40: 7550 41: 6800 42: 5550   [mono-viol x1]
  (155.788s)

hand 40: [00 20 31 32 41 52 62]
  P0  30: 6400 31: 5800 32: 5900 33: 6000 34: 5600 35: 4400 36: 3550 37: 3400 38: 3400 39: 3450 40: 3400 41: 2350 42:  900   [mono-viol x3]
  P1  30: 6250 31: 6250 32: 6150 33: 5900 34: 5500 35: 4750 36: 3900 37: 4000 38: 4000 39: 3950 40: 3150 41: 2000 42:  600   [mono-viol x1]
  P2  30: 9750 31: 9650 32: 9650 33: 9650 34: 9750 35: 9250 36: 8900 37: 8550 38: 8550 39: 8600 40: 8400 41: 6650 42: 2800   [mono-viol x2]
  P3  30: 6050 31: 5650 32: 5700 33: 5450 34: 5150 35: 4250 36: 3550 37: 3100 38: 3100 39: 3050 40: 2750 41: 1750 42:  450   [mono-viol x1]
  P4  30: 4250 31: 3700 32: 3650 33: 3650 34: 3500 35: 3400 36: 2750 37: 2800 38: 2800 39: 2700 40: 2050 41: 1400 42:  600   [mono-viol x1]
  P5  30: 3200 31: 2600 32: 2300 33: 2250 34: 2250 35: 1900 36: 1900 37: 1800 38: 1800 39: 1700 40: 1450 41: 1050 42:  800
  P6  30: 4950 31: 4400 32: 4250 33: 4200 34: 4050 35: 3650 36: 3200 37: 3100 38: 3100 39: 3150 40: 3000 41: 1950 42:  900   [mono-viol x1]
  DT  30: 2850 31: 2750 32: 2800 33: 2850 34: 2550 35: 1900 36: 1700 37: 1650 38: 1650 39: 1600 40: 1400 41:  650 42:  300   [mono-viol x2]
  NT  30: 6450 31: 5600 32: 5300 33: 5300 34: 5350 35: 4850 36: 4600 37: 4750 38: 4750 39: 4750 40: 4700 41: 3600 42: 2500   [mono-viol x2]
  (98.372s)

hand 41: [10 20 21 32 41 64 66]
  P0  30: 5200 31: 4500 32: 4500 33: 4550 34: 4250 35: 3850 36: 2650 37: 2050 38: 2050 39: 2100 40: 1950 41: 1800 42:  800   [mono-viol x2]
  P1  30: 8450 31: 8150 32: 7950 33: 7900 34: 7600 35: 6550 36: 5950 37: 5900 38: 5900 39: 5700 40: 5550 41: 3750 42: 1700
  P2  30: 9150 31: 9150 32: 8950 33: 8950 34: 8700 35: 7550 36: 7350 37: 7050 38: 7050 39: 6850 40: 6150 41: 4200 42: 2100
  P3  30: 5300 31: 5000 32: 4800 33: 4800 34: 4500 35: 3800 36: 3300 37: 2900 38: 2900 39: 2900 40: 2550 41: 1650 42:  900
  P4  30: 8050 31: 8250 32: 7950 33: 7950 34: 7700 35: 6800 36: 5800 37: 5500 38: 5500 39: 5550 40: 5100 41: 3500 42: 1350   [mono-viol x2]
  P5  30: 4450 31: 3900 32: 3200 33: 3200 34: 2950 35: 2600 36: 2550 37: 2700 38: 2700 39: 2650 40: 2100 41: 1300 42:  400   [mono-viol x1]
  P6  30: 8650 31: 8550 32: 8550 33: 8550 34: 8250 35: 7400 36: 5800 37: 5200 38: 5200 39: 5250 40: 5100 41: 4400 42: 2000   [mono-viol x1]
  DT  30: 4950 31: 4400 32: 4400 33: 4400 34: 4250 35: 3450 36: 2950 37: 2850 38: 2850 39: 2850 40: 2550 41: 1900 42: 1150
  NT  30: 6850 31: 6250 32: 6200 33: 6050 34: 6100 35: 5650 36: 4700 37: 4450 38: 4450 39: 4450 40: 4200 41: 3500 42: 2900   [mono-viol x1]
  (119.030s)

hand 42: [11 20 22 31 42 51 66]
  P0  30: 4650 31: 4350 32: 4100 33: 4100 34: 3800 35: 3400 36: 3150 37: 2950 38: 2950 39: 2950 40: 2600 41: 1950 42: 1050
  P1  30:10000 31: 9950 32: 9950 33: 9950 34: 9950 35: 9950 36: 9750 37: 9350 38: 9350 39: 9350 40: 9300 41: 9050 42: 6600
  P2  30:10000 31: 9900 32: 9800 33: 9850 34: 9800 35: 9600 36: 9500 37: 9150 38: 9150 39: 9100 40: 8700 41: 8000 42: 4750   [mono-viol x1]
  P3  30: 4600 31: 4550 32: 4100 33: 4050 34: 3850 35: 3300 36: 2700 37: 2350 38: 2350 39: 2350 40: 2350 41: 1650 42:  850
  P4  30: 5250 31: 4450 32: 4200 33: 4200 34: 4250 35: 3750 36: 3350 37: 2950 38: 2950 39: 2950 40: 2800 41: 2100 42:  950   [mono-viol x1]
  P5  30: 4850 31: 4050 32: 3200 33: 3200 34: 3200 35: 3250 36: 2750 37: 2750 38: 2750 39: 2800 40: 2800 41: 2150 42: 1450   [mono-viol x2]
  P6  30: 7650 31: 6900 32: 6800 33: 6800 34: 6750 35: 6350 36: 5450 37: 5150 38: 5150 39: 5100 40: 4800 41: 4250 42: 2250
  DT  30: 8450 31: 8150 32: 8200 33: 8200 34: 8000 35: 6750 36: 5400 37: 4700 38: 4700 39: 4600 40: 4400 41: 3450 42: 1100   [mono-viol x1]
  NT  30: 9100 31: 8700 32: 8100 33: 8150 34: 8100 35: 7950 36: 7400 37: 7350 38: 7350 39: 7350 40: 7250 41: 6850 42: 5300   [mono-viol x1]
  (144.235s)

hand 43: [00 20 31 50 52 61 63]
  P0  30: 8900 31: 8550 32: 8250 33: 8250 34: 8200 35: 7800 36: 6950 37: 6400 38: 6400 39: 6400 40: 6250 41: 4850 42: 2950
  P1  30: 6700 31: 6300 32: 6000 33: 6000 34: 5900 35: 4700 36: 4050 37: 3700 38: 3700 39: 3600 40: 3600 41: 2350 42:  700
  P2  30: 6550 31: 6100 32: 5450 33: 5350 34: 5150 35: 4100 36: 3850 37: 3550 38: 3500 39: 3350 40: 2950 41: 2050 42:  750
  P3  30: 6750 31: 6250 32: 6100 33: 6100 34: 5800 35: 5600 36: 4550 37: 4100 38: 4100 39: 4050 40: 3650 41: 2350 42:  850
  P4  30: 4250 31: 3850 32: 3350 33: 3350 34: 3150 35: 2600 36: 2450 37: 2100 38: 2100 39: 2000 40: 1950 41: 1450 42:  950
  P5  30: 4900 31: 3500 32: 3000 33: 3000 34: 3050 35: 2800 36: 2550 37: 2350 38: 2350 39: 2350 40: 2200 41: 1750 42: 1050   [mono-viol x1]
  P6  30: 6550 31: 6250 32: 6150 33: 6100 34: 5850 35: 4950 36: 3900 37: 3850 38: 3850 39: 3900 40: 3200 41: 2300 42:  800   [mono-viol x1]
  DT  30: 4250 31: 3400 32: 3600 33: 3550 34: 3100 35: 2800 36: 2300 37: 2250 38: 2200 39: 2150 40: 1800 41: 1350 42:  300   [mono-viol x1]
  NT  30: 6300 31: 5500 32: 5300 33: 5300 34: 5350 35: 5200 36: 4100 37: 3750 38: 3750 39: 3850 40: 3450 41: 3200 42: 1950   [mono-viol x2]
  (119.713s)

hand 44: [22 40 51 54 55 60 66]
  P0  30: 9400 31: 9250 32: 9150 33: 9150 34: 9050 35: 8850 36: 8200 37: 7550 38: 7550 39: 7500 40: 7350 41: 6500 42: 2300
  P1  30: 7750 31: 7850 32: 7300 33: 7150 34: 7050 35: 6250 36: 5350 37: 5350 38: 5350 39: 5350 40: 4950 41: 3650 42: 1800   [mono-viol x1]
  P2  30: 8250 31: 8450 32: 8350 33: 8350 34: 8050 35: 7350 36: 6700 37: 6450 38: 6450 39: 6300 40: 5900 41: 4350 42: 2250   [mono-viol x1]
  P3  30: 7450 31: 7550 32: 7500 33: 7300 34: 7250 35: 6150 36: 5300 37: 5200 38: 5200 39: 5050 40: 3950 41: 2700 42:  850   [mono-viol x1]
  P4  30: 8150 31: 6350 32: 5700 33: 5700 34: 5700 35: 5650 36: 5600 37: 5350 38: 5350 39: 5350 40: 5150 41: 4700 42: 2100
  P5  30:10000 31:10000 32:10000 33:10000 34:10000 35:10000 36: 9950 37: 9950 38: 9950 39: 9950 40: 9750 41: 9300 42: 6250
  P6  30: 9300 31: 9350 32: 9300 33: 9300 34: 9200 35: 9200 36: 8950 37: 8800 38: 8800 39: 8700 40: 8250 41: 6500 42: 3800   [mono-viol x1]
  DT  30: 9950 31: 9900 32: 9900 33: 9900 34: 9800 35: 9500 36: 8800 37: 8350 38: 8350 39: 8300 40: 8050 41: 6900 42: 3000
  NT  30:10000 31: 9850 32: 9700 33: 9700 34: 9550 35: 9500 36: 9100 37: 8900 38: 8900 39: 9050 40: 8450 41: 8100 42: 6700   [mono-viol x1]
  (172.132s)

hand 45: [42 50 54 55 61 62 65]
  P0  30: 5450 31: 5050 32: 4700 33: 4600 34: 4300 35: 3600 36: 3100 37: 3100 38: 3100 39: 2850 40: 2300 41: 1600 42: 1100
  P1  30: 5800 31: 5500 32: 5100 33: 5100 34: 4700 35: 4500 36: 3700 37: 3550 38: 3550 39: 3450 40: 3150 41: 2650 42: 1550
  P2  30: 8300 31: 8050 32: 7850 33: 7700 34: 7600 35: 7100 36: 5900 37: 5600 38: 5600 39: 5600 40: 5300 41: 4400 42: 1750
  P3  30: 5100 31: 5300 32: 5100 33: 5050 34: 4650 35: 4100 36: 3350 37: 3800 38: 3800 39: 3550 40: 3050 41: 2350 42:  850   [mono-viol x2]
  P4  30: 6500 31: 5050 32: 4700 33: 4700 34: 4700 35: 4550 36: 4250 37: 4050 38: 4050 39: 4050 40: 3700 41: 3250 42: 1400
  P5  30:10000 31: 9800 32: 9450 33: 9450 34: 9500 35: 9200 36: 9050 37: 9050 38: 9050 39: 9050 40: 8850 41: 8450 42: 6950   [mono-viol x1]
  P6  30: 9550 31: 9350 32: 9000 33: 9000 34: 8850 35: 8750 36: 8400 37: 8050 38: 8050 39: 8200 40: 8050 41: 6950 42: 2950   [mono-viol x1]
  DT  30: 8350 31: 7800 32: 7200 33: 7150 34: 7150 35: 6350 36: 5500 37: 5650 38: 5650 39: 5500 40: 4700 41: 3500 42: 1350   [mono-viol x1]
  NT  30: 9500 31: 9250 32: 8900 33: 8900 34: 8800 35: 8600 36: 8000 37: 8050 38: 8050 39: 8050 40: 8000 41: 7150 42: 5050   [mono-viol x1]
  (154.076s)

hand 46: [21 22 33 43 44 55 61]
  P0  30: 7200 31: 7350 32: 7200 33: 7200 34: 6750 35: 5400 36: 4600 37: 4200 38: 4200 39: 4200 40: 3700 41: 2650 42: 1000   [mono-viol x1]
  P1  30: 9600 31: 9550 32: 9350 33: 9350 34: 9250 35: 8900 36: 8100 37: 7750 38: 7750 39: 7650 40: 7450 41: 6000 42: 2100
  P2  30: 9600 31: 9650 32: 9550 33: 9550 34: 9450 35: 9200 36: 9000 37: 8800 38: 8800 39: 8800 40: 8400 41: 6900 42: 4300   [mono-viol x1]
  P3  30: 9900 31: 9900 32: 9750 33: 9700 34: 9700 35: 9600 36: 9400 37: 9350 38: 9350 39: 9300 40: 8950 41: 8050 42: 4650
  P4  30: 9700 31: 9600 32: 9350 33: 9400 34: 9350 35: 9150 36: 8700 37: 8200 38: 8200 39: 8200 40: 8350 41: 7300 42: 4900   [mono-viol x2]
  P5  30: 9400 31: 9350 32: 9350 33: 9300 34: 9300 35: 8750 36: 8750 37: 8350 38: 8350 39: 8400 40: 7750 41: 5500 42: 2850   [mono-viol x1]
  P6  30: 7750 31: 6750 32: 6650 33: 6600 34: 6600 35: 6250 36: 6100 37: 6250 38: 6250 39: 6250 40: 6000 41: 4200 42: 1750   [mono-viol x1]
  DT  30: 9850 31: 9550 32: 9550 33: 9550 34: 9450 35: 9300 36: 8450 37: 7650 38: 7650 39: 7650 40: 7500 41: 6300 42: 2300
  NT  30:10000 31:10000 32: 9950 33: 9950 34:10000 35:10000 36: 9950 37: 9900 38: 9900 39: 9900 40: 9800 41: 9500 42: 8200   [mono-viol x1]
  (181.936s)

hand 47: [00 10 31 60 62 64 66]
  P0  30:10000 31:10000 32: 9950 33: 9950 34:10000 35:10000 36: 9800 37: 9650 38: 9650 39: 9650 40: 9650 41: 9350 42: 7850   [mono-viol x1]
  P1  30: 7950 31: 7550 32: 7450 33: 7400 34: 6950 35: 6300 36: 5500 37: 4700 38: 4700 39: 4750 40: 4400 41: 3000 42: 1150   [mono-viol x1]
  P2  30: 6000 31: 5600 32: 5350 33: 5200 34: 4900 35: 4250 36: 3750 37: 3500 38: 3500 39: 3450 40: 3000 41: 2100 42: 1500
  P3  30: 5850 31: 5200 32: 5250 33: 5300 34: 5100 35: 4200 36: 3600 37: 3500 38: 3500 39: 3350 40: 3100 41: 2250 42: 1150   [mono-viol x2]
  P4  30: 7200 31: 6950 32: 6650 33: 6650 34: 6500 35: 5550 36: 4850 37: 4450 38: 4450 39: 4500 40: 3600 41: 2250 42: 1150   [mono-viol x1]
  P5  30: 5300 31: 3850 32: 3250 33: 3250 34: 3250 35: 3050 36: 2750 37: 2650 38: 2650 39: 2650 40: 2500 41: 1900 42:  950
  P6  30:10000 31:10000 32:10000 33:10000 34:10000 35:10000 36: 9950 37: 9850 38: 9850 39: 9850 40: 9800 41: 9500 42: 7250
  DT  30: 8750 31: 8200 32: 8300 33: 8150 34: 8050 35: 7100 36: 6700 37: 6200 38: 6200 39: 6000 40: 5150 41: 3600 42: 1250   [mono-viol x1]
  NT  30: 9200 31: 9050 32: 9000 33: 9000 34: 9050 35: 8650 36: 8500 37: 7900 38: 7900 39: 7850 40: 8100 41: 7500 42: 6850   [mono-viol x2]
  (148.611s)

hand 48: [00 21 33 42 50 51 62]
  P0  30: 8800 31: 8200 32: 7900 33: 7900 34: 7800 35: 7700 36: 6750 37: 5950 38: 5950 39: 6000 40: 5800 41: 4600 42: 2350   [mono-viol x1]
  P1  30: 6350 31: 5900 32: 5800 33: 5850 34: 5350 35: 5150 36: 4150 37: 3950 38: 3900 39: 3800 40: 3550 41: 2450 42:  850   [mono-viol x1]
  P2  30: 9500 31: 9050 32: 8800 33: 8800 34: 8800 35: 8450 36: 7950 37: 7300 38: 7300 39: 7200 40: 7050 41: 5900 42: 2350
  P3  30: 5550 31: 5750 32: 4850 33: 4850 34: 4700 35: 4350 36: 3800 37: 3450 38: 3450 39: 3450 40: 3100 41: 2400 42: 1850   [mono-viol x1]
  P4  30: 4350 31: 3850 32: 3950 33: 3950 34: 3850 35: 3050 36: 2800 37: 2750 38: 2750 39: 2650 40: 2350 41: 1750 42:  900   [mono-viol x1]
  P5  30: 4750 31: 3550 32: 2750 33: 2750 34: 2750 35: 2650 36: 2450 37: 2150 38: 2150 39: 2150 40: 2150 41: 1700 42:  850
  P6  30: 5350 31: 5000 32: 4700 33: 4600 34: 4500 35: 3950 36: 3450 37: 3250 38: 3250 39: 3200 40: 2900 41: 1900 42:  950
  DT  30: 4200 31: 3750 32: 3700 33: 3600 34: 3250 35: 2650 36: 2150 37: 1850 38: 1850 39: 1850 40: 1550 41:  900 42:  200
  NT  30: 6900 31: 6250 32: 5750 33: 5750 34: 5550 35: 5400 36: 4850 37: 4750 38: 4750 39: 4700 40: 4550 41: 4450 42: 3050
  (120.316s)

hand 49: [11 40 44 50 53 54 65]
  P0  30: 8600 31: 7850 32: 7400 33: 7350 34: 7400 35: 6650 36: 6100 37: 6100 38: 6100 39: 5950 40: 4800 41: 3550 42: 1300   [mono-viol x1]
  P1  30: 6050 31: 5700 32: 5350 33: 5300 34: 5000 35: 4600 36: 4150 37: 3950 38: 3950 39: 3700 40: 3600 41: 3050 42: 2100
  P2  30: 5650 31: 5400 32: 5200 33: 5150 34: 4600 35: 3850 36: 3850 37: 3850 38: 3850 39: 3700 40: 3000 41: 1750 42:  850
  P3  30: 7150 31: 6950 32: 6800 33: 6750 34: 6500 35: 5950 36: 5400 37: 5150 38: 5150 39: 5150 40: 4700 41: 2900 42: 1450
  P4  30: 9450 31: 9200 32: 8400 33: 8400 34: 8400 35: 8300 36: 7650 37: 7300 38: 7300 39: 7300 40: 7250 41: 7300 42: 5350   [mono-viol x1]
  P5  30: 9950 31: 9750 32: 3550 33: 3550 34: 3550 35: 3550 36: 3550 37: 3550 38: 3550 39: 3550 40: 3550 41: 3550 42: 3550
  P6  30: 7400 31: 6650 32: 6050 33: 6050 34: 6100 35: 5850 36: 5400 37: 5300 38: 5300 39: 5300 40: 4950 41: 4050 42: 1150   [mono-viol x1]
  DT  30: 7200 31: 5850 32: 5450 33: 5450 34: 5450 35: 5400 36: 5050 37: 4900 38: 4900 39: 4850 40: 4700 41: 3950 42: 1750
  NT  30: 9000 31: 8050 32: 6750 33: 6850 34: 6950 35: 6800 36: 6500 37: 6300 38: 6300 39: 6300 40: 6150 41: 5750 42: 4850   [mono-viol x2]
  (184.105s)

hand 50: [11 20 33 52 53 61 63]
  P0  30: 4700 31: 4150 32: 3900 33: 3700 34: 3450 35: 3100 36: 2750 37: 2500 38: 2500 39: 2450 40: 2450 41: 1700 42:  800
  P1  30: 8800 31: 8100 32: 8200 33: 8100 34: 7900 35: 7350 36: 6400 37: 5950 38: 5950 39: 5950 40: 5600 41: 4550 42: 3000   [mono-viol x1]
  P2  30: 8050 31: 7450 32: 7350 33: 7250 34: 7100 35: 6600 36: 5550 37: 5000 38: 5000 39: 4950 40: 4450 41: 3050 42:  950
  P3  30:10000 31: 9900 32: 9800 33: 9800 34: 9850 35: 9850 36: 9700 37: 9650 38: 9650 39: 9600 40: 9450 41: 9100 42: 7250   [mono-viol x1]
  P4  30: 4150 31: 3950 32: 4050 33: 4050 34: 3800 35: 3400 36: 2650 37: 2200 38: 2200 39: 2100 40: 2200 41: 1550 42:  550   [mono-viol x2]
  P5  30: 5850 31: 4450 32: 3200 33: 3200 34: 3300 35: 3200 36: 3000 37: 2650 38: 2650 39: 2700 40: 2700 41: 2400 42: 1450   [mono-viol x2]
  P6  30: 6750 31: 5550 32: 5250 33: 5300 34: 5250 35: 5150 36: 4650 37: 4100 38: 4100 39: 4050 40: 4100 41: 2950 42: 1400   [mono-viol x2]
  DT  30: 5200 31: 4250 32: 4000 33: 4000 34: 4000 35: 3600 36: 2800 37: 2650 38: 2650 39: 2650 40: 2400 41: 1800 42:  300
  NT  30: 7850 31: 7500 32: 6550 33: 6550 34: 6400 35: 6350 36: 5750 37: 5300 38: 5300 39: 5300 40: 5350 41: 4700 42: 3050   [mono-viol x1]
  (155.656s)

hand 51: [00 10 31 32 62 63 64]
  P0  30: 7600 31: 7250 32: 7150 33: 7200 34: 6550 35: 5700 36: 5050 37: 4850 38: 4800 39: 4700 40: 4150 41: 2950 42: 1450   [mono-viol x1]
  P1  30: 6100 31: 5850 32: 5750 33: 5750 34: 5550 35: 5200 36: 3800 37: 4250 38: 4250 39: 4300 40: 3850 41: 2350 42:  950   [mono-viol x2]
  P2  30: 7750 31: 7050 32: 6800 33: 6750 34: 6400 35: 6100 36: 5600 37: 5000 38: 4900 39: 4950 40: 4700 41: 3450 42: 1450   [mono-viol x1]
  P3  30: 9250 31: 8800 32: 8900 33: 8950 34: 8800 35: 8650 36: 8150 37: 8200 38: 8200 39: 8100 40: 7400 41: 5550 42: 2450   [mono-viol x3]
  P4  30: 7450 31: 6800 32: 6900 33: 6900 34: 6750 35: 5950 36: 5100 37: 4900 38: 4900 39: 4700 40: 4150 41: 2650 42: 1500   [mono-viol x1]
  P5  30: 3350 31: 2750 32: 2350 33: 2350 34: 2250 35: 1950 36: 1700 37: 1650 38: 1650 39: 1550 40: 1300 41:  950 42:  400
  P6  30: 9800 31: 9750 32: 9600 33: 9600 34: 9400 35: 8850 36: 8100 37: 7650 38: 7650 39: 7550 40: 6800 41: 5300 42: 1950
  DT  30: 5000 31: 4000 32: 3950 33: 3950 34: 3850 35: 3250 36: 2650 37: 2700 38: 2600 39: 2550 40: 2100 41: 1800 42:  900   [mono-viol x1]
  NT  30: 7600 31: 6800 32: 6350 33: 6350 34: 6500 35: 5700 36: 5050 37: 4850 38: 4850 39: 4900 40: 4800 41: 3850 42: 2700   [mono-viol x2]
  (128.087s)

hand 52: [11 20 32 40 52 54 55]
  P0  30: 6400 31: 6100 32: 6000 33: 5850 34: 5500 35: 5000 36: 3800 37: 3500 38: 3500 39: 3350 40: 3200 41: 2100 42:  550
  P1  30: 7450 31: 7400 32: 7250 33: 7250 34: 6700 35: 5750 36: 4800 37: 4700 38: 4700 39: 4650 40: 4450 41: 3500 42: 1850
  P2  30: 9900 31: 9750 32: 9650 33: 9650 34: 9450 35: 9200 36: 8850 37: 8750 38: 8750 39: 8750 40: 8300 41: 5950 42: 2500
  P3  30: 6850 31: 6900 32: 6900 33: 6950 34: 6500 35: 5800 36: 5650 37: 5800 38: 5800 39: 5400 40: 4150 41: 2800 42: 1150   [mono-viol x3]
  P4  30: 6750 31: 5450 32: 4900 33: 4900 34: 4850 35: 4800 36: 4600 37: 4350 38: 4350 39: 4450 40: 4350 41: 3750 42: 1850   [mono-viol x1]
  P5  30: 9900 31: 9850 32: 9800 33: 9800 34: 9800 35: 9650 36: 8950 37: 8800 38: 8800 39: 8750 40: 8750 41: 7800 42: 5500
  P6  30: 5950 31: 5550 32: 5500 33: 5500 34: 5400 35: 4900 36: 4450 37: 4750 38: 4750 39: 4800 40: 4050 41: 2350 42:  800   [mono-viol x2]
  DT  30: 8250 31: 8250 32: 8100 33: 8000 34: 7150 35: 5500 36: 4650 37: 4450 38: 4450 39: 4300 40: 3600 41: 2100 42:  700
  NT  30: 9550 31: 9500 32: 9000 33: 9000 34: 9150 35: 8500 36: 8150 37: 8000 38: 8000 39: 7900 40: 7600 41: 6550 42: 5000   [mono-viol x1]
  (145.538s)

hand 53: [10 11 22 41 43 61 62]
  P0  30: 4550 31: 4100 32: 3800 33: 3800 34: 3550 35: 2550 36: 2250 37: 2350 38: 2350 39: 2250 40: 2050 41: 1200 42:  500   [mono-viol x1]
  P1  30:10000 31:10000 32: 9950 33: 9950 34: 9950 35: 9900 36: 9900 37: 9900 38: 9900 39: 9900 40: 9900 41: 9650 42: 8600
  P2  30: 8950 31: 8800 32: 8600 33: 8550 34: 8650 35: 8050 36: 7350 37: 7150 38: 7150 39: 7200 40: 6600 41: 6050 42: 3500   [mono-viol x2]
  P3  30: 4650 31: 4350 32: 4050 33: 4000 34: 3650 35: 3150 36: 2700 37: 2500 38: 2500 39: 2450 40: 2000 41: 1500 42:  700
  P4  30: 6950 31: 5650 32: 5450 33: 5450 34: 5400 35: 5250 36: 5100 37: 4950 38: 4950 39: 5000 40: 4750 41: 3600 42: 1250   [mono-viol x1]
  P5  30: 4750 31: 3900 32: 3200 33: 3200 34: 3050 35: 2900 36: 2750 37: 2750 38: 2750 39: 2700 40: 2350 41: 1900 42:  750
  P6  30: 7300 31: 6300 32: 5850 33: 5850 34: 5750 35: 5400 36: 5100 37: 4950 38: 4950 39: 4950 40: 4800 41: 3450 42: 1250
  DT  30: 5000 31: 4100 32: 4100 33: 4150 34: 3800 35: 3550 36: 3250 37: 2900 38: 2900 39: 2850 40: 2500 41: 1350 42:  400   [mono-viol x1]
  NT  30: 7800 31: 7300 32: 6450 33: 6450 34: 6550 35: 6550 36: 6200 37: 6000 38: 6000 39: 5900 40: 5800 41: 5250 42: 3550   [mono-viol x1]
  (162.633s)

hand 54: [30 33 44 53 54 55 65]
  P0  30: 7500 31: 7300 32: 7200 33: 7150 34: 6850 35: 5700 36: 5100 37: 5200 38: 5200 39: 5050 40: 4000 41: 2800 42: 1150   [mono-viol x1]
  P1  30: 7900 31: 7250 32: 7200 33: 7100 34: 6100 35: 5400 36: 4300 37: 4050 38: 3950 39: 3850 40: 2850 41: 1950 42: 1050
  P2  30: 7700 31: 7600 32: 7500 33: 7500 34: 7200 35: 6000 36: 5650 37: 5300 38: 5300 39: 5300 40: 4400 41: 2850 42:  900
  P3  30:10000 31:10000 32:10000 33:10000 34:10000 35:10000 36: 9950 37: 9800 38: 9800 39: 9800 40: 9800 41: 9500 42: 7700
  P4  30: 9700 31: 9500 32: 9300 33: 9300 34: 9300 35: 9000 36: 9150 37: 8950 38: 8950 39: 8950 40: 9000 41: 8450 42: 6200   [mono-viol x2]
  P5  30:10000 31:10000 32:10000 33:10000 34:10000 35:10000 36:10000 37:10000 38:10000 39:10000 40:10000 41:10000 42:10000
  P6  30: 9100 31: 7850 32: 7400 33: 7400 34: 7350 35: 7350 36: 7550 37: 7450 38: 7450 39: 7400 40: 7250 41: 6050 42: 2400   [mono-viol x1]
  DT  30:10000 31:10000 32:10000 33:10000 34: 9950 35:10000 36: 9800 37: 9600 38: 9600 39: 9600 40: 9550 41: 8650 42: 2700   [mono-viol x1]
  NT  30:10000 31:10000 32:10000 33:10000 34:10000 35:10000 36:10000 37:10000 38:10000 39:10000 40:10000 41:10000 42: 9450
  (199.963s)

hand 55: [20 22 33 43 52 55 65]
  P0  30: 7250 31: 6800 32: 6750 33: 6500 34: 5800 35: 5150 36: 4350 37: 3850 38: 3850 39: 3700 40: 3250 41: 2350 42: 1100
  P1  30: 6600 31: 6500 32: 6600 33: 6500 34: 5750 35: 4900 36: 4300 37: 4150 38: 4150 39: 3950 40: 3150 41: 1900 42:  700   [mono-viol x1]
  P2  30:10000 31: 9950 32: 9850 33: 9850 34: 9850 35: 9850 36: 9650 37: 9450 38: 9450 39: 9400 40: 9450 41: 8800 42: 6350   [mono-viol x1]
  P3  30: 9700 31: 9900 32: 9700 33: 9700 34: 9550 35: 9500 36: 8850 37: 8800 38: 8800 39: 8750 40: 8550 41: 7750 42: 4650   [mono-viol x1]
  P4  30: 6450 31: 5350 32: 5100 33: 5100 34: 5000 35: 4850 36: 4700 37: 4600 38: 4600 39: 4500 40: 4400 41: 3650 42: 1500
  P5  30:10000 31:10000 32:10000 33:10000 34:10000 35:10000 36:10000 37:10000 38:10000 39:10000 40: 9950 41: 9750 42: 8450
  P6  30: 8450 31: 7300 32: 6750 33: 6750 34: 6800 35: 6600 36: 6700 37: 6700 38: 6700 39: 6700 40: 6200 41: 4750 42: 1950   [mono-viol x2]
  DT  30: 9750 31: 9750 32: 9700 33: 9700 34: 9450 35: 8750 36: 8200 37: 8000 38: 8000 39: 8050 40: 7350 41: 5200 42: 1750   [mono-viol x1]
  NT  30:10000 31:10000 32:10000 33:10000 34: 9950 35:10000 36: 9800 37: 9750 38: 9750 39: 9750 40: 9700 41: 9200 42: 7750   [mono-viol x1]
  (173.271s)

hand 56: [22 41 44 52 54 55 65]
  P0  30: 6450 31: 6550 32: 6700 33: 6600 34: 6000 35: 5100 36: 4450 37: 4300 38: 4300 39: 4100 40: 3500 41: 2600 42: 1100   [mono-viol x2]
  P1  30: 7850 31: 7700 32: 7900 33: 7800 34: 7250 35: 6150 36: 5750 37: 5350 38: 5350 39: 5150 40: 4500 41: 3200 42: 1350   [mono-viol x1]
  P2  30: 9650 31: 9550 32: 9600 33: 9600 34: 9550 35: 9400 36: 8950 37: 8400 38: 8400 39: 8400 40: 8500 41: 7800 42: 5650   [mono-viol x2]
  P3  30: 7000 31: 7050 32: 6950 33: 7050 34: 6450 35: 5950 36: 5500 37: 5400 38: 5450 39: 5100 40: 3900 41: 2100 42:  800   [mono-viol x3]
  P4  30:10000 31: 9950 32: 9900 33: 9900 34: 9900 35: 9850 36: 9850 37: 9650 38: 9650 39: 9650 40: 9700 41: 9350 42: 7750   [mono-viol x1]
  P5  30:10000 31:10000 32:10000 33:10000 34:10000 35:10000 36:10000 37:10000 38:10000 39:10000 40:10000 41:10000 42:10000
  P6  30: 8400 31: 7600 32: 7100 33: 7100 34: 7300 35: 7050 36: 6600 37: 6450 38: 6450 39: 6450 40: 6600 41: 5550 42: 2000   [mono-viol x2]
  DT  30: 9900 31: 9650 32: 9650 33: 9650 34: 9600 35: 9550 36: 8700 37: 8300 38: 8300 39: 8300 40: 8350 41: 7300 42: 2050   [mono-viol x1]
  NT  30:10000 31:10000 32:10000 33:10000 34:10000 35:10000 36:10000 37: 9950 38: 9950 39: 9950 40:10000 41:10000 42: 9550   [mono-viol x1]
  (190.364s)

hand 57: [20 31 41 50 53 54 61]
  P0  30: 5650 31: 5150 32: 4850 33: 4800 34: 4200 35: 3450 36: 3150 37: 3100 38: 3100 39: 3050 40: 2150 41: 1400 42:  700
  P1  30: 8200 31: 7000 32: 6800 33: 6600 34: 6250 35: 5950 36: 5400 37: 5050 38: 5050 39: 4950 40: 4500 41: 3600 42: 1650
  P2  30: 3800 31: 3350 32: 3350 33: 3150 34: 2800 35: 2450 36: 2600 37: 2400 38: 2450 39: 2150 40: 1900 41: 1250 42:  650   [mono-viol x2]
  P3  30: 4400 31: 4200 32: 4050 33: 4000 34: 3600 35: 2950 36: 2550 37: 2300 38: 2250 39: 2300 40: 2200 41: 1550 42:  700   [mono-viol x1]
  P4  30: 4550 31: 3450 32: 3700 33: 3750 34: 3500 35: 3050 36: 2900 37: 2500 38: 2450 39: 2400 40: 2050 41: 1350 42:  800   [mono-viol x2]
  P5  30: 5150 31: 3950 32: 3100 33: 3050 34: 3100 35: 2750 36: 2500 37: 2150 38: 2150 39: 2150 40: 2100 41: 1700 42: 1000   [mono-viol x1]
  P6  30: 3550 31: 3450 32: 3250 33: 3300 34: 3050 35: 2650 36: 2000 37: 1900 38: 1900 39: 1850 40: 1700 41: 1350 42:  850   [mono-viol x1]
  DT  30: 4900 31: 4150 32: 3850 33: 3800 34: 3400 35: 3250 36: 2850 37: 2650 38: 2650 39: 2450 40: 2000 41: 1500 42:  750
  NT  30: 5450 31: 4850 32: 4050 33: 4000 34: 4000 35: 4100 36: 3500 37: 3400 38: 3450 39: 3350 40: 2900 41: 2400 42: 1800   [mono-viol x2]
  (86.189s)

hand 58: [00 30 40 52 55 61 66]
  P0  30: 9950 31: 9900 32: 9900 33: 9900 34: 9850 35: 9550 36: 8950 37: 8600 38: 8600 39: 8700 40: 8400 41: 6850 42: 4450   [mono-viol x1]
  P1  30: 6400 31: 6400 32: 6000 33: 5950 34: 5600 35: 4900 36: 4400 37: 4250 38: 4250 39: 4250 40: 3700 41: 2850 42: 1550
  P2  30: 7000 31: 6650 32: 6700 33: 6500 34: 6200 35: 5300 36: 4950 37: 4550 38: 4550 39: 4550 40: 4250 41: 2950 42: 1400   [mono-viol x1]
  P3  30: 6850 31: 6750 32: 6650 33: 6500 34: 6000 35: 5300 36: 4700 37: 4400 38: 4400 39: 4400 40: 3750 41: 2350 42: 1000
  P4  30: 6250 31: 5200 32: 5200 33: 5200 34: 5000 35: 4350 36: 4000 37: 3500 38: 3500 39: 3500 40: 3300 41: 2450 42: 1100
  P5  30: 9850 31: 9650 32: 9600 33: 9600 34: 9650 35: 9050 36: 8450 37: 8050 38: 8050 39: 7950 40: 7800 41: 6500 42: 3000   [mono-viol x1]
  P6  30: 9500 31: 9450 32: 9200 33: 9100 34: 9200 35: 8400 36: 8000 37: 8000 38: 8000 39: 8050 40: 7500 41: 5750 42: 2750   [mono-viol x2]
  DT  30: 9800 31: 9550 32: 9700 33: 9700 34: 9650 35: 9150 36: 8050 37: 7100 38: 7100 39: 7100 40: 6650 41: 6000 42: 3100   [mono-viol x1]
  NT  30: 9850 31: 9650 32: 9600 33: 9600 34: 9400 35: 8850 36: 8300 37: 7900 38: 7900 39: 7800 40: 7700 41: 6450 42: 4750
  (145.297s)

hand 59: [11 20 31 41 42 51 62]
  P0  30: 3500 31: 3350 32: 3100 33: 3050 34: 3000 35: 2600 36: 1950 37: 1800 38: 1800 39: 1700 40: 1750 41: 1200 42:  350   [mono-viol x1]
  P1  30:10000 31: 9950 32: 9950 33: 9950 34: 9950 35: 9900 36: 9700 37: 9550 38: 9550 39: 9550 40: 9300 41: 8050 42: 5300
  P2  30: 8900 31: 8650 32: 8450 33: 8500 34: 8350 35: 8000 36: 7000 37: 6350 38: 6350 39: 6300 40: 6200 41: 4550 42: 2000   [mono-viol x1]
  P3  30: 3050 31: 2950 32: 2850 33: 2750 34: 2450 35: 1850 36: 1650 37: 1650 38: 1650 39: 1550 40: 1300 41:  800 42:  450
  P4  30: 4400 31: 4250 32: 3900 33: 3950 34: 3750 35: 3350 36: 2650 37: 2400 38: 2400 39: 2400 40: 2300 41: 1600 42:  800   [mono-viol x1]
  P5  30: 3050 31: 2450 32: 2050 33: 2050 34: 2000 35: 1500 36: 1550 37: 1300 38: 1300 39: 1300 40: 1150 41:  850 42:  450   [mono-viol x1]
  P6  30: 4400 31: 3950 32: 4050 33: 4050 34: 3650 35: 3200 36: 2350 37: 2150 38: 2150 39: 2050 40: 2150 41: 1700 42:  650   [mono-viol x2]
  DT  30: 3300 31: 2750 32: 2850 33: 2850 34: 2650 35: 2050 36: 1850 37: 1650 38: 1650 39: 1550 40: 1450 41: 1250 42:  400   [mono-viol x1]
  NT  30: 5250 31: 4700 32: 4550 33: 4600 34: 4350 35: 3900 36: 3250 37: 3150 38: 3150 39: 3200 40: 3000 41: 2300 42: 1550   [mono-viol x2]
  (94.244s)

hand 60: [00 10 11 40 50 62 65]
  P0  30:10000 31:10000 32: 9900 33: 9900 34: 9900 35: 9900 36: 9650 37: 9450 38: 9450 39: 9450 40: 9550 41: 8650 42: 5450   [mono-viol x1]
  P1  30: 7300 31: 6950 32: 6350 33: 6450 34: 6450 35: 6000 36: 5450 37: 5000 38: 5000 39: 5000 40: 4500 41: 4000 42: 1600   [mono-viol x1]
  P2  30: 5800 31: 5350 32: 5100 33: 5050 34: 4800 35: 4150 36: 3500 37: 3700 38: 3700 39: 3650 40: 3050 41: 2100 42: 1200   [mono-viol x1]
  P3  30: 5300 31: 5000 32: 5050 33: 5000 34: 4500 35: 4050 36: 3800 37: 3600 38: 3600 39: 3400 40: 2950 41: 2100 42:  750   [mono-viol x1]
  P4  30: 4700 31: 3950 32: 3750 33: 3650 34: 3500 35: 3350 36: 2900 37: 2550 38: 2550 39: 2600 40: 2400 41: 2000 42: 1100   [mono-viol x1]
  P5  30: 7200 31: 5650 32: 3950 33: 3950 34: 3950 35: 3950 36: 3850 37: 4000 38: 4000 39: 4000 40: 3950 41: 3500 42: 2400   [mono-viol x1]
  P6  30: 8500 31: 8350 32: 7900 33: 7900 34: 7800 35: 7250 36: 7000 37: 6650 38: 6650 39: 6600 40: 6300 41: 5250 42: 2500
  DT  30: 6050 31: 5150 32: 4750 33: 4750 34: 4700 35: 4050 36: 3650 37: 3050 38: 3050 39: 3050 40: 2800 41: 2150 42:  850
  NT  30: 8400 31: 8050 32: 7350 33: 7350 34: 7350 35: 7200 36: 6550 37: 6650 38: 6650 39: 6650 40: 6400 41: 5800 42: 4450   [mono-viol x1]
  (172.730s)

hand 61: [20 41 42 52 54 61 65]
  P0  30: 3700 31: 3850 32: 3550 33: 3450 34: 3300 35: 2600 36: 2200 37: 2200 38: 2150 39: 2100 40: 1850 41: 1400 42:  800   [mono-viol x1]
  P1  30: 7450 31: 6850 32: 6350 33: 6200 34: 6150 35: 6100 36: 5000 37: 4500 38: 4500 39: 4550 40: 4450 41: 2650 42: 1300   [mono-viol x1]
  P2  30: 8400 31: 8050 32: 8000 33: 8050 34: 7850 35: 7200 36: 5800 37: 5400 38: 5400 39: 5500 40: 5150 41: 3650 42: 1200   [mono-viol x2]
  P3  30: 4700 31: 4600 32: 4600 33: 4500 34: 4000 35: 3850 36: 3250 37: 3100 38: 3100 39: 2900 40: 2400 41: 1600 42:  750
  P4  30: 6450 31: 5500 32: 5000 33: 5000 34: 4900 35: 4500 36: 4200 37: 3900 38: 3850 39: 3850 40: 3650 41: 2650 42: 1600
  P5  30: 6150 31: 5000 32: 3400 33: 3450 34: 3500 35: 3450 36: 3250 37: 3050 38: 3050 39: 2950 40: 2850 41: 2550 42: 1600   [mono-viol x2]
  P6  30: 6750 31: 5900 32: 5500 33: 5500 34: 5400 35: 4600 36: 3950 37: 3550 38: 3550 39: 3500 40: 3350 41: 2650 42: 1100
  DT  30: 4500 31: 4250 32: 4200 33: 4200 34: 3850 35: 3700 36: 3200 37: 2950 38: 2950 39: 2800 40: 2450 41: 1750 42:  650
  NT  30: 6700 31: 6450 32: 5900 33: 5850 34: 5600 35: 5200 36: 4850 37: 4700 38: 4700 39: 4700 40: 4550 41: 3700 42: 2700
  (142.402s)

hand 62: [20 30 42 51 55 62 63]
  P0  30: 5450 31: 5100 32: 5000 33: 4750 34: 4300 35: 4000 36: 3050 37: 3050 38: 3000 39: 2800 40: 2500 41: 1700 42: 1150
  P1  30: 5100 31: 4400 32: 4500 33: 4750 34: 4250 35: 3600 36: 3100 37: 2850 38: 2900 39: 2800 40: 2300 41: 1450 42:  700   [mono-viol x3]
  P2  30: 9350 31: 9250 32: 9150 33: 9150 34: 9050 35: 8500 36: 7900 37: 7550 38: 7550 39: 7700 40: 7450 41: 5150 42: 2150   [mono-viol x1]
  P3  30: 8100 31: 7650 32: 7550 33: 7550 34: 7100 35: 6200 36: 5600 37: 5200 38: 5300 39: 5250 40: 4450 41: 3350 42: 1350   [mono-viol x1]
  P4  30: 5200 31: 4350 32: 4550 33: 4450 34: 4050 35: 3900 36: 3400 37: 3050 38: 3050 39: 2850 40: 2600 41: 1750 42:  850   [mono-viol x1]
  P5  30: 7650 31: 7550 32: 7350 33: 7300 34: 6550 35: 5600 36: 5400 37: 4800 38: 4750 39: 4600 40: 4150 41: 2950 42: 1300
  P6  30: 5950 31: 5400 32: 5100 33: 5100 34: 5150 35: 4500 36: 4050 37: 3650 38: 3650 39: 3450 40: 3300 41: 2150 42:  950   [mono-viol x1]
  DT  30: 5650 31: 5400 32: 5500 33: 5450 34: 5200 35: 4050 36: 3350 37: 3550 38: 3550 39: 3450 40: 2800 41: 1950 42:  700   [mono-viol x2]
  NT  30: 7450 31: 7250 32: 6700 33: 6900 34: 6650 35: 6100 36: 5350 37: 5350 38: 5300 39: 5200 40: 4600 41: 3850 42: 2600   [mono-viol x1]
  (99.788s)

hand 63: [20 33 42 44 51 53 64]
  P0  30: 4350 31: 4100 32: 4000 33: 3900 34: 3700 35: 3500 36: 2700 37: 2750 38: 2750 39: 2750 40: 2450 41: 1950 42:  950   [mono-viol x1]
  P1  30: 5050 31: 5000 32: 4750 33: 4700 34: 4350 35: 3750 36: 3150 37: 2800 38: 2800 39: 2700 40: 2650 41: 2000 42: 1000
  P2  30: 6950 31: 6050 32: 5800 33: 5800 34: 5800 35: 5550 36: 4450 37: 4150 38: 4150 39: 4200 40: 3850 41: 2900 42:  850   [mono-viol x1]
  P3  30: 8300 31: 7650 32: 7450 33: 7450 34: 7150 35: 7050 36: 6600 37: 6400 38: 6400 39: 6250 40: 6350 41: 5150 42: 3100   [mono-viol x1]
  P4  30: 9950 31: 9800 32: 9650 33: 9650 34: 9750 35: 9450 36: 9200 37: 9250 38: 9250 39: 9350 40: 8850 41: 8200 42: 6250   [mono-viol x3]
  P5  30: 5900 31: 4500 32: 3000 33: 3000 34: 2950 35: 3000 36: 2900 37: 2850 38: 2850 39: 2850 40: 2750 41: 2550 42: 1550   [mono-viol x1]
  P6  30: 6550 31: 6550 32: 6600 33: 6600 34: 6450 35: 5600 36: 5100 37: 4700 38: 4700 39: 4600 40: 4150 41: 2950 42: 1350   [mono-viol x1]
  DT  30: 5400 31: 4200 32: 4250 33: 4150 34: 3950 35: 3500 36: 2900 37: 2500 38: 2500 39: 2450 40: 1900 41: 1450 42:  550   [mono-viol x1]
  NT  30: 8550 31: 8250 32: 6950 33: 6950 34: 6900 35: 6950 36: 6700 37: 6850 38: 6850 39: 6800 40: 6500 41: 5800 42: 4850   [mono-viol x2]
  (139.073s)

hand 64: [11 32 40 41 44 62 64]
  P0  30: 5000 31: 4600 32: 4300 33: 4300 34: 3950 35: 3200 36: 2850 37: 2600 38: 2650 39: 2450 40: 2000 41: 1650 42:  600   [mono-viol x1]
  P1  30: 8700 31: 8450 32: 8300 33: 8250 34: 7650 35: 6750 36: 5900 37: 5600 38: 5600 39: 5600 40: 5650 41: 4350 42: 1950   [mono-viol x1]
  P2  30: 8600 31: 8050 32: 8000 33: 8050 34: 7800 35: 7550 36: 6600 37: 6250 38: 6250 39: 6200 40: 6050 41: 4400 42: 2150   [mono-viol x1]
  P3  30: 6500 31: 6100 32: 6000 33: 5800 34: 5300 35: 4550 36: 3950 37: 3800 38: 3800 39: 3600 40: 3150 41: 1900 42:  900
  P4  30:10000 31:10000 32:10000 33:10000 34:10000 35:10000 36:10000 37: 9850 38: 9850 39: 9850 40: 9850 41: 9800 42: 7850
  P5  30: 4850 31: 3800 32: 3200 33: 3200 34: 3150 35: 2700 36: 2500 37: 2600 38: 2600 39: 2600 40: 2150 41: 1350 42:  400   [mono-viol x1]
  P6  30: 9100 31: 8950 32: 8900 33: 8900 34: 8450 35: 7950 36: 6650 37: 6600 38: 6600 39: 6600 40: 6400 41: 4650 42: 2100
  DT  30: 5300 31: 4750 32: 4650 33: 4650 34: 4350 35: 3600 36: 2900 37: 2700 38: 2700 39: 2700 40: 2550 41: 1800 42:  650
  NT  30: 8800 31: 8150 32: 8100 33: 8100 34: 8100 35: 7900 36: 7100 37: 6450 38: 6450 39: 6500 40: 6200 41: 5700 42: 4450   [mono-viol x1]
  (147.184s)

hand 65: [20 32 33 43 51 53 64]
  P0  30: 3250 31: 3300 32: 3300 33: 3100 34: 3050 35: 2150 36: 1900 37: 1600 38: 1600 39: 1650 40: 1350 41: 1150 42:  450   [mono-viol x2]
  P1  30: 4500 31: 4350 32: 4100 33: 4050 34: 3650 35: 2900 36: 2900 37: 2600 38: 2600 39: 2450 40: 2250 41: 1950 42: 1050
  P2  30: 5500 31: 5200 32: 4850 33: 4800 34: 4600 35: 4400 36: 3500 37: 3250 38: 3200 39: 3150 40: 2350 41: 1450 42:  500
  P3  30: 9250 31: 8950 32: 8600 33: 8600 34: 8500 35: 8600 36: 8300 37: 8450 38: 8450 39: 8500 40: 8500 41: 7900 42: 5100   [mono-viol x3]
  P4  30: 7600 31: 7400 32: 7650 33: 7500 34: 6900 35: 6650 36: 5550 37: 5600 38: 5600 39: 5500 40: 5050 41: 4150 42: 1700   [mono-viol x2]
  P5  30: 5350 31: 4200 32: 3350 33: 3350 34: 3350 35: 3050 36: 3050 37: 2800 38: 2800 39: 2750 40: 2800 41: 2350 42: 1400   [mono-viol x1]
  P6  30: 5800 31: 5800 32: 5550 33: 5500 34: 5200 35: 4650 36: 3900 37: 3550 38: 3550 39: 3350 40: 3150 41: 2100 42: 1100
  DT  30: 4900 31: 4200 32: 4000 33: 3900 34: 3850 35: 3300 36: 3000 37: 3200 38: 3200 39: 3150 40: 2600 41: 1750 42:  600   [mono-viol x1]
  NT  30: 7750 31: 7000 32: 6450 33: 6450 34: 6600 35: 6350 36: 5800 37: 6100 38: 6100 39: 6100 40: 6100 41: 5250 42: 3500   [mono-viol x2]
  (124.863s)

hand 66: [00 10 33 40 52 61 64]
  P0  30: 8950 31: 8550 32: 8450 33: 8450 34: 8350 35: 8350 36: 7000 37: 6650 38: 6650 39: 6750 40: 6750 41: 5400 42: 2800   [mono-viol x1]
  P1  30: 7350 31: 6950 32: 6550 33: 6550 34: 6400 35: 5500 36: 5300 37: 4350 38: 4350 39: 4300 40: 3950 41: 2850 42: 1100
  P2  30: 5850 31: 5400 32: 5500 33: 5500 34: 5250 35: 4150 36: 3450 37: 3350 38: 3400 39: 3250 40: 2400 41: 2050 42:  850   [mono-viol x2]
  P3  30: 6600 31: 6200 32: 6000 33: 5950 34: 5700 35: 5000 36: 4700 37: 4450 38: 4450 39: 4300 40: 4250 41: 3150 42: 1950
  P4  30: 8900 31: 8400 32: 8350 33: 8300 34: 7700 35: 7350 36: 6850 37: 6500 38: 6500 39: 6450 40: 5900 41: 4050 42: 1850
  P5  30: 5000 31: 3850 32: 3400 33: 3400 34: 3400 35: 3250 36: 3050 37: 2900 38: 2900 39: 2900 40: 2900 41: 2250 42: 1400
  P6  30: 8950 31: 8800 32: 8600 33: 8600 34: 8150 35: 7100 36: 6400 37: 6050 38: 6050 39: 5850 40: 5300 41: 3850 42: 1450
  DT  30: 5600 31: 4850 32: 4800 33: 4750 34: 4550 35: 4150 36: 3050 37: 3050 38: 3000 39: 2900 40: 2250 41: 1350 42:  450
  NT  30: 8350 31: 7900 32: 7250 33: 7250 34: 7150 35: 7000 36: 6850 37: 6500 38: 6500 39: 6500 40: 6300 41: 5750 42: 4000
  (129.165s)

hand 67: [10 11 33 53 61 62 63]
  P0  30: 4150 31: 3950 32: 4100 33: 4200 34: 3750 35: 3150 36: 2500 37: 2350 38: 2350 39: 2350 40: 2150 41: 1650 42:  750   [mono-viol x2]
  P1  30: 9750 31: 9450 32: 9250 33: 9250 34: 9200 35: 9100 36: 8700 37: 8550 38: 8550 39: 8600 40: 8200 41: 7700 42: 5300   [mono-viol x1]
  P2  30: 5350 31: 4750 32: 4600 33: 4650 34: 4550 35: 3750 36: 3200 37: 2950 38: 2950 39: 2800 40: 2500 41: 1750 42: 1250   [mono-viol x1]
  P3  30:10000 31:10000 32: 9800 33: 9800 34: 9800 35: 9800 36: 9650 37: 9300 38: 9300 39: 9300 40: 9450 41: 8700 42: 6300   [mono-viol x1]
  P4  30: 4700 31: 4300 32: 4000 33: 4000 34: 3800 35: 3350 36: 3000 37: 2750 38: 2750 39: 2750 40: 2750 41: 2050 42:  850
  P5  30: 4850 31: 3400 32: 2400 33: 2400 34: 2350 35: 2350 36: 2300 37: 2250 38: 2250 39: 2250 40: 2000 41: 1800 42: 1400
  P6  30: 8250 31: 6850 32: 6500 33: 6500 34: 6450 35: 6250 36: 6050 37: 5700 38: 5700 39: 5650 40: 5500 41: 5000 42: 2350
  DT  30: 5400 31: 4000 32: 3550 33: 3550 34: 3550 35: 3350 36: 2600 37: 2200 38: 2200 39: 2300 40: 2100 41: 1700 42:  700   [mono-viol x1]
  NT  30: 8550 31: 7850 32: 6900 33: 6900 34: 6900 35: 7050 36: 6200 37: 6200 38: 6200 39: 6200 40: 5850 41: 5300 42: 3800   [mono-viol x1]
  (166.988s)

hand 68: [30 32 40 42 53 55 64]
  P0  30: 5600 31: 5250 32: 5400 33: 5250 34: 5000 35: 3850 36: 3050 37: 2700 38: 2700 39: 2600 40: 2500 41: 1950 42: 1000   [mono-viol x1]
  P1  30: 6100 31: 6100 32: 5950 33: 5850 34: 5000 35: 4650 36: 4450 37: 4550 38: 4550 39: 3700 40: 2400 41: 1500 42:  500   [mono-viol x1]
  P2  30: 7100 31: 7500 32: 7550 33: 7500 34: 7150 35: 6400 36: 5850 37: 5450 38: 5450 39: 5350 40: 4550 41: 3100 42: 1200   [mono-viol x2]
  P3  30: 9450 31: 9200 32: 9100 33: 9050 34: 8900 35: 8400 36: 7850 37: 7850 38: 7850 39: 7800 40: 7150 41: 4800 42: 2000
  P4  30: 9600 31: 9450 32: 9500 33: 9500 34: 9450 35: 9150 36: 8400 37: 8300 38: 8350 39: 8450 40: 8100 41: 6350 42: 2500   [mono-viol x3]
  P5  30: 8550 31: 8450 32: 8300 33: 8250 34: 7800 35: 7000 36: 6450 37: 6500 38: 6500 39: 6500 40: 5700 41: 4550 42: 2250   [mono-viol x1]
  P6  30: 8450 31: 7950 32: 8100 33: 8150 34: 7450 35: 6600 36: 5900 37: 6150 38: 6150 39: 6000 40: 4850 41: 2600 42: 1100   [mono-viol x3]
  DT  30: 7800 31: 7700 32: 7700 33: 7750 34: 6950 35: 5950 36: 5500 37: 5300 38: 5300 39: 5150 40: 4500 41: 3000 42: 1250   [mono-viol x1]
  NT  30: 9050 31: 8800 32: 8800 33: 8850 34: 8450 35: 8450 36: 7750 37: 7600 38: 7600 39: 7450 40: 6600 41: 5450 42: 3850   [mono-viol x1]
  (127.191s)

hand 69: [10 21 32 42 51 64 66]
  P0  30: 4000 31: 3950 32: 4100 33: 4000 34: 3350 35: 2850 36: 2250 37: 2050 38: 2050 39: 2050 40: 2000 41: 1450 42:  750   [mono-viol x1]
  P1  30: 8450 31: 7900 32: 7800 33: 7800 34: 7850 35: 6850 36: 5750 37: 5300 38: 5300 39: 5250 40: 4900 41: 4150 42: 1850   [mono-viol x1]
  P2  30: 8600 31: 8250 32: 8250 33: 8250 34: 8050 35: 7500 36: 6700 37: 6600 38: 6600 39: 6450 40: 5450 41: 3300 42: 1650
  P3  30: 4950 31: 4650 32: 4400 33: 4350 34: 4200 35: 3400 36: 2850 37: 2500 38: 2500 39: 2500 40: 2100 41: 1400 42:  750
  P4  30: 7700 31: 7250 32: 7250 33: 7250 34: 6950 35: 6100 36: 5000 37: 4600 38: 4600 39: 4550 40: 3950 41: 2750 42: 1150
  P5  30: 4300 31: 3650 32: 2800 33: 2800 34: 2750 35: 2350 36: 2150 37: 2050 38: 2050 39: 2100 40: 2000 41: 1450 42:  950   [mono-viol x1]
  P6  30: 7950 31: 7600 32: 7450 33: 7350 34: 6900 35: 6450 36: 5250 37: 4850 38: 4850 39: 4700 40: 4450 41: 3500 42: 2150
  DT  30: 4950 31: 4250 32: 4100 33: 4150 34: 3700 35: 3100 36: 2850 37: 2400 38: 2400 39: 2400 40: 2200 41: 1700 42: 1000   [mono-viol x1]
  NT  30: 6550 31: 6000 32: 5500 33: 5500 34: 5600 35: 5550 36: 4650 37: 4150 38: 4150 39: 4200 40: 4200 41: 3800 42: 2550   [mono-viol x2]
  (113.448s)

hand 70: [11 20 21 33 50 54 63]
  P0  30: 7000 31: 6750 32: 6400 33: 6300 34: 6050 35: 5500 36: 4950 37: 5100 38: 5050 39: 5050 40: 4200 41: 2500 42: 1000   [mono-viol x1]
  P1  30: 7400 31: 6700 32: 6500 33: 6450 34: 6250 35: 5450 36: 4850 37: 4800 38: 4800 39: 4800 40: 4500 41: 3400 42: 1600
  P2  30: 6000 31: 5450 32: 5050 33: 5050 34: 5100 35: 4450 36: 3400 37: 3100 38: 3100 39: 3100 40: 2800 41: 2250 42:  750   [mono-viol x1]
  P3  30: 8700 31: 8550 32: 8250 33: 8250 34: 8000 35: 7650 36: 7150 37: 6800 38: 6800 39: 6800 40: 6400 41: 5100 42: 3250
  P4  30: 5050 31: 3900 32: 3750 33: 3750 34: 3600 35: 3700 36: 2900 37: 2850 38: 2850 39: 2850 40: 2600 41: 1950 42: 1100   [mono-viol x1]
  P5  30: 6950 31: 5650 32: 4200 33: 4200 34: 4200 35: 4100 36: 4000 37: 3900 38: 3900 39: 3900 40: 3800 41: 3350 42: 2200
  P6  30: 6400 31: 5650 32: 5050 33: 5050 34: 5100 35: 5200 36: 4500 37: 4300 38: 4300 39: 4300 40: 3900 41: 2850 42: 1350   [mono-viol x2]
  DT  30: 5100 31: 4750 32: 4700 33: 4650 34: 4550 35: 4150 36: 3050 37: 2600 38: 2650 39: 2450 40: 2150 41: 1600 42:  550   [mono-viol x1]
  NT  30: 8250 31: 7350 32: 7250 33: 7250 34: 7200 35: 6950 36: 6550 37: 6450 38: 6450 39: 6450 40: 6250 41: 5300 42: 3700
  (131.719s)

hand 71: [44 54 61 62 64 65 66]
  P0  30: 5950 31: 6050 32: 5700 33: 5500 34: 4900 35: 4000 36: 3450 37: 3200 38: 3250 39: 3150 40: 2700 41: 1850 42:  800   [mono-viol x2]
  P1  30: 6950 31: 6850 32: 6850 33: 6900 34: 6500 35: 5650 36: 4800 37: 4600 38: 4650 39: 4550 40: 4100 41: 3050 42: 1550   [mono-viol x2]
  P2  30: 8100 31: 7500 32: 7500 33: 7500 34: 7200 35: 6700 36: 5900 37: 5650 38: 5650 39: 5700 40: 5100 41: 3700 42: 1700   [mono-viol x1]
  P3  30: 6800 31: 6600 32: 6550 33: 6600 34: 6350 35: 5250 36: 4550 37: 4250 38: 4250 39: 4150 40: 3550 41: 2500 42:  750   [mono-viol x1]
  P4  30:10000 31:10000 32:10000 33:10000 34:10000 35:10000 36:10000 37:10000 38:10000 39:10000 40:10000 41:10000 42: 9850
  P5  30: 8700 31: 7650 32: 3150 33: 3150 34: 3150 35: 3150 36: 3150 37: 3150 38: 3150 39: 3150 40: 3150 41: 3150 42: 3150
  P6  30:10000 31:10000 32: 9900 33: 9900 34: 9950 35: 9950 36: 9950 37:10000 38:10000 39:10000 40:10000 41: 9700 42: 9700   [mono-viol x2]
  DT  30:10000 31: 9850 32: 9800 33: 9800 34: 9900 35: 9800 36: 9450 37: 9300 38: 9300 39: 9300 40: 9200 41: 8150 42: 4800   [mono-viol x1]
  NT  30:10000 31:10000 32: 9400 33: 9300 34: 9150 35: 9100 36: 9000 37: 9450 38: 9450 39: 9450 40: 9350 41: 9350 42: 9700   [mono-viol x2]
  (257.276s)

hand 72: [00 31 43 51 53 65 66]
  P0  30: 6800 31: 6100 32: 5850 33: 5900 34: 5750 35: 5250 36: 4450 37: 3950 38: 3950 39: 3900 40: 3600 41: 2750 42: 1850   [mono-viol x1]
  P1  30: 7550 31: 7300 32: 6950 33: 6800 34: 6850 35: 6200 36: 5200 37: 4900 38: 4900 39: 4800 40: 4250 41: 3050 42: 1300   [mono-viol x1]
  P2  30: 6100 31: 5900 32: 5800 33: 5750 34: 5500 35: 4500 36: 3750 37: 3650 38: 3650 39: 3600 40: 3100 41: 2000 42:  900
  P3  30: 9800 31: 9650 32: 9600 33: 9600 34: 9500 35: 9200 36: 8400 37: 7900 38: 7900 39: 7750 40: 7700 41: 6350 42: 2600
  P4  30: 6350 31: 5450 32: 5000 33: 5000 34: 4950 35: 4700 36: 4000 37: 4150 38: 4150 39: 4150 40: 3950 41: 3100 42: 1450   [mono-viol x1]
  P5  30: 8300 31: 7100 32: 2900 33: 2900 34: 2900 35: 2900 36: 2900 37: 2850 38: 2850 39: 2850 40: 2850 41: 2800 42: 2600
  P6  30: 9400 31: 9150 32: 8500 33: 8550 34: 8600 35: 8550 36: 8000 37: 6950 38: 6950 39: 7000 40: 6950 41: 6150 42: 4400   [mono-viol x3]
  DT  30: 8900 31: 8150 32: 8100 33: 8150 34: 7950 35: 6850 36: 6100 37: 5650 38: 5650 39: 5500 40: 5000 41: 3750 42: 1900   [mono-viol x1]
  NT  30: 9300 31: 8550 32: 8150 33: 8150 34: 8100 35: 7850 36: 7800 37: 7250 38: 7250 39: 7250 40: 7300 41: 6550 42: 5250   [mono-viol x1]
  (185.937s)

hand 73: [20 22 32 41 43 54 61]
  P0  30: 4150 31: 3750 32: 3650 33: 3500 34: 3200 35: 2800 36: 2350 37: 2650 38: 2650 39: 2600 40: 2200 41: 1450 42:  900   [mono-viol x1]
  P1  30: 8300 31: 7950 32: 7750 33: 7700 34: 7650 35: 6600 36: 6100 37: 5850 38: 5800 39: 5500 40: 4850 41: 3250 42:  950
  P2  30: 8800 31: 7900 32: 7600 33: 7600 34: 7300 35: 6950 36: 6450 37: 6550 38: 6550 39: 6200 40: 5750 41: 4200 42: 2150   [mono-viol x1]
  P3  30: 6250 31: 5600 32: 5450 33: 5450 34: 5200 35: 4500 36: 3900 37: 4200 38: 4100 39: 4050 40: 3600 41: 2100 42:  850   [mono-viol x1]
  P4  30: 7100 31: 5850 32: 5200 33: 5200 34: 5200 35: 5100 36: 4550 37: 4450 38: 4450 39: 4450 40: 4400 41: 4200 42: 2100
  P5  30: 4050 31: 3200 32: 2800 33: 2800 34: 2500 35: 2300 36: 2000 37: 2100 38: 2100 39: 2100 40: 1850 41: 1600 42: 1150   [mono-viol x1]
  P6  30: 5000 31: 4700 32: 4500 33: 4500 34: 4450 35: 3950 36: 3150 37: 2850 38: 2850 39: 2900 40: 2700 41: 2050 42:  950   [mono-viol x1]
  DT  30: 4200 31: 3950 32: 3650 33: 3650 34: 3450 35: 3000 36: 2700 37: 2500 38: 2500 39: 2350 40: 2150 41: 1750 42:  500
  NT  30: 7050 31: 6600 32: 5850 33: 5850 34: 5750 35: 5250 36: 5100 37: 5000 38: 5000 39: 4950 40: 4650 41: 3800 42: 3100
  (118.874s)

hand 74: [10 30 43 50 51 62 64]
  P0  30: 7650 31: 7350 32: 7150 33: 6900 34: 6550 35: 6100 36: 5600 37: 5550 38: 5600 39: 5400 40: 4050 41: 2500 42:  650   [mono-viol x1]
  P1  30: 5300 31: 5050 32: 5000 33: 5050 34: 4450 35: 4100 36: 3300 37: 2750 38: 2750 39: 2650 40: 2250 41: 1200 42:  300   [mono-viol x1]
  P2  30: 4900 31: 4750 32: 4450 33: 4250 34: 3850 35: 3200 36: 2700 37: 2750 38: 2700 39: 2650 40: 2650 41: 1850 42: 1200   [mono-viol x1]
  P3  30: 5400 31: 4500 32: 4450 33: 4350 34: 4350 35: 3900 36: 3400 37: 3050 38: 3050 39: 2750 40: 2100 41: 1150 42:  400
  P4  30: 7800 31: 7700 32: 7400 33: 7300 34: 7150 35: 6350 36: 5450 37: 5450 38: 5350 39: 4900 40: 4100 41: 2700 42:  950
  P5  30: 4250 31: 3050 32: 2550 33: 2600 34: 2550 35: 2250 36: 1800 37: 1800 38: 1700 39: 1750 40: 1700 41: 1150 42:  550   [mono-viol x2]
  P6  30: 7850 31: 7700 32: 7950 33: 7800 34: 7350 35: 6300 36: 5600 37: 5400 38: 5400 39: 5300 40: 4050 41: 3000 42:  850   [mono-viol x1]
  DT  30: 4600 31: 4150 32: 4200 33: 4050 34: 3750 35: 3150 36: 3000 37: 3000 38: 2950 39: 2700 40: 2200 41: 1200 42:  400   [mono-viol x1]
  NT  30: 5800 31: 5600 32: 5300 33: 5200 34: 4950 35: 4500 36: 3750 37: 3900 38: 3900 39: 3700 40: 3200 41: 2200 42: 1600   [mono-viol x1]
  (94.915s)

hand 75: [21 32 33 40 53 54 62]
  P0  30: 4000 31: 3700 32: 3600 33: 3550 34: 3350 35: 2500 36: 2550 37: 2450 38: 2400 39: 2450 40: 1750 41: 1300 42:  500   [mono-viol x2]
  P1  30: 3400 31: 3300 32: 3100 33: 3000 34: 2850 35: 2350 36: 2150 37: 2400 38: 2400 39: 2350 40: 1950 41: 1250 42:  450   [mono-viol x1]
  P2  30: 8800 31: 8550 32: 8400 33: 8350 34: 8200 35: 7600 36: 7100 37: 6850 38: 6850 39: 6700 40: 6550 41: 5350 42: 3000
  P3  30: 9050 31: 8150 32: 7750 33: 7800 34: 8000 35: 7950 36: 7350 37: 7000 38: 7000 39: 6950 40: 6650 41: 5650 42: 3800   [mono-viol x2]
  P4  30: 5200 31: 4450 32: 4400 33: 4400 34: 4250 35: 3950 36: 3700 37: 3400 38: 3450 39: 3400 40: 3050 41: 2600 42: 1350   [mono-viol x1]
  P5  30: 5350 31: 4400 32: 3350 33: 3350 34: 3400 35: 3100 36: 3000 37: 2550 38: 2550 39: 2500 40: 2350 41: 2150 42: 1300   [mono-viol x1]
  P6  30: 4500 31: 4200 32: 3900 33: 3850 34: 4050 35: 3200 36: 3150 37: 2950 38: 2950 39: 2950 40: 2650 41: 1900 42: 1000   [mono-viol x1]
  DT  30: 4700 31: 4000 32: 3700 33: 3700 34: 3850 35: 3200 36: 2800 37: 2900 38: 2900 39: 2950 40: 2550 41: 1800 42:  500   [mono-viol x3]
  NT  30: 6950 31: 6700 32: 5950 33: 6000 34: 6100 35: 6050 36: 5450 37: 4800 38: 4800 39: 4850 40: 4750 41: 4550 42: 3200   [mono-viol x3]
  (121.468s)

hand 76: [32 41 51 52 53 60 65]
  P0  30: 4000 31: 3500 32: 3400 33: 3300 34: 2950 35: 2500 36: 2200 37: 2200 38: 2200 39: 2150 40: 2050 41: 1600 42:  900
  P1  30: 6750 31: 6150 32: 5700 33: 5550 34: 5200 35: 4600 36: 4300 37: 4300 38: 4250 39: 4100 40: 3300 41: 2150 42: 1000
  P2  30: 5200 31: 4750 32: 4550 33: 4500 34: 4450 35: 3850 36: 3300 37: 3050 38: 3050 39: 2900 40: 2550 41: 1700 42:  600
  P3  30: 5150 31: 4650 32: 4250 33: 4200 34: 4150 35: 3750 36: 3050 37: 2900 38: 2900 39: 2800 40: 2550 41: 1350 42:  500
  P4  30: 3550 31: 3350 32: 3350 33: 3300 34: 2950 35: 2850 36: 2500 37: 2400 38: 2400 39: 2150 40: 2050 41: 1550 42:  900
  P5  30: 5350 31: 4300 32: 3050 33: 3100 34: 3050 35: 3000 36: 2700 37: 2500 38: 2500 39: 2550 40: 2400 41: 2250 42: 1800   [mono-viol x2]
  P6  30: 6700 31: 6100 32: 5550 33: 5500 34: 5000 35: 4550 36: 3700 37: 3400 38: 3350 39: 3300 40: 2950 41: 2000 42:  850
  DT  30: 5450 31: 5000 32: 4650 33: 4650 34: 4150 35: 3650 36: 3150 37: 2850 38: 2850 39: 2800 40: 2300 41: 1450 42:  700
  NT  30: 5750 31: 5300 32: 4950 33: 4700 34: 4400 35: 4550 36: 4250 37: 4100 38: 4100 39: 4100 40: 3700 41: 3350 42: 2050   [mono-viol x1]
  (102.793s)

hand 77: [22 30 40 53 54 60 62]
  P0  30: 8900 31: 8350 32: 7550 33: 7600 34: 7650 35: 7400 36: 6500 37: 5600 38: 5600 39: 5600 40: 5300 41: 4700 42: 1900   [mono-viol x2]
  P1  30: 4200 31: 3550 32: 3350 33: 3350 34: 3100 35: 2550 36: 2250 37: 2100 38: 2100 39: 2050 40: 2000 41: 1300 42:  350
  P2  30: 7850 31: 7250 32: 6900 33: 7000 34: 6950 35: 6500 36: 6100 37: 5550 38: 5550 39: 5400 40: 5150 41: 4400 42: 2950   [mono-viol x1]
  P3  30: 5900 31: 5500 32: 5550 33: 5650 34: 5300 35: 4450 36: 3800 37: 3300 38: 3300 39: 3300 40: 3100 41: 2000 42:  850   [mono-viol x2]
  P4  30: 5000 31: 4450 32: 4300 33: 4300 34: 4250 35: 3650 36: 3450 37: 3250 38: 3250 39: 3250 40: 2900 41: 2400 42:  950
  P5  30: 5550 31: 4400 32: 3500 33: 3500 34: 3550 35: 3300 36: 2950 37: 2800 38: 2800 39: 2850 40: 3000 41: 2200 42: 1200   [mono-viol x3]
  P6  30: 5500 31: 4800 32: 4700 33: 4700 34: 4450 35: 4400 36: 3750 37: 3650 38: 3650 39: 3600 40: 3150 41: 2750 42:  900
  DT  30: 4250 31: 4100 32: 3900 33: 3900 34: 3750 35: 2750 36: 2200 37: 2350 38: 2350 39: 2150 40: 2000 41: 1450 42:  600   [mono-viol x1]
  NT  30: 7250 31: 6200 32: 5500 33: 5500 34: 5550 35: 5400 36: 4950 37: 4550 38: 4550 39: 4700 40: 4750 41: 4000 42: 2650   [mono-viol x3]
  (137.983s)

hand 78: [00 40 41 53 54 64 65]
  P0  30: 7700 31: 7250 32: 6700 33: 6700 34: 6500 35: 6050 36: 4750 37: 4200 38: 4200 39: 4200 40: 4000 41: 3500 42: 1950
  P1  30: 5150 31: 4800 32: 4900 33: 4900 34: 4550 35: 3800 36: 3050 37: 3000 38: 2950 39: 2700 40: 2250 41: 1750 42:  850   [mono-viol x1]
  P2  30: 5050 31: 4800 32: 4700 33: 4650 34: 3900 35: 3600 36: 2750 37: 2900 38: 2900 39: 2750 40: 2200 41: 1250 42:  350   [mono-viol x1]
  P3  30: 5950 31: 5500 32: 5150 33: 5150 34: 5000 35: 4900 36: 3900 37: 3700 38: 3700 39: 3550 40: 3200 41: 2500 42: 1400
  P4  30:10000 31: 9950 32: 9950 33: 9950 34: 9900 35: 9850 36: 9800 37: 9650 38: 9650 39: 9650 40: 9500 41: 8450 42: 2750
  P5  30: 8100 31: 7000 32: 3700 33: 3700 34: 3700 35: 3700 36: 3650 37: 3650 38: 3650 39: 3650 40: 3650 41: 3550 42: 2950
  P6  30: 9100 31: 8650 32: 8750 33: 8600 34: 8350 35: 8100 36: 7100 37: 6950 38: 6950 39: 6950 40: 6700 41: 5500 42: 1900   [mono-viol x1]
  DT  30: 6450 31: 5500 32: 5250 33: 5250 34: 5150 35: 4700 36: 4250 37: 4250 38: 4250 39: 4250 40: 3850 41: 2700 42: 1300
  NT  30: 7950 31: 7500 32: 7100 33: 7150 34: 6900 35: 6850 36: 5800 37: 5850 38: 5850 39: 5850 40: 5750 41: 5200 42: 3500   [mono-viol x2]
  (172.645s)

hand 79: [21 41 50 53 54 63 66]
  P0  30: 4250 31: 3650 32: 3800 33: 3700 34: 3600 35: 2450 36: 2000 37: 1850 38: 1850 39: 1850 40: 1650 41: 1300 42:  900   [mono-viol x1]
  P1  30: 6600 31: 6050 32: 5850 33: 5800 34: 5500 35: 4700 36: 4550 37: 4450 38: 4450 39: 4400 40: 3800 41: 2750 42:  950
  P2  30: 4850 31: 4550 32: 4100 33: 4100 34: 3650 35: 3050 36: 2850 37: 2850 38: 2850 39: 2850 40: 2200 41: 1600 42:  700
  P3  30: 7750 31: 7450 32: 7150 33: 7100 34: 7000 35: 6400 36: 5150 37: 4550 38: 4550 39: 4650 40: 4400 41: 3300 42: 1150   [mono-viol x1]
  P4  30: 5150 31: 4400 32: 4150 33: 4150 34: 4250 35: 4000 36: 3300 37: 3200 38: 3200 39: 3250 40: 3200 41: 2350 42: 1450   [mono-viol x2]
  P5  30: 7200 31: 5750 32: 3350 33: 3350 34: 3350 35: 3350 36: 3100 37: 2900 38: 2900 39: 2950 40: 3000 41: 2750 42: 1850   [mono-viol x2]
  P6  30: 6750 31: 6250 32: 6050 33: 6100 34: 5850 35: 5350 36: 4750 37: 4250 38: 4250 39: 4150 40: 4450 41: 3900 42: 2600   [mono-viol x2]
  DT  30: 5050 31: 4400 32: 4300 33: 4250 34: 4200 35: 3900 36: 3100 37: 2900 38: 2900 39: 2850 40: 2750 41: 2200 42: 1250
  NT  30: 5850 31: 5450 32: 5250 33: 5250 34: 5300 35: 5000 36: 4400 37: 3750 38: 3750 39: 3750 40: 3800 41: 3600 42: 2800   [mono-viol x2]
  (110.794s)

hand 80: [11 20 31 32 33 51 55]
  P0  30: 6150 31: 5650 32: 5450 33: 5300 34: 5100 35: 3950 36: 3150 37: 2950 38: 2950 39: 3000 40: 2550 41: 1600 42:  500   [mono-viol x1]
  P1  30:10000 31:10000 32:10000 33:10000 34:10000 35:10000 36: 9950 37: 9750 38: 9750 39: 9750 40: 9700 41: 9350 42: 7400
  P2  30: 9400 31: 9400 32: 9300 33: 9300 34: 9200 35: 8700 36: 8400 37: 8500 38: 8500 39: 8200 40: 6900 41: 4250 42: 1750   [mono-viol x1]
  P3  30:10000 31:10000 32:10000 33:10000 34:10000 35: 9900 36: 9800 37: 9750 38: 9750 39: 9700 40: 9500 41: 7850 42: 4600
  P4  30: 5500 31: 5050 32: 4850 33: 4800 34: 4500 35: 4300 36: 3850 37: 3600 38: 3600 39: 3500 40: 3150 41: 2000 42:  750
  P5  30: 9800 31: 9950 32: 9900 33: 9850 34: 9750 35: 9300 36: 8750 37: 8650 38: 8600 39: 8500 40: 7900 41: 6350 42: 3200   [mono-viol x1]
  P6  30: 6850 31: 6350 32: 6350 33: 6300 34: 6050 35: 5450 36: 5550 37: 5400 38: 5400 39: 5250 40: 4250 41: 2400 42:  700   [mono-viol x1]
  DT  30: 9750 31: 9800 32: 9750 33: 9800 34: 9650 35: 8500 36: 7900 37: 7950 38: 7950 39: 7750 40: 6350 41: 3450 42: 1000   [mono-viol x3]
  NT  30: 9950 31: 9800 32: 9850 33: 9850 34: 9800 35: 9700 36: 9400 37: 9150 38: 9150 39: 9050 40: 8900 41: 7600 42: 5800   [mono-viol x1]
  (157.542s)

hand 81: [11 32 40 42 54 55 65]
  P0  30: 5750 31: 5600 32: 5450 33: 5300 34: 5000 35: 3950 36: 3600 37: 3400 38: 3400 39: 3350 40: 2950 41: 2350 42:  900
  P1  30: 7300 31: 6950 32: 6950 33: 6900 34: 6350 35: 5350 36: 5050 37: 4650 38: 4650 39: 4600 40: 4450 41: 3250 42: 1950
  P2  30: 7950 31: 7750 32: 7550 33: 7700 34: 7400 35: 6900 36: 6300 37: 6350 38: 6350 39: 6100 40: 5050 41: 3050 42: 1450   [mono-viol x2]
  P3  30: 7000 31: 6650 32: 6550 33: 6500 34: 5950 35: 5500 36: 5100 37: 4700 38: 4700 39: 4750 40: 4150 41: 2550 42: 1050   [mono-viol x1]
  P4  30: 7200 31: 6000 32: 4750 33: 4750 34: 4800 35: 4600 36: 4500 37: 3950 38: 3950 39: 3950 40: 3850 41: 3600 42: 2000   [mono-viol x1]
  P5  30:10000 31:10000 32: 9950 33: 9950 34:10000 35: 9800 36: 9450 37: 8650 38: 8650 39: 8650 40: 8800 41: 8500 42: 6550   [mono-viol x2]
  P6  30: 7600 31: 6850 32: 6650 33: 6600 34: 6550 35: 6250 36: 5900 37: 5600 38: 5600 39: 5750 40: 5550 41: 4300 42: 2050   [mono-viol x1]
  DT  30: 8800 31: 8550 32: 8150 33: 8150 34: 7850 35: 7100 36: 5750 37: 5600 38: 5600 39: 5600 40: 5500 41: 3850 42: 1650
  NT  30: 9550 31: 9400 32: 9250 33: 9250 34: 9200 35: 8950 36: 8300 37: 7500 38: 7500 39: 7400 40: 7500 41: 6900 42: 5700   [mono-viol x1]
  (155.139s)

hand 82: [00 10 53 55 62 65 66]
  P0  30: 9450 31: 8900 32: 9000 33: 9000 34: 8950 35: 8650 36: 7550 37: 7200 38: 7200 39: 7150 40: 6650 41: 5250 42: 3200   [mono-viol x1]
  P1  30: 6950 31: 6750 32: 6700 33: 6600 34: 5950 35: 5050 36: 4550 37: 4400 38: 4400 39: 4300 40: 3900 41: 2600 42: 1050
  P2  30: 7850 31: 7600 32: 7450 33: 7500 34: 7150 35: 6650 36: 6000 37: 5500 38: 5500 39: 5350 40: 4750 41: 3350 42: 1450   [mono-viol x1]
  P3  30: 8100 31: 8350 32: 8100 33: 8100 34: 7700 35: 7000 36: 6700 37: 6400 38: 6400 39: 6300 40: 5800 41: 3800 42: 2300   [mono-viol x1]
  P4  30: 6450 31: 5700 32: 5400 33: 5400 34: 5250 35: 5000 36: 4300 37: 4050 38: 4050 39: 4000 40: 3850 41: 2750 42:  900
  P5  30:10000 31:10000 32:10000 33:10000 34:10000 35:10000 36:10000 37: 9950 38: 9950 39: 9950 40:10000 41:10000 42: 9400   [mono-viol x1]
  P6  30:10000 31:10000 32:10000 33:10000 34:10000 35:10000 36: 9950 37: 9950 38: 9950 39: 9950 40:10000 41:10000 42: 9250   [mono-viol x1]
  DT  30:10000 31:10000 32:10000 33:10000 34:10000 35:10000 36: 9950 37: 9800 38: 9800 39: 9800 40: 9700 41: 9450 42: 7450
  NT  30:10000 31:10000 32:10000 33:10000 34:10000 35:10000 36:10000 37: 9950 38: 9950 39: 9950 40: 9950 41:10000 42: 9450   [mono-viol x1]
  (162.120s)

hand 83: [00 22 30 32 52 60 66]
  P0  30: 9950 31: 9900 32: 9800 33: 9800 34: 9850 35: 9800 36: 9650 37: 9100 38: 9100 39: 9100 40: 9250 41: 8900 42: 8150   [mono-viol x2]
  P1  30: 6150 31: 5850 32: 5600 33: 5400 34: 4750 35: 4250 36: 3900 37: 3600 38: 3600 39: 3350 40: 2650 41: 1600 42:  550
  P2  30:10000 31:10000 32:10000 33:10000 34:10000 35:10000 36: 9900 37: 9900 38: 9900 39: 9850 40: 9750 41: 9150 42: 6050
  P3  30: 8850 31: 8750 32: 8700 33: 8650 34: 8400 35: 7700 36: 7250 37: 7000 38: 7000 39: 6950 40: 6050 41: 4250 42: 1500
  P4  30: 5350 31: 4750 32: 4300 33: 4300 34: 4200 35: 3750 36: 3200 37: 3100 38: 3100 39: 3000 40: 2700 41: 2250 42: 1100
  P5  30: 5600 31: 4150 32: 2900 33: 2900 34: 2900 35: 2850 36: 2650 37: 2600 38: 2600 39: 2600 40: 2550 41: 2200 42: 1300
  P6  30: 9100 31: 8600 32: 8250 33: 8200 34: 8100 35: 7950 36: 7100 37: 6950 38: 6950 39: 6950 40: 6650 41: 5500 42: 2650
  DT  30: 9200 31: 8750 32: 8750 33: 8800 34: 8600 35: 7900 36: 7250 37: 6950 38: 6950 39: 6750 40: 5750 41: 3750 42: 1200   [mono-viol x1]
  NT  30: 9350 31: 8850 32: 8450 33: 8500 34: 8450 35: 8350 36: 7600 37: 7250 38: 7250 39: 7200 40: 7250 41: 6650 42: 4500   [mono-viol x2]
  (184.698s)

hand 84: [10 20 32 33 43 52 65]
  P0  30: 6450 31: 5650 32: 5350 33: 5250 34: 5150 35: 4350 36: 3300 37: 3000 38: 3000 39: 3100 40: 2800 41: 1900 42:  900   [mono-viol x1]
  P1  30: 4450 31: 4100 32: 3650 33: 3500 34: 3400 35: 2900 36: 2600 37: 2500 38: 2500 39: 2450 40: 2300 41: 1950 42:  900
  P2  30: 8800 31: 8650 32: 8500 33: 8600 34: 8350 35: 7600 36: 7350 37: 7500 38: 7500 39: 7400 40: 6850 41: 5000 42: 2250   [mono-viol x2]
  P3  30: 9600 31: 9250 32: 9250 33: 9300 34: 9200 35: 8800 36: 8450 37: 8200 38: 8200 39: 8200 40: 7850 41: 6350 42: 3850   [mono-viol x1]
  P4  30: 4550 31: 3950 32: 3750 33: 3750 34: 3700 35: 3300 36: 2350 37: 2200 38: 2200 39: 2150 40: 1950 41: 1600 42: 1100
  P5  30: 6250 31: 4950 32: 3350 33: 3350 34: 3450 35: 3250 36: 3050 37: 2950 38: 2950 39: 2850 40: 3000 41: 2750 42: 1750   [mono-viol x2]
  P6  30: 5750 31: 5250 32: 5100 33: 5100 34: 5000 35: 4500 36: 3750 37: 3300 38: 3300 39: 3350 40: 3150 41: 2750 42: 1650   [mono-viol x1]
  DT  30: 5150 31: 4200 32: 4200 33: 4200 34: 4100 35: 3850 36: 3200 37: 3050 38: 3050 39: 3100 40: 2650 41: 2100 42: 1350   [mono-viol x1]
  NT  30: 8350 31: 7550 32: 7000 33: 7000 34: 7050 35: 6900 36: 6400 37: 5900 38: 5900 39: 5900 40: 5750 41: 5200 42: 4700   [mono-viol x1]
  (126.882s)

hand 85: [22 32 33 42 44 50 54]
  P0  30: 7000 31: 6800 32: 6650 33: 6500 34: 6050 35: 5000 36: 4550 37: 4350 38: 4350 39: 4050 40: 3400 41: 2750 42: 1200
  P1  30: 5850 31: 5150 32: 5200 33: 5150 34: 4900 35: 4600 36: 4100 37: 3800 38: 3700 39: 3600 40: 3300 41: 2150 42:  900   [mono-viol x1]
  P2  30: 9650 31: 9450 32: 9050 33: 9050 34: 9150 35: 9100 36: 8000 37: 8050 38: 8050 39: 8100 40: 7950 41: 7450 42: 4350   [mono-viol x3]
  P3  30: 9350 31: 8650 32: 8600 33: 8600 34: 8200 35: 7850 36: 7450 37: 7000 38: 7000 39: 6950 40: 6700 41: 5750 42: 3100
  P4  30: 9800 31: 9400 32: 8850 33: 8850 34: 8950 35: 8900 36: 8850 37: 7650 38: 7650 39: 7700 40: 7700 41: 7850 42: 7650   [mono-viol x3]
  P5  30: 7900 31: 5500 32: 2750 33: 2750 34: 2750 35: 2750 36: 2750 37: 2750 38: 2750 39: 2750 40: 2750 41: 2450 42: 1650
  P6  30: 6600 31: 6150 32: 5750 33: 5750 34: 5750 35: 5350 36: 4700 37: 5000 38: 5000 39: 4950 40: 4500 41: 2700 42:  750   [mono-viol x1]
  DT  30: 6700 31: 4600 32: 4050 33: 4050 34: 4100 35: 3600 36: 3000 37: 2650 38: 2650 39: 2700 40: 2750 41: 2250 42:  800   [mono-viol x3]
  NT  30: 9050 31: 8700 32: 7600 33: 7650 34: 7650 35: 7600 36: 7450 37: 6750 38: 6750 39: 6750 40: 6750 41: 6750 42: 5950   [mono-viol x1]
  (195.446s)

hand 86: [21 30 33 40 52 63 65]
  P0  30: 6300 31: 5600 32: 5400 33: 5450 34: 4950 35: 4650 36: 3800 37: 3800 38: 3800 39: 3750 40: 3150 41: 2100 42:  800   [mono-viol x1]
  P1  30: 3900 31: 3750 32: 3650 33: 3450 34: 3250 35: 2750 36: 2400 37: 2400 38: 2350 39: 2350 40: 1900 41: 1400 42:  650
  P2  30: 7200 31: 6850 32: 6500 33: 6400 34: 6100 35: 5300 36: 4450 37: 4400 38: 4350 39: 4350 40: 3900 41: 2750 42: 1100
  P3  30: 9700 31: 9400 32: 9350 33: 9350 34: 9200 35: 9100 36: 9250 37: 8650 38: 8650 39: 8650 40: 8600 41: 8100 42: 6100   [mono-viol x1]
  P4  30: 4150 31: 4100 32: 3650 33: 3650 34: 3450 35: 3500 36: 2800 37: 2600 38: 2600 39: 2500 40: 2500 41: 1700 42:  950   [mono-viol x1]
  P5  30: 5500 31: 4350 32: 3100 33: 3100 34: 3000 35: 2950 36: 2850 37: 2600 38: 2600 39: 2600 40: 2600 41: 2150 42: 1300
  P6  30: 7350 31: 6950 32: 6700 33: 6700 34: 6500 35: 5900 36: 5700 37: 5000 38: 5000 39: 4800 40: 4450 41: 3400 42: 1500
  DT  30: 4450 31: 3700 32: 3500 33: 3500 34: 3550 35: 3100 36: 2750 37: 2500 38: 2500 39: 2450 40: 2300 41: 1800 42: 1000   [mono-viol x1]
  NT  30: 7200 31: 6850 32: 6500 33: 6450 34: 6350 35: 5550 36: 5400 37: 5200 38: 5200 39: 5150 40: 4950 41: 4900 42: 3700
  (126.109s)

hand 87: [00 22 40 41 50 53 61]
  P0  30: 9600 31: 9250 32: 8900 33: 8950 34: 8950 35: 8900 36: 8050 37: 7450 38: 7500 39: 7550 40: 7500 41: 6800 42: 4500   [mono-viol x3]
  P1  30: 8200 31: 7750 32: 7300 33: 7300 34: 6950 35: 6850 36: 6000 37: 5550 38: 5550 39: 5500 40: 5350 41: 3350 42: 1500
  P2  30: 4700 31: 4300 32: 4000 33: 4000 34: 3850 35: 3550 36: 3350 37: 3050 38: 3050 39: 3000 40: 2600 41: 2200 42: 1050
  P3  30: 4600 31: 4500 32: 4150 33: 4050 34: 4050 35: 3750 36: 3150 37: 2850 38: 2850 39: 2900 40: 2700 41: 2200 42: 1150   [mono-viol x1]
  P4  30: 5350 31: 4600 32: 4500 33: 4500 34: 4500 35: 4250 36: 3800 37: 3400 38: 3400 39: 3450 40: 3500 41: 2700 42: 1000   [mono-viol x2]
  P5  30: 5800 31: 4200 32: 2900 33: 2900 34: 2900 35: 2900 36: 2800 37: 2750 38: 2750 39: 2750 40: 2600 41: 2100 42:  750
  P6  30: 5050 31: 4700 32: 4600 33: 4650 34: 4550 35: 4000 36: 3150 37: 3200 38: 3200 39: 3200 40: 3000 41: 1800 42:  750   [mono-viol x2]
  DT  30: 4700 31: 4250 32: 4100 33: 4050 34: 3950 35: 3400 36: 2900 37: 2550 38: 2500 39: 2350 40: 1850 41:  850 42:  100
  NT  30: 7300 31: 6400 32: 5600 33: 5600 34: 5550 35: 5450 36: 4950 37: 5200 38: 5200 39: 5100 40: 5000 41: 4150 42: 2500   [mono-viol x1]
  (122.876s)

hand 88: [22 30 31 40 50 55 64]
  P0  30: 8400 31: 7750 32: 7550 33: 7550 34: 7600 35: 7500 36: 6800 37: 6600 38: 6600 39: 6600 40: 6200 41: 4550 42: 1700   [mono-viol x1]
  P1  30: 5500 31: 4900 32: 4800 33: 4800 34: 4700 35: 4050 36: 3600 37: 3750 38: 3750 39: 3750 40: 3450 41: 2450 42: 1150   [mono-viol x1]
  P2  30: 6800 31: 6200 32: 6200 33: 6200 34: 5950 35: 4950 36: 4350 37: 4100 38: 4100 39: 4150 40: 3700 41: 2650 42: 1350   [mono-viol x1]
  P3  30: 7000 31: 6750 32: 6750 33: 6700 34: 6600 35: 5800 36: 4900 37: 4450 38: 4450 39: 4300 40: 3950 41: 2950 42: 1100
  P4  30: 8750 31: 8700 32: 8650 33: 8650 34: 8550 35: 7900 36: 6800 37: 6800 38: 6800 39: 6950 40: 6050 41: 4600 42: 1700   [mono-viol x1]
  P5  30: 8100 31: 8100 32: 8100 33: 8050 34: 8100 35: 7050 36: 6450 37: 5750 38: 5750 39: 5700 40: 5650 41: 4350 42: 2750   [mono-viol x1]
  P6  30: 7250 31: 7100 32: 7100 33: 7000 34: 7000 35: 5700 36: 4750 37: 4500 38: 4500 39: 4450 40: 4200 41: 2400 42: 1000
  DT  30: 7400 31: 7400 32: 7100 33: 6950 34: 6850 35: 5350 36: 4150 37: 4050 38: 4050 39: 3700 40: 2950 41: 1850 42:  500
  NT  30: 8900 31: 8350 32: 8300 33: 8250 34: 8500 35: 8150 36: 7000 37: 6700 38: 6700 39: 6700 40: 6300 41: 5300 42: 4250   [mono-viol x1]
  (118.321s)

hand 89: [10 42 50 51 52 62 64]
  P0  30: 6100 31: 5750 32: 5600 33: 5450 34: 4750 35: 4050 36: 3650 37: 3450 38: 3400 39: 3050 40: 2550 41: 1850 42:  900
  P1  30: 5250 31: 4700 32: 4700 33: 4750 34: 4250 35: 4150 36: 2900 37: 2750 38: 2750 39: 2650 40: 2150 41: 1650 42:  500   [mono-viol x1]
  P2  30: 8650 31: 7950 32: 7550 33: 7550 34: 7750 35: 7000 36: 6700 37: 5950 38: 5950 39: 5950 40: 5900 41: 5050 42: 2350   [mono-viol x1]
  P3  30: 4400 31: 4800 32: 4650 33: 4350 34: 3900 35: 3150 36: 2700 37: 2650 38: 2650 39: 2600 40: 1850 41: 1400 42:  550   [mono-viol x1]
  P4  30: 7400 31: 6950 32: 7050 33: 7000 34: 6400 35: 6000 36: 5500 37: 5300 38: 5250 39: 4850 40: 3250 41: 2650 42: 1100   [mono-viol x1]
  P5  30: 5150 31: 3850 32: 3250 33: 3200 34: 3200 35: 2850 36: 2750 37: 2550 38: 2550 39: 2450 40: 2400 41: 2050 42:  950
  P6  30: 7550 31: 7350 32: 6900 33: 6800 34: 6050 35: 5150 36: 4400 37: 4200 38: 4200 39: 4250 40: 4000 41: 2250 42:  850   [mono-viol x1]
  DT  30: 5500 31: 4800 32: 4900 33: 4900 34: 4300 35: 3800 36: 3750 37: 3650 38: 3600 39: 3350 40: 2450 41: 1200 42:  450   [mono-viol x1]
  NT  30: 6550 31: 6000 32: 5650 33: 5550 34: 5300 35: 5100 36: 4150 37: 3700 38: 3700 39: 3600 40: 3100 41: 2850 42: 1900
  (116.580s)

hand 90: [33 40 41 44 50 62 64]
  P0  30: 8650 31: 8300 32: 7900 33: 7800 34: 7800 35: 6150 36: 5100 37: 4900 38: 4900 39: 4800 40: 4600 41: 2850 42: 1200
  P1  30: 5450 31: 5450 32: 5400 33: 5450 34: 5350 35: 4650 36: 3950 37: 3400 38: 3400 39: 3450 40: 3350 41: 2050 42: 1300   [mono-viol x2]
  P2  30: 5400 31: 5300 32: 5050 33: 5000 34: 4850 35: 4450 36: 4000 37: 3550 38: 3550 39: 3550 40: 3400 41: 2800 42: 1100
  P3  30: 5200 31: 4800 32: 4800 33: 4800 34: 4650 35: 4000 36: 3100 37: 3300 38: 3300 39: 3300 40: 3000 41: 2150 42: 1500   [mono-viol x1]
  P4  30:10000 31:10000 32:10000 33:10000 34:10000 35: 9950 36: 9550 37: 9450 38: 9450 39: 9450 40: 9450 41: 9250 42: 7600
  P5  30: 4850 31: 3650 32: 2900 33: 2900 34: 2850 35: 2650 36: 2600 37: 2500 38: 2500 39: 2450 40: 2450 41: 1900 42: 1350
  P6  30: 9000 31: 8650 32: 8450 33: 8500 34: 8350 35: 7700 36: 6500 37: 5950 38: 5950 39: 5850 40: 5800 41: 4050 42: 1550   [mono-viol x1]
  DT  30: 5000 31: 4050 32: 3800 33: 3800 34: 3800 35: 3450 36: 2500 37: 2100 38: 2100 39: 2100 40: 1950 41: 1200 42:  300
  NT  30: 8150 31: 7650 32: 7300 33: 7300 34: 7250 35: 7250 36: 6500 37: 5950 38: 5950 39: 5900 40: 5900 41: 5800 42: 4850
  (139.502s)

hand 91: [21 31 42 52 53 61 66]
  P0  30: 3800 31: 3950 32: 3800 33: 3700 34: 3400 35: 2600 36: 1750 37: 1700 38: 1700 39: 1650 40: 1600 41: 1150 42:  300   [mono-viol x1]
  P1  30: 9000 31: 8650 32: 8350 33: 8300 34: 8200 35: 7700 36: 5800 37: 5000 38: 5000 39: 4850 40: 4650 41: 3500 42: 1700
  P2  30: 9400 31: 8950 32: 8800 33: 8800 34: 8600 35: 7600 36: 7200 37: 6300 38: 6300 39: 6200 40: 5650 41: 4300 42: 1950
  P3  30: 7250 31: 7050 32: 6700 33: 6700 34: 6350 35: 5150 36: 4050 37: 3900 38: 3900 39: 3900 40: 3750 41: 2900 42: 1050
  P4  30: 4700 31: 4250 32: 4000 33: 4000 34: 3950 35: 3550 36: 3000 37: 2850 38: 2850 39: 2850 40: 2500 41: 1950 42: 1150
  P5  30: 4600 31: 3800 32: 3200 33: 3200 34: 3050 35: 2950 36: 2800 37: 2400 38: 2400 39: 2400 40: 2250 41: 1850 42: 1000
  P6  30: 7300 31: 6550 32: 6450 33: 6350 34: 5800 35: 5450 36: 4950 37: 4500 38: 4500 39: 4500 40: 3850 41: 3000 42: 1400
  DT  30: 4850 31: 4100 32: 3700 33: 3700 34: 3300 35: 3050 36: 2550 37: 2400 38: 2400 39: 2500 40: 2200 41: 1900 42: 1150   [mono-viol x1]
  NT  30: 7200 31: 6550 32: 6250 33: 6250 34: 6150 35: 6000 36: 5500 37: 4900 38: 4900 39: 4800 40: 4600 41: 4200 42: 3300
  (124.063s)

hand 92: [21 30 31 42 54 65 66]
  P0  30: 4300 31: 4100 32: 3900 33: 3750 34: 3700 35: 3000 36: 2400 37: 2400 38: 2400 39: 2450 40: 2400 41: 2100 42: 1550   [mono-viol x1]
  P1  30: 5900 31: 5400 32: 4900 33: 4950 34: 4750 35: 4200 36: 3600 37: 3550 38: 3550 39: 3550 40: 3350 41: 2200 42: 1100   [mono-viol x1]
  P2  30: 6600 31: 5900 32: 5650 33: 5700 34: 5600 35: 5100 36: 4250 37: 4050 38: 4050 39: 3800 40: 3300 41: 2400 42: 1100   [mono-viol x1]
  P3  30: 6900 31: 6650 32: 6500 33: 6400 34: 6250 35: 5200 36: 4550 37: 4150 38: 4150 39: 4100 40: 3800 41: 2400 42: 1350
  P4  30: 5950 31: 4850 32: 4550 33: 4550 34: 4550 35: 4250 36: 3950 37: 3450 38: 3450 39: 3500 40: 3400 41: 3050 42: 1300   [mono-viol x1]
  P5  30: 5500 31: 4450 32: 2850 33: 2850 34: 2850 35: 2900 36: 2650 37: 2550 38: 2550 39: 2550 40: 2500 41: 2250 42: 1350   [mono-viol x1]
  P6  30: 8050 31: 7550 32: 7150 33: 7150 34: 6900 35: 6800 36: 6150 37: 5800 38: 5800 39: 5750 40: 5500 41: 4550 42: 3350
  DT  30: 6150 31: 5250 32: 4850 33: 4850 34: 4750 35: 4350 36: 3650 37: 3150 38: 3150 39: 3150 40: 2800 41: 2200 42: 1700
  NT  30: 8600 31: 8150 32: 7750 33: 7750 34: 7800 35: 7150 36: 6850 37: 6100 38: 6100 39: 6050 40: 6050 41: 5850 42: 4700   [mono-viol x1]
  (141.552s)

hand 93: [11 30 31 32 40 54 61]
  P0  30: 4400 31: 4000 32: 3700 33: 3750 34: 3650 35: 3250 36: 2850 37: 2350 38: 2350 39: 2350 40: 2300 41: 1750 42:  650   [mono-viol x1]
  P1  30: 9700 31: 9450 32: 9250 33: 9250 34: 9300 35: 8950 36: 8600 37: 8300 38: 8300 39: 8250 40: 8200 41: 7300 42: 5150   [mono-viol x1]
  P2  30: 3550 31: 3300 32: 3150 33: 3100 34: 2800 35: 2150 36: 1800 37: 1700 38: 1700 39: 1700 40: 1500 41: 1600 42:  750   [mono-viol x1]
  P3  30: 8450 31: 8000 32: 7800 33: 7800 34: 7300 35: 6800 36: 6500 37: 6300 38: 6300 39: 6000 40: 5000 41: 3100 42: 1400
  P4  30: 5350 31: 4400 32: 4250 33: 4250 34: 4200 35: 3650 36: 3150 37: 2950 38: 2950 39: 2950 40: 2750 41: 1900 42:  850
  P5  30: 4250 31: 3450 32: 3100 33: 3050 34: 2800 35: 2850 36: 2350 37: 2250 38: 2250 39: 2250 40: 2150 41: 1600 42: 1250   [mono-viol x1]
  P6  30: 4900 31: 4350 32: 4050 33: 3950 34: 3800 35: 3650 36: 3100 37: 3250 38: 3250 39: 3100 40: 2650 41: 1950 42: 1000   [mono-viol x1]
  DT  30: 4150 31: 3500 32: 3350 33: 3350 34: 3050 35: 2700 36: 2400 37: 2100 38: 2150 39: 2150 40: 1950 41: 1750 42:  600   [mono-viol x1]
  NT  30: 5850 31: 5650 32: 5200 33: 5200 34: 5300 35: 4750 36: 4200 37: 3850 38: 3850 39: 3900 40: 3850 41: 3250 42: 2500   [mono-viol x2]
  (117.382s)

hand 94: [10 32 33 41 44 61 66]
  P0  30: 5850 31: 5600 32: 5400 33: 5300 34: 5250 35: 4400 36: 3700 37: 3600 38: 3600 39: 3450 40: 3300 41: 2200 42: 1000
  P1  30:10000 31:10000 32: 9950 33: 9950 34: 9900 35: 9850 36: 9250 37: 9100 38: 9100 39: 9100 40: 8900 41: 8650 42: 2950
  P2  30: 7400 31: 7350 32: 6900 33: 6900 34: 6700 35: 5700 36: 5050 37: 5150 38: 5150 39: 5000 40: 3950 41: 2150 42:  950   [mono-viol x1]
  P3  30: 9850 31: 9700 32: 9700 33: 9700 34: 9600 35: 9400 36: 8950 37: 8350 38: 8350 39: 8300 40: 8050 41: 6300 42: 3450
  P4  30: 9350 31: 8450 32: 8200 33: 8200 34: 8250 35: 7800 36: 7000 37: 6700 38: 6700 39: 6700 40: 6700 41: 5850 42: 3950   [mono-viol x1]
  P5  30: 5850 31: 5050 32: 4200 33: 4200 34: 4100 35: 3700 36: 3700 37: 3750 38: 3750 39: 3700 40: 3250 41: 2600 42: 1100   [mono-viol x1]
  P6  30: 9450 31: 8850 32: 8650 33: 8650 34: 8600 35: 8200 36: 7350 37: 6600 38: 6600 39: 6650 40: 6500 41: 5800 42: 3850   [mono-viol x1]
  DT  30: 9650 31: 9450 32: 9500 33: 9500 34: 9500 35: 9200 36: 7350 37: 5350 38: 5350 39: 5350 40: 5200 41: 4200 42: 2050   [mono-viol x1]
  NT  30: 9750 31: 9500 32: 9300 33: 9300 34: 9300 35: 9000 36: 8450 37: 8050 38: 8050 39: 8050 40: 7950 41: 7250 42: 5650
  (152.992s)

hand 95: [00 30 50 60 62 64 66]
  P0  30:10000 31:10000 32:10000 33:10000 34:10000 35:10000 36:10000 37:10000 38:10000 39:10000 40:10000 41:10000 42:10000
  P1  30: 4500 31: 4350 32: 4550 33: 4300 34: 3850 35: 3050 36: 2450 37: 2400 38: 2400 39: 2200 40: 1600 41:  850 42:  250   [mono-viol x1]
  P2  30: 5600 31: 5250 32: 5200 33: 5150 34: 4550 35: 4150 36: 3350 37: 3100 38: 3100 39: 3150 40: 2950 41: 1850 42: 1050   [mono-viol x1]
  P3  30: 6000 31: 5700 32: 5700 33: 5550 34: 5100 35: 4200 36: 3800 37: 3500 38: 3500 39: 3400 40: 3300 41: 2400 42: 1450
  P4  30: 7500 31: 8000 32: 7750 33: 7500 34: 7350 35: 6800 36: 5400 37: 5400 38: 5400 39: 5300 40: 4700 41: 3200 42: 1950   [mono-viol x1]
  P5  30: 4900 31: 3950 32: 3350 33: 3350 34: 3250 35: 3100 36: 3050 37: 2700 38: 2700 39: 2650 40: 2700 41: 2300 42: 1400   [mono-viol x1]
  P6  30:10000 31:10000 32:10000 33:10000 34:10000 35: 9950 36: 9550 37: 9150 38: 9150 39: 9100 40: 9100 41: 8700 42: 6250
  DT  30: 7950 31: 7550 32: 7450 33: 7450 34: 7100 35: 6500 36: 5000 37: 4800 38: 4800 39: 4650 40: 4100 41: 2800 42:  950
  NT  30: 8500 31: 8000 32: 8000 33: 8000 34: 8050 35: 7850 36: 7250 37: 7350 38: 7350 39: 7300 40: 7400 41: 6900 42: 5850   [mono-viol x3]
  (158.125s)

hand 96: [10 20 31 40 62 65 66]
  P0  30: 7750 31: 6900 32: 7050 33: 7000 34: 6750 35: 5600 36: 4200 37: 3850 38: 3850 39: 3800 40: 3550 41: 2950 42: 1450   [mono-viol x1]
  P1  30: 7450 31: 6850 32: 6550 33: 6450 34: 6250 35: 5500 36: 4650 37: 3800 38: 3800 39: 3700 40: 3750 41: 2750 42:  950   [mono-viol x1]
  P2  30: 7750 31: 7150 32: 6700 33: 6750 34: 6850 35: 6150 36: 5400 37: 5100 38: 5100 39: 4950 40: 4200 41: 3400 42: 1400   [mono-viol x2]
  P3  30: 5700 31: 5350 32: 4900 33: 4850 34: 4450 35: 3750 36: 3500 37: 2950 38: 3000 39: 2900 40: 2500 41: 1800 42: 1100   [mono-viol x1]
  P4  30: 4800 31: 4000 32: 3650 33: 3700 34: 3600 35: 3350 36: 2500 37: 2400 38: 2400 39: 2400 40: 2200 41: 1750 42: 1250   [mono-viol x1]
  P5  30: 4500 31: 3850 32: 3300 33: 3300 34: 3300 35: 3100 36: 2400 37: 2300 38: 2300 39: 2350 40: 2200 41: 1700 42: 1250   [mono-viol x1]
  P6  30: 9750 31: 9650 32: 9450 33: 9450 34: 9400 35: 9100 36: 8750 37: 8450 38: 8450 39: 8500 40: 8350 41: 7450 42: 5600   [mono-viol x1]
  DT  30: 5600 31: 5050 32: 4400 33: 4400 34: 4200 35: 4150 36: 3650 37: 3050 38: 3050 39: 3000 40: 2900 41: 2700 42: 1900
  NT  30: 8300 31: 8100 32: 7350 33: 7350 34: 7450 35: 6850 36: 6600 37: 6350 38: 6350 39: 6350 40: 6300 41: 5700 42: 4650   [mono-viol x1]
  (127.070s)

hand 97: [10 11 21 30 32 53 65]
  P0  30: 6350 31: 5650 32: 5750 33: 5750 34: 5450 35: 4600 36: 4000 37: 3600 38: 3600 39: 3500 40: 3050 41: 2100 42:  800   [mono-viol x1]
  P1  30: 8650 31: 8450 32: 8400 33: 8350 34: 8200 35: 7950 36: 6850 37: 6650 38: 6650 39: 6600 40: 6100 41: 4950 42: 2900
  P2  30: 7100 31: 7050 32: 6950 33: 6800 34: 6350 35: 5750 36: 5100 37: 5200 38: 5200 39: 4950 40: 4200 41: 2550 42: 1050   [mono-viol x1]
  P3  30: 9400 31: 9200 32: 9150 33: 9100 34: 8750 35: 8600 36: 8450 37: 8050 38: 8050 39: 7700 40: 6850 41: 4850 42: 2050
  P4  30: 4350 31: 4050 32: 4000 33: 4000 34: 3800 35: 3250 36: 2700 37: 2550 38: 2550 39: 2550 40: 2250 41: 1600 42:  700
  P5  30: 7200 31: 5100 32: 2700 33: 2700 34: 2700 35: 2650 36: 2550 37: 2550 38: 2550 39: 2550 40: 2550 41: 2250 42: 1650
  P6  30: 6850 31: 5950 32: 5550 33: 5600 34: 5600 35: 5050 36: 4750 37: 4400 38: 4400 39: 4300 40: 3900 41: 2700 42: 1300   [mono-viol x1]
  DT  30: 4650 31: 4050 32: 3800 33: 3700 34: 3600 35: 3150 36: 2800 37: 2850 38: 2850 39: 2900 40: 2250 41: 1450 42:  500   [mono-viol x2]
  NT  30: 7600 31: 6950 32: 6900 33: 6900 34: 6750 35: 6600 36: 6350 37: 6300 38: 6300 39: 6250 40: 6000 41: 5350 42: 4050
  (157.528s)

hand 98: [11 20 31 44 50 51 61]
  P0  30: 7950 31: 7650 32: 7300 33: 7250 34: 7150 35: 6300 36: 5650 37: 5400 38: 5400 39: 5200 40: 4300 41: 3000 42: 1100
  P1  30:10000 31:10000 32:10000 33:10000 34:10000 35:10000 36:10000 37: 9900 38: 9900 39: 9900 40: 9950 41: 9900 42: 9500   [mono-viol x1]
  P2  30: 5100 31: 4700 32: 4500 33: 4500 34: 3850 35: 3700 36: 3550 37: 3200 38: 3200 39: 3150 40: 2700 41: 1500 42:  700
  P3  30: 5650 31: 4700 32: 5000 33: 4950 34: 4900 35: 3900 36: 4000 37: 3400 38: 3400 39: 3300 40: 2650 41: 1650 42:  900   [mono-viol x2]
  P4  30: 4750 31: 4250 32: 3800 33: 3750 34: 3550 35: 3150 36: 3000 37: 3100 38: 3100 39: 2900 40: 2550 41: 2000 42: 1400   [mono-viol x1]
  P5  30: 5650 31: 4100 32: 2800 33: 2800 34: 2700 35: 2800 36: 2500 37: 2550 38: 2550 39: 2550 40: 2250 41: 1600 42: 1000   [mono-viol x2]
  P6  30: 5900 31: 5350 32: 5050 33: 5100 34: 5000 35: 4550 36: 4100 37: 3850 38: 3850 39: 3800 40: 3450 41: 2250 42: 1000   [mono-viol x1]
  DT  30: 4400 31: 3950 32: 3850 33: 3800 34: 3650 35: 3350 36: 2500 37: 2200 38: 2200 39: 2200 40: 1850 41: 1100 42:  300
  NT  30: 7800 31: 7250 32: 6700 33: 6800 34: 6550 35: 6000 36: 5650 37: 5100 38: 5100 39: 5000 40: 4750 41: 3950 42: 2300   [mono-viol x1]
  (115.242s)

hand 99: [20 21 33 50 51 64 65]
  P0  30: 6550 31: 6000 32: 5550 33: 5600 34: 5350 35: 4900 36: 4350 37: 4250 38: 4250 39: 4200 40: 3600 41: 2900 42: 1200   [mono-viol x1]
  P1  30: 5500 31: 5300 32: 5400 33: 5400 34: 5350 35: 4800 36: 4050 37: 3950 38: 3950 39: 3950 40: 3600 41: 2350 42: 1100   [mono-viol x1]
  P2  30: 5800 31: 5500 32: 5100 33: 5100 34: 5000 35: 4450 36: 3950 37: 3400 38: 3400 39: 3450 40: 3150 41: 2850 42:  950   [mono-viol x1]
  P3  30: 5650 31: 4750 32: 4850 33: 4800 34: 4650 35: 4100 36: 3200 37: 3350 38: 3350 39: 3350 40: 3050 41: 2150 42: 1200   [mono-viol x2]
  P4  30: 7100 31: 6300 32: 5850 33: 5800 34: 5650 35: 5100 36: 4700 37: 4550 38: 4550 39: 4350 40: 3650 41: 2350 42: 1600
  P5  30: 8000 31: 5800 32: 3350 33: 3350 34: 3350 35: 3150 36: 3100 37: 3100 38: 3100 39: 3150 40: 2950 41: 3300 42: 2650   [mono-viol x2]
  P6  30: 9100 31: 8650 32: 8600 33: 8600 34: 8300 35: 8150 36: 7500 37: 7200 38: 7200 39: 7150 40: 6700 41: 4700 42: 1850
  DT  30: 5800 31: 5150 32: 5250 33: 5200 34: 4850 35: 4400 36: 3700 37: 3250 38: 3250 39: 3150 40: 2850 41: 2000 42: 1000   [mono-viol x1]
  NT  30: 7350 31: 6900 32: 6050 33: 6100 34: 6450 35: 6350 36: 5650 37: 5100 38: 5100 39: 5250 40: 5100 41: 4500 42: 3550   [mono-viol x3]
  (119.146s)

hand 100: [00 10 22 40 42 54 61]
  P0  30: 9600 31: 8900 32: 8700 33: 8650 34: 8500 35: 8250 36: 7400 37: 6600 38: 6650 39: 6600 40: 6550 41: 5500 42: 3150   [mono-viol x1]
  P1  30: 7650 31: 7200 32: 7100 33: 7100 34: 6900 35: 6050 36: 5350 37: 4750 38: 4750 39: 4750 40: 4300 41: 3300 42: 1200
  P2  30: 8400 31: 7600 32: 7550 33: 7600 34: 7250 35: 6750 36: 5800 37: 4850 38: 4850 39: 4800 40: 4400 41: 3350 42: 1550   [mono-viol x1]
  P3  30: 4500 31: 4050 32: 3850 33: 3850 34: 3550 35: 3350 36: 2750 37: 2500 38: 2500 39: 2400 40: 2300 41: 1600 42:  350
  P4  30: 7800 31: 6450 32: 5450 33: 5450 34: 5500 35: 5300 36: 4900 37: 4550 38: 4550 39: 4450 40: 4500 41: 4050 42: 2150   [mono-viol x2]
  P5  30: 4450 31: 3700 32: 2950 33: 2950 34: 3000 35: 2850 36: 2450 37: 2350 38: 2350 39: 2350 40: 2400 41: 1850 42: 1200   [mono-viol x2]
  P6  30: 6300 31: 5700 32: 5500 33: 5500 34: 5350 35: 4950 36: 4250 37: 4100 38: 4100 39: 4050 40: 3700 41: 2600 42: 1450
  DT  30: 4850 31: 4200 32: 4350 33: 4350 34: 4350 35: 3700 36: 2600 37: 2600 38: 2600 39: 2650 40: 2400 41: 1250 42:  300   [mono-viol x2]
  NT  30: 7900 31: 7150 32: 6550 33: 6550 34: 6400 35: 6300 36: 6000 37: 5850 38: 5850 39: 5850 40: 5750 41: 5250 42: 3750
  (163.686s)

hand 101: [40 44 53 54 55 61 65]
  P0  30: 6300 31: 5900 32: 5950 33: 5750 34: 5100 35: 4050 36: 3500 37: 3350 38: 3350 39: 3250 40: 2750 41: 1800 42: 1100   [mono-viol x1]
  P1  30: 6950 31: 6650 32: 6600 33: 6550 34: 6350 35: 5300 36: 4800 37: 4600 38: 4600 39: 4550 40: 3900 41: 2650 42: 1250
  P2  30: 6300 31: 6350 32: 6500 33: 6400 34: 5800 35: 4950 36: 4500 37: 4500 38: 4450 39: 3850 40: 3150 41: 2350 42:  850   [mono-viol x2]
  P3  30: 8200 31: 8300 32: 8150 33: 8050 34: 8050 35: 7350 36: 6800 37: 6400 38: 6350 39: 6300 40: 5600 41: 3550 42: 1250   [mono-viol x1]
  P4  30:10000 31: 9850 32: 9800 33: 9750 34: 9750 35: 9800 36: 9950 37: 9700 38: 9700 39: 9700 40: 9750 41: 9050 42: 6400   [mono-viol x3]
  P5  30:10000 31:10000 32:10000 33:10000 34:10000 35:10000 36:10000 37:10000 38:10000 39:10000 40:10000 41: 9950 42: 8550
  P6  30: 9650 31: 9450 32: 9150 33: 9150 34: 9100 35: 9200 36: 9100 37: 9050 38: 9050 39: 8950 40: 8700 41: 7150 42: 3500   [mono-viol x1]
  DT  30: 9800 31: 9550 32: 9550 33: 9550 34: 9600 35: 9050 36: 8400 37: 7950 38: 7950 39: 8000 40: 7950 41: 6250 42: 2450   [mono-viol x2]
  NT  30:10000 31:10000 32:10000 33:10000 34:10000 35:10000 36:10000 37: 9950 38: 9950 39: 9900 40: 9700 41: 9250 42: 7300
  (173.321s)

hand 102: [30 40 42 44 52 53 66]
  P0  30: 6950 31: 6450 32: 6250 33: 6200 34: 6250 35: 5450 36: 4600 37: 4450 38: 4450 39: 4500 40: 4300 41: 3200 42: 1400   [mono-viol x2]
  P1  30: 4950 31: 4650 32: 4400 33: 4400 34: 3800 35: 3250 36: 2750 37: 2650 38: 2650 39: 2650 40: 2350 41: 1500 42:  400
  P2  30: 8800 31: 8800 32: 8650 33: 8500 34: 8400 35: 7950 36: 6850 37: 6500 38: 6500 39: 6250 40: 5650 41: 4250 42: 1900
  P3  30: 8350 31: 8400 32: 8000 33: 8000 34: 7950 35: 7200 36: 6600 37: 5900 38: 5900 39: 5800 40: 5500 41: 4300 42: 1500   [mono-viol x1]
  P4  30: 9000 31: 8600 32: 8250 33: 8250 34: 8050 35: 7800 36: 6800 37: 5650 38: 5650 39: 5550 40: 5650 41: 5300 42: 3000   [mono-viol x1]
  P5  30: 6200 31: 5200 32: 3750 33: 3750 34: 3750 35: 3700 36: 3500 37: 3250 38: 3250 39: 3250 40: 3400 41: 3050 42: 1800   [mono-viol x1]
  P6  30: 7900 31: 7150 32: 7300 33: 7250 34: 7150 35: 6550 36: 5850 37: 5450 38: 5450 39: 5400 40: 4900 41: 4200 42: 2050   [mono-viol x1]
  DT  30: 7950 31: 7250 32: 7300 33: 7200 34: 6850 35: 6500 36: 5150 37: 4100 38: 4100 39: 4050 40: 3650 41: 2900 42: 1150   [mono-viol x1]
  NT  30: 8500 31: 7850 32: 7600 33: 7600 34: 7500 35: 7800 36: 6850 37: 6500 38: 6500 39: 6500 40: 6300 41: 5950 42: 4500   [mono-viol x1]
  (152.706s)

hand 103: [00 31 41 44 54 62 64]
  P0  30: 5550 31: 5200 32: 5050 33: 5100 34: 4900 35: 4300 36: 3650 37: 3550 38: 3550 39: 3550 40: 3500 41: 3000 42: 1650   [mono-viol x1]
  P1  30: 7600 31: 7450 32: 7400 33: 7350 34: 7100 35: 6700 36: 6250 37: 6150 38: 6100 39: 5650 40: 4550 41: 2950 42:  850
  P2  30: 5500 31: 5300 32: 5050 33: 5000 34: 4500 35: 3800 36: 3450 37: 3350 38: 3350 39: 3350 40: 3400 41: 2500 42: 1800   [mono-viol x1]
  P3  30: 5200 31: 4550 32: 4900 33: 4850 34: 4550 35: 3950 36: 3300 37: 3000 38: 3000 39: 2950 40: 2850 41: 2450 42: 1250   [mono-viol x1]
  P4  30:10000 31:10000 32:10000 33:10000 34:10000 35:10000 36:10000 37:10000 38:10000 39:10000 40:10000 41:10000 42: 8900
  P5  30: 4700 31: 3650 32: 2650 33: 2650 34: 2600 35: 2250 36: 2300 37: 2250 38: 2250 39: 2250 40: 2100 41: 1750 42: 1250   [mono-viol x1]
  P6  30: 8950 31: 8600 32: 8350 33: 8350 34: 8050 35: 7500 36: 6900 37: 6200 38: 6200 39: 6200 40: 6000 41: 4300 42: 2200
  DT  30: 5350 31: 4450 32: 4250 33: 4250 34: 4100 35: 3950 36: 3250 37: 2900 38: 2900 39: 2900 40: 2800 41: 2250 42:  950
  NT  30: 8950 31: 8450 32: 8150 33: 8150 34: 8150 35: 7950 36: 7750 37: 7700 38: 7700 39: 7650 40: 7700 41: 6750 42: 5000   [mono-viol x1]
  (135.033s)

hand 104: [44 52 53 60 62 63 66]
  P0  30: 5900 31: 5650 32: 5500 33: 5500 34: 5200 35: 4300 36: 4150 37: 3900 38: 3900 39: 4000 40: 3550 41: 2750 42: 1600   [mono-viol x1]
  P1  30: 4650 31: 4300 32: 4500 33: 4400 34: 3950 35: 3500 36: 3050 37: 3050 38: 3050 39: 3100 40: 2500 41: 1350 42:  750   [mono-viol x2]
  P2  30: 9400 31: 9100 32: 9100 33: 9050 34: 9100 35: 8900 36: 7950 37: 7550 38: 7550 39: 7400 40: 7050 41: 5950 42: 2500   [mono-viol x1]
  P3  30: 9300 31: 9050 32: 9050 33: 9050 34: 8600 35: 8400 36: 7800 37: 7200 38: 7200 39: 7200 40: 7350 41: 5650 42: 2200   [mono-viol x1]
  P4  30: 6950 31: 5950 32: 5650 33: 5650 34: 5700 35: 5650 36: 4400 37: 4250 38: 4250 39: 4350 40: 4000 41: 3650 42: 1800   [mono-viol x2]
  P5  30: 6950 31: 5050 32: 3250 33: 3250 34: 3300 35: 3200 36: 3300 37: 3250 38: 3250 39: 3200 40: 3150 41: 2800 42: 1600   [mono-viol x2]
  P6  30: 9700 31: 9300 32: 8150 33: 8200 34: 7950 35: 8000 36: 8150 37: 7900 38: 7900 39: 7900 40: 7800 41: 6800 42: 4850   [mono-viol x3]
  DT  30: 8700 31: 7000 32: 6800 33: 6700 34: 6500 35: 6500 36: 5200 37: 4750 38: 4750 39: 4750 40: 4600 41: 3400 42: 1550
  NT  30: 8800 31: 8450 32: 7350 33: 7300 34: 7050 35: 6700 36: 6350 37: 6550 38: 6550 39: 6450 40: 6000 41: 5300 42: 4250   [mono-viol x1]
  (180.409s)

hand 105: [11 20 33 42 53 64 66]
  P0  30: 5550 31: 5550 32: 5400 33: 5450 34: 5200 35: 4150 36: 3600 37: 3350 38: 3350 39: 3350 40: 3150 41: 2500 42:  950   [mono-viol x1]
  P1  30: 6900 31: 6600 32: 6350 33: 6350 34: 6500 35: 5600 36: 5000 37: 4800 38: 4800 39: 4800 40: 4400 41: 3950 42: 2250   [mono-viol x1]
  P2  30: 7950 31: 7100 32: 7050 33: 7150 34: 7000 35: 6050 36: 5150 37: 4450 38: 4450 39: 4500 40: 4600 41: 3350 42: 1300   [mono-viol x3]
  P3  30: 9600 31: 9550 32: 9450 33: 9400 34: 9550 35: 9300 36: 9100 37: 8800 38: 8800 39: 8750 40: 8300 41: 7350 42: 4650   [mono-viol x1]
  P4  30: 9250 31: 9050 32: 8900 33: 8850 34: 8600 35: 8250 36: 7250 37: 6750 38: 6800 39: 6800 40: 6700 41: 5150 42: 2200   [mono-viol x1]
  P5  30: 6450 31: 4550 32: 3250 33: 3250 34: 3200 35: 3200 36: 3100 37: 3200 38: 3200 39: 3150 40: 3000 41: 2550 42: 1450   [mono-viol x1]
  P6  30: 9800 31: 9800 32: 9400 33: 9400 34: 9300 35: 9350 36: 8900 37: 8700 38: 8700 39: 8750 40: 8550 41: 7550 42: 5000   [mono-viol x2]
  DT  30: 9750 31: 9650 32: 9300 33: 9300 34: 9450 35: 8700 36: 7600 37: 6100 38: 6100 39: 6000 40: 5700 41: 4600 42: 2650   [mono-viol x1]
  NT  30: 9700 31: 9650 32: 9100 33: 9100 34: 9050 35: 8900 36: 8850 37: 8350 38: 8350 39: 8400 40: 8200 41: 8200 42: 6950   [mono-viol x1]
  (155.598s)

hand 106: [22 31 32 33 51 52 54]
  P0  30: 4700 31: 4050 32: 4150 33: 4000 34: 3850 35: 3250 36: 2900 37: 2750 38: 2750 39: 2550 40: 2550 41: 1500 42:  500   [mono-viol x1]
  P1  30: 7550 31: 7000 32: 6750 33: 6650 34: 6400 35: 6150 36: 5050 37: 4650 38: 4650 39: 4550 40: 4300 41: 3500 42: 1400
  P2  30: 9750 31: 9700 32: 9350 33: 9350 34: 9250 35: 9250 36: 8850 37: 8450 38: 8450 39: 8400 40: 8550 41: 7750 42: 5450   [mono-viol x1]
  P3  30: 8600 31: 8350 32: 7650 33: 7650 34: 7650 35: 7400 36: 6900 37: 6900 38: 6900 39: 6950 40: 6900 41: 5500 42: 3700   [mono-viol x1]
  P4  30: 5400 31: 4550 32: 4550 33: 4550 34: 4400 35: 4100 36: 3800 37: 3750 38: 3750 39: 3750 40: 3450 41: 2900 42: 1400
  P5  30: 7400 31: 5600 32: 3050 33: 3050 34: 3050 35: 3050 36: 3050 37: 3000 38: 3000 39: 3000 40: 3000 41: 2850 42: 2400
  P6  30: 5850 31: 5350 32: 5000 33: 5000 34: 4950 35: 4650 36: 4400 37: 4050 38: 4050 39: 4050 40: 3750 41: 2650 42: 1450
  DT  30: 5750 31: 4500 32: 4350 33: 4350 34: 4250 35: 3650 36: 3200 37: 3050 38: 3050 39: 3050 40: 2550 41: 1550 42:  650
  NT  30: 7800 31: 7500 32: 7050 33: 7050 34: 6950 35: 6550 36: 5800 37: 5450 38: 5450 39: 5450 40: 5250 41: 5100 42: 4000
  (173.387s)

hand 107: [22 31 32 52 54 61 65]
  P0  30: 4450 31: 3850 32: 3700 33: 3550 34: 3200 35: 2950 36: 2550 37: 2500 38: 2500 39: 2300 40: 2200 41: 1550 42:  550
  P1  30: 7050 31: 6550 32: 6150 33: 6200 34: 5900 35: 5750 36: 5050 37: 4250 38: 4250 39: 4150 40: 4100 41: 3250 42: 1600   [mono-viol x1]
  P2  30: 9300 31: 8900 32: 8900 33: 8900 34: 8950 35: 8650 36: 8300 37: 8150 38: 8150 39: 8050 40: 7600 41: 6750 42: 4450   [mono-viol x1]
  P3  30: 6550 31: 6100 32: 5850 33: 5950 34: 5750 35: 4950 36: 4750 37: 5050 38: 4900 39: 4850 40: 3900 41: 2500 42: 1050   [mono-viol x2]
  P4  30: 4700 31: 4050 32: 4000 33: 4050 34: 4050 35: 3850 36: 3150 37: 2900 38: 2900 39: 2850 40: 2550 41: 2000 42: 1200   [mono-viol x1]
  P5  30: 8000 31: 6550 32: 3600 33: 3600 34: 3600 35: 3600 36: 3550 37: 3600 38: 3600 39: 3600 40: 3600 41: 3550 42: 3050   [mono-viol x1]
  P6  30: 7400 31: 7350 32: 6850 33: 6750 34: 6550 35: 6000 36: 5350 37: 5400 38: 5350 39: 5250 40: 4800 41: 3700 42: 1600   [mono-viol x1]
  DT  30: 5550 31: 4850 32: 4550 33: 4550 34: 4400 35: 3900 36: 3600 37: 3350 38: 3350 39: 3250 40: 3250 41: 2350 42:  850
  NT  30: 7550 31: 7050 32: 6800 33: 6750 34: 6550 35: 6200 36: 6000 37: 5600 38: 5600 39: 5550 40: 5600 41: 5050 42: 3650   [mono-viol x1]
  (154.255s)

hand 108: [11 20 33 41 51 53 63]
  P0  30: 4700 31: 4450 32: 4400 33: 4300 34: 3950 35: 3350 36: 2850 37: 2650 38: 2650 39: 2550 40: 2300 41: 1250 42:  500
  P1  30: 9800 31: 9650 32: 9450 33: 9450 34: 9550 35: 9300 36: 8750 37: 8650 38: 8650 39: 8600 40: 8400 41: 7350 42: 4800   [mono-viol x1]
  P2  30: 4900 31: 4800 32: 4650 33: 4650 34: 4200 35: 3350 36: 2550 37: 2300 38: 2300 39: 2250 40: 1950 41: 1350 42:  600
  P3  30: 9900 31: 9800 32: 9800 33: 9800 34: 9850 35: 9750 36: 9600 37: 9350 38: 9350 39: 9350 40: 9350 41: 9100 42: 7400   [mono-viol x1]
  P4  30: 4700 31: 4400 32: 4450 33: 4400 34: 4100 35: 3550 36: 3200 37: 2700 38: 2700 39: 2700 40: 2700 41: 1850 42:  900   [mono-viol x1]
  P5  30: 5350 31: 3900 32: 2800 33: 2800 34: 2850 35: 2900 36: 2350 37: 2300 38: 2300 39: 2300 40: 2200 41: 1800 42: 1050   [mono-viol x2]
  P6  30: 4950 31: 4250 32: 4150 33: 4150 34: 4150 35: 3800 36: 3200 37: 3150 38: 3150 39: 3000 40: 2850 41: 2250 42: 1000
  DT  30: 4150 31: 3700 32: 3100 33: 3100 34: 2850 35: 2600 36: 2450 37: 1950 38: 1950 39: 1750 40: 1650 41: 1200 42:  350
  NT  30: 8100 31: 7450 32: 6900 33: 6900 34: 7000 35: 6250 36: 5950 37: 5750 38: 5750 39: 5750 40: 5600 41: 5000 42: 3200   [mono-viol x1]
  (122.416s)

hand 109: [00 10 32 43 55 64 65]
  P0  30: 8150 31: 7650 32: 7650 33: 7650 34: 7450 35: 6750 36: 6050 37: 5600 38: 5600 39: 5650 40: 5250 41: 4350 42: 2500   [mono-viol x1]
  P1  30: 5300 31: 5300 32: 5250 33: 5300 34: 4950 35: 4500 36: 3550 37: 3200 38: 3200 39: 3200 40: 3150 41: 2650 42: 1150   [mono-viol x1]
  P2  30: 5950 31: 6050 32: 5950 33: 5900 34: 5300 35: 4600 36: 4050 37: 3800 38: 3800 39: 3900 40: 3000 41: 2050 42: 1000   [mono-viol x2]
  P3  30: 8600 31: 8400 32: 8250 33: 8350 34: 8400 35: 8300 36: 7750 37: 7800 38: 7850 39: 7600 40: 6450 41: 4000 42: 1400   [mono-viol x4]
  P4  30: 8650 31: 8750 32: 8650 33: 8600 34: 8750 35: 8250 36: 7500 37: 7000 38: 7000 39: 7000 40: 7300 41: 5250 42: 2400   [mono-viol x3]
  P5  30: 9600 31: 9500 32: 9300 33: 9300 34: 9350 35: 9000 36: 8650 37: 8300 38: 8300 39: 8300 40: 8200 41: 7450 42: 5200   [mono-viol x1]
  P6  30: 9750 31: 9800 32: 9750 33: 9750 34: 9600 35: 9150 36: 8500 37: 8700 38: 8700 39: 8600 40: 8350 41: 7200 42: 2200   [mono-viol x2]
  DT  30: 9400 31: 9050 32: 9150 33: 9150 34: 8850 35: 8000 36: 7350 37: 6650 38: 6600 39: 6500 40: 5800 41: 4250 42: 1600   [mono-viol x1]
  NT  30: 9900 31: 9800 32: 9650 33: 9700 34: 9550 35: 9400 36: 8900 37: 8450 38: 8450 39: 8450 40: 8250 41: 8000 42: 6550   [mono-viol x1]
  (131.417s)

hand 110: [21 22 30 41 43 54 66]
  P0  30: 5100 31: 4450 32: 4400 33: 4450 34: 4100 35: 3800 36: 3000 37: 3000 38: 3000 39: 2950 40: 2700 41: 1950 42:  900   [mono-viol x1]
  P1  30: 7550 31: 7500 32: 7450 33: 7450 34: 6850 35: 5950 36: 5150 37: 5000 38: 5000 39: 4800 40: 4400 41: 3000 42: 1250
  P2  30: 8150 31: 7700 32: 7500 33: 7500 34: 7500 35: 7200 36: 6500 37: 6150 38: 6150 39: 6000 40: 5550 41: 4650 42: 2600
  P3  30: 7300 31: 6750 32: 6900 33: 6850 34: 6600 35: 5550 36: 4700 37: 4450 38: 4450 39: 4450 40: 4150 41: 2950 42: 1200   [mono-viol x1]
  P4  30: 8550 31: 6300 32: 5400 33: 5400 34: 5300 35: 5450 36: 5200 37: 4950 38: 4950 39: 5000 40: 5150 41: 4650 42: 2550   [mono-viol x3]
  P5  30: 5600 31: 4150 32: 3350 33: 3350 34: 3150 35: 3150 36: 2850 37: 2700 38: 2700 39: 2650 40: 2600 41: 2100 42: 1250
  P6  30: 7400 31: 6650 32: 6500 33: 6500 34: 6550 35: 6000 36: 5500 37: 4950 38: 4950 39: 5000 40: 4850 41: 4100 42: 1900   [mono-viol x2]
  DT  30: 7200 31: 6850 32: 6850 33: 6850 34: 6350 35: 6050 36: 4850 37: 4600 38: 4600 39: 4450 40: 4050 41: 3200 42: 1350
  NT  30: 8450 31: 8000 32: 7750 33: 7750 34: 7850 35: 7600 36: 7400 37: 7100 38: 7100 39: 7100 40: 6900 41: 6350 42: 4900   [mono-viol x1]
  (140.693s)

hand 111: [21 31 32 44 54 64 66]
  P0  30: 5050 31: 5000 32: 5000 33: 5000 34: 4700 35: 3850 36: 3250 37: 3250 38: 3250 39: 3200 40: 2700 41: 1750 42:  600
  P1  30: 6850 31: 6500 32: 6150 33: 6100 34: 5900 35: 5200 36: 3700 37: 3300 38: 3300 39: 3300 40: 3200 41: 2450 42: 1050
  P2  30: 7850 31: 7900 32: 7750 33: 7650 34: 6850 35: 6450 36: 6150 37: 5950 38: 5900 39: 5250 40: 4350 41: 3350 42: 1450   [mono-viol x1]
  P3  30: 8450 31: 8150 32: 7950 33: 8050 34: 7450 35: 6850 36: 6500 37: 6400 38: 6400 39: 6200 40: 5350 41: 3300 42: 1300   [mono-viol x1]
  P4  30:10000 31:10000 32:10000 33:10000 34:10000 35:10000 36:10000 37:10000 38:10000 39:10000 40:10000 41: 9750 42: 7450
  P5  30: 5750 31: 4550 32: 2900 33: 2900 34: 2900 35: 2900 36: 2850 37: 2700 38: 2700 39: 2700 40: 2750 41: 2350 42: 1700   [mono-viol x1]
  P6  30: 9500 31: 9350 32: 9200 33: 9200 34: 9150 35: 8800 36: 7900 37: 7950 38: 7950 39: 7900 40: 8000 41: 6600 42: 4550   [mono-viol x2]
  DT  30: 8600 31: 8350 32: 8050 33: 8050 34: 8000 35: 7250 36: 6650 37: 6150 38: 6150 39: 6100 40: 5900 41: 4700 42: 2750
  NT  30: 9050 31: 8750 32: 8600 33: 8600 34: 8500 35: 8100 36: 8050 37: 7850 38: 7850 39: 7800 40: 7500 41: 6600 42: 5400
  (152.458s)

hand 112: [11 30 33 44 50 54 63]
  P0  30: 8750 31: 8350 32: 7950 33: 7800 34: 7550 35: 7250 36: 6600 37: 6300 38: 6300 39: 6350 40: 5950 41: 4100 42: 1800   [mono-viol x1]
  P1  30: 7150 31: 6750 32: 6400 33: 6400 34: 6350 35: 5600 36: 5150 37: 4650 38: 4650 39: 4700 40: 4350 41: 3300 42: 1650   [mono-viol x1]
  P2  30: 6050 31: 5850 32: 5650 33: 5600 34: 5250 35: 4200 36: 3950 37: 3700 38: 3700 39: 3500 40: 2850 41: 1900 42:  450
  P3  30: 9900 31: 9650 32: 9100 33: 9100 34: 9150 35: 9200 36: 8950 37: 8600 38: 8600 39: 8700 40: 8550 41: 8150 42: 6300   [mono-viol x3]
  P4  30: 9200 31: 8800 32: 8750 33: 8750 34: 8550 35: 8450 36: 8200 37: 7450 38: 7450 39: 7550 40: 7250 41: 6550 42: 4750   [mono-viol x1]
  P5  30: 7300 31: 5300 32: 3250 33: 3250 34: 3250 35: 3150 36: 3250 37: 3150 38: 3150 39: 3150 40: 3200 41: 2850 42: 2150   [mono-viol x2]
  P6  30: 7350 31: 6300 32: 6000 33: 6000 34: 5950 35: 5800 36: 5500 37: 5100 38: 5100 39: 5100 40: 5000 41: 3800 42: 1750
  DT  30: 7900 31: 6050 32: 5250 33: 5250 34: 5300 35: 4850 36: 4700 37: 4500 38: 4500 39: 4450 40: 4200 41: 3250 42: 1450   [mono-viol x1]
  NT  30: 9600 31: 9200 32: 8850 33: 8850 34: 8750 35: 8800 36: 8750 37: 8500 38: 8500 39: 8450 40: 8350 41: 7850 42: 6500   [mono-viol x1]
  (182.590s)

hand 113: [22 30 41 42 50 60 63]
  P0  30: 8950 31: 8350 32: 8350 33: 8350 34: 8300 35: 7500 36: 6800 37: 6650 38: 6650 39: 6550 40: 6300 41: 5250 42: 1450
  P1  30: 4050 31: 3800 32: 3700 33: 3600 34: 3400 35: 2550 36: 2150 37: 1900 38: 1900 39: 1900 40: 1700 41: 1050 42:  500
  P2  30: 6450 31: 6100 32: 6100 33: 6050 34: 6050 35: 5250 36: 4000 37: 3700 38: 3700 39: 3600 40: 3450 41: 2550 42: 1050
  P3  30: 5450 31: 5000 32: 4950 33: 5150 34: 4800 35: 4200 36: 3200 37: 3000 38: 3000 39: 3100 40: 3150 41: 2400 42:  700   [mono-viol x3]
  P4  30: 6150 31: 4750 32: 4600 33: 4600 34: 4450 35: 4000 36: 3650 37: 3550 38: 3550 39: 3500 40: 3400 41: 2600 42:  800
  P5  30: 3850 31: 2900 32: 2600 33: 2600 34: 2400 35: 2100 36: 2300 37: 2200 38: 2200 39: 2150 40: 1850 41: 1400 42:  850   [mono-viol x1]
  P6  30: 5350 31: 4750 32: 4700 33: 4650 34: 4550 35: 3950 36: 3450 37: 2850 38: 2850 39: 2850 40: 2700 41: 2100 42:  550
  DT  30: 3300 31: 3100 32: 2800 33: 2800 34: 2750 35: 2250 36: 1800 37: 1750 38: 1750 39: 1700 40: 1500 41:  950 42:  400
  NT  30: 6400 31: 6000 32: 4800 33: 4800 34: 4600 35: 4600 36: 3800 37: 3700 38: 3700 39: 3700 40: 3650 41: 3000 42: 1800
  (96.554s)

hand 114: [31 32 33 40 42 50 65]
  P0  30: 7900 31: 7400 32: 7350 33: 7350 34: 6600 35: 6000 36: 5450 37: 5500 38: 5500 39: 5450 40: 4650 41: 3000 42: 1000   [mono-viol x1]
  P1  30: 3850 31: 3100 32: 3050 33: 3050 34: 3100 35: 2650 36: 2300 37: 2050 38: 2050 39: 2000 40: 1750 41: 1450 42:  700   [mono-viol x1]
  P2  30: 6500 31: 6150 32: 5800 33: 5650 34: 5350 35: 4700 36: 4250 37: 3800 38: 3750 39: 3700 40: 3400 41: 2050 42:  650
  P3  30: 9150 31: 9050 32: 8950 33: 8950 34: 8700 35: 8350 36: 7600 37: 7250 38: 7250 39: 7050 40: 6650 41: 5000 42: 3250
  P4  30: 4700 31: 3500 32: 3550 33: 3550 34: 3350 35: 3200 36: 2550 37: 2450 38: 2450 39: 2450 40: 2150 41: 1850 42:  800   [mono-viol x1]
  P5  30: 5550 31: 4750 32: 3350 33: 3350 34: 3300 35: 3450 36: 3150 37: 3050 38: 3050 39: 3050 40: 3000 41: 2650 42: 1600   [mono-viol x1]
  P6  30: 5450 31: 5550 32: 5350 33: 5350 34: 5250 35: 4600 36: 3850 37: 3300 38: 3300 39: 3350 40: 3100 41: 2800 42: 1300   [mono-viol x2]
  DT  30: 4000 31: 3500 32: 3600 33: 3550 34: 3250 35: 2650 36: 2350 37: 2200 38: 2200 39: 2150 40: 1950 41: 1350 42:  500   [mono-viol x1]
  NT  30: 6850 31: 6250 32: 6050 33: 6050 34: 6100 35: 5250 36: 5100 37: 4500 38: 4500 39: 4500 40: 4400 41: 3950 42: 3150   [mono-viol x1]
  (116.963s)

hand 115: [20 42 43 44 50 60 61]
  P0  30: 9250 31: 9200 32: 9000 33: 8950 34: 8650 35: 7850 36: 7200 37: 7150 38: 7100 39: 7000 40: 6750 41: 4700 42: 2250
  P1  30: 4450 31: 4150 32: 4250 33: 4300 34: 4150 35: 3500 36: 2700 37: 2350 38: 2350 39: 2350 40: 2250 41: 1800 42:  950   [mono-viol x2]
  P2  30: 6050 31: 5950 32: 5600 33: 5500 34: 4900 35: 4000 36: 3900 37: 3800 38: 3800 39: 3600 40: 3000 41: 2150 42:  850
  P3  30: 4850 31: 4900 32: 4700 33: 4600 34: 4600 35: 3950 36: 3150 37: 3200 38: 3200 39: 2950 40: 2250 41: 1600 42:  600   [mono-viol x2]
  P4  30: 9050 31: 9100 32: 8900 33: 8900 34: 9000 35: 8100 36: 7350 37: 7050 38: 7050 39: 7000 40: 7050 41: 5450 42: 2500   [mono-viol x3]
  P5  30: 3950 31: 3450 32: 2950 33: 2950 34: 2800 35: 2700 36: 2700 37: 2650 38: 2650 39: 2550 40: 2250 41: 1800 42:  850
  P6  30: 6100 31: 5500 32: 5550 33: 5550 34: 5350 35: 5000 36: 4500 37: 4450 38: 4450 39: 4200 40: 4200 41: 2650 42:  700   [mono-viol x1]
  DT  30: 3400 31: 2600 32: 2850 33: 2850 34: 2600 35: 2350 36: 1850 37: 1700 38: 1700 39: 1800 40: 1450 41: 1050 42:  400   [mono-viol x2]
  NT  30: 6850 31: 6050 32: 5750 33: 5600 34: 5650 35: 5400 36: 5200 37: 5050 38: 5050 39: 4800 40: 4300 41: 3300 42: 2450   [mono-viol x1]
  (112.359s)

hand 116: [00 22 40 44 50 60 63]
  P0  30:10000 31:10000 32:10000 33:10000 34:10000 35:10000 36:10000 37:10000 38:10000 39:10000 40:10000 41:10000 42: 7950
  P1  30: 5500 31: 5050 32: 4950 33: 4900 34: 4450 35: 3700 36: 3450 37: 3100 38: 3100 39: 3050 40: 2700 41: 1600 42:  550
  P2  30: 7100 31: 6650 32: 6700 33: 6550 34: 6200 35: 5800 36: 5900 37: 5500 38: 5500 39: 5350 40: 4600 41: 3500 42: 2350   [mono-viol x2]
  P3  30: 7350 31: 7100 32: 6800 33: 6900 34: 6500 35: 6550 36: 6000 37: 5700 38: 5700 39: 5500 40: 5200 41: 3250 42: 1300   [mono-viol x2]
  P4  30: 7850 31: 7650 32: 7400 33: 7300 34: 7100 35: 6650 36: 5750 37: 5550 38: 5550 39: 5500 40: 5250 41: 3700 42: 2100
  P5  30: 4950 31: 3750 32: 2900 33: 2900 34: 2850 35: 2800 36: 2850 37: 2700 38: 2700 39: 2700 40: 2400 41: 1900 42: 1350   [mono-viol x1]
  P6  30: 7650 31: 6100 32: 6050 33: 6050 34: 5900 35: 5750 36: 5550 37: 5400 38: 5400 39: 5500 40: 5050 41: 3800 42: 1550   [mono-viol x1]
  DT  30: 5850 31: 4900 32: 4350 33: 4350 34: 4300 35: 3950 36: 2950 37: 2450 38: 2450 39: 2400 40: 2200 41: 1550 42:  500
  NT  30: 8400 31: 8050 32: 7450 33: 7450 34: 7400 35: 6900 36: 7200 37: 6850 38: 6850 39: 6750 40: 6650 41: 6100 42: 4500   [mono-viol x1]
  (171.855s)

hand 117: [10 11 32 41 43 52 54]
  P0  30: 4000 31: 3700 32: 3350 33: 3200 34: 3050 35: 2850 36: 2500 37: 2600 38: 2600 39: 2500 40: 2100 41: 1550 42:  750   [mono-viol x1]
  P1  30: 8800 31: 8550 32: 8500 33: 8600 34: 8250 35: 7550 36: 7700 37: 7350 38: 7350 39: 7000 40: 6100 41: 4900 42: 2650   [mono-viol x2]
  P2  30: 6500 31: 6100 32: 5900 33: 5900 34: 5350 35: 4600 36: 4150 37: 3750 38: 3750 39: 3450 40: 3100 41: 2450 42: 1000
  P3  30: 6550 31: 6100 32: 6300 33: 6300 34: 5750 35: 5200 36: 4450 37: 4700 38: 4700 39: 4550 40: 3750 41: 2300 42: 1000   [mono-viol x2]
  P4  30: 7100 31: 6150 32: 5500 33: 5450 34: 5500 35: 5400 36: 5100 37: 4600 38: 4600 39: 4750 40: 4500 41: 3800 42: 1950   [mono-viol x2]
  P5  30: 5050 31: 3150 32: 2350 33: 2300 34: 2300 35: 2250 36: 2200 37: 2050 38: 2050 39: 2000 40: 2000 41: 1500 42: 1050
  P6  30: 5400 31: 4950 32: 4450 33: 4400 34: 4350 35: 3750 36: 3200 37: 3200 38: 3200 39: 3100 40: 2950 41: 1900 42:  700
  DT  30: 4100 31: 3350 32: 3350 33: 3350 34: 3100 35: 2700 36: 2300 37: 2400 38: 2400 39: 2350 40: 1950 41: 1350 42:  450   [mono-viol x1]
  NT  30: 6700 31: 5700 32: 5400 33: 5400 34: 5300 35: 5350 36: 4950 37: 4350 38: 4350 39: 4350 40: 4250 41: 3800 42: 2400   [mono-viol x1]
  (126.075s)

hand 118: [22 31 41 42 51 62 63]
  P0  30: 4400 31: 4200 32: 4300 33: 4150 34: 3950 35: 2900 36: 2650 37: 2300 38: 2300 39: 2250 40: 1950 41: 1050 42:  350   [mono-viol x1]
  P1  30: 9200 31: 8850 32: 8650 33: 8650 34: 8500 35: 8000 36: 7750 37: 7600 38: 7600 39: 7500 40: 6400 41: 4200 42: 1400
  P2  30: 9700 31: 9850 32: 9300 33: 9300 34: 9300 35: 9100 36: 8800 37: 8500 38: 8500 39: 8600 40: 8350 41: 7750 42: 5550   [mono-viol x2]
  P3  30: 6650 31: 6200 32: 6150 33: 6000 34: 5650 35: 5300 36: 4500 37: 3850 38: 3850 39: 3850 40: 3650 41: 2300 42: 1100
  P4  30: 5200 31: 4650 32: 4350 33: 4300 34: 4250 35: 4150 36: 3500 37: 3400 38: 3400 39: 3150 40: 2900 41: 1850 42:  750
  P5  30: 3800 31: 2950 32: 2500 33: 2450 34: 2350 35: 2350 36: 2350 37: 2300 38: 2300 39: 2400 40: 2250 41: 1650 42:  800   [mono-viol x1]
  P6  30: 5650 31: 5000 32: 4550 33: 4600 34: 4550 35: 4350 36: 4150 37: 3800 38: 3800 39: 3750 40: 3350 41: 2250 42:  750   [mono-viol x1]
  DT  30: 4050 31: 3850 32: 3600 33: 3500 34: 3250 35: 2550 36: 2500 37: 1950 38: 1950 39: 1900 40: 1800 41: 1150 42:  250
  NT  30: 7150 31: 6200 32: 5800 33: 5750 34: 5550 35: 5350 36: 4850 37: 4700 38: 4700 39: 4700 40: 4300 41: 3250 42: 2450
  (134.842s)

hand 119: [11 20 30 40 43 50 64]
  P0  30: 9400 31: 9150 32: 9250 33: 9200 34: 9400 35: 8550 36: 8450 37: 7850 38: 7850 39: 7800 40: 7650 41: 5450 42: 2350   [mono-viol x2]
  P1  30: 5750 31: 5050 32: 4900 33: 4900 34: 4200 35: 4000 36: 3500 37: 3200 38: 3200 39: 3100 40: 2950 41: 2350 42: 1350
  P2  30: 4250 31: 4450 32: 4300 33: 4300 34: 3850 35: 3200 36: 3200 37: 2950 38: 2950 39: 2900 40: 2650 41: 1450 42:  550   [mono-viol x1]
  P3  30: 5100 31: 5050 32: 4900 33: 4850 34: 4550 35: 4050 36: 3550 37: 3700 38: 3700 39: 3550 40: 3100 41: 2100 42: 1000   [mono-viol x1]
  P4  30: 9000 31: 8650 32: 8350 33: 8350 34: 8450 35: 7600 36: 6200 37: 5700 38: 5700 39: 5700 40: 5650 41: 4500 42: 1800   [mono-viol x1]
  P5  30: 3650 31: 3250 32: 2950 33: 2950 34: 2700 35: 2500 36: 2250 37: 2150 38: 2150 39: 2150 40: 2150 41: 1450 42:  950
  P6  30: 6050 31: 5750 32: 5100 33: 5100 34: 4700 35: 4400 36: 3700 37: 3650 38: 3650 39: 3450 40: 2900 41: 1950 42:  800
  DT  30: 3550 31: 3050 32: 2800 33: 2800 34: 2650 35: 2200 36: 2050 37: 2200 38: 2200 39: 2100 40: 1700 41: 1100 42:  250   [mono-viol x1]
  NT  30: 6750 31: 6550 32: 6150 33: 6150 34: 6050 35: 5400 36: 4700 37: 4500 38: 4500 39: 4550 40: 4350 41: 3850 42: 2350   [mono-viol x1]
  (101.889s)

hand 120: [11 20 21 22 31 41 53]
  P0  30: 3700 31: 3400 32: 3500 33: 3450 34: 2850 35: 2700 36: 2350 37: 2400 38: 2400 39: 2300 40: 2150 41: 1450 42:  550   [mono-viol x2]
  P1  30: 9950 31: 9950 32: 9950 33: 9950 34: 9950 35: 9900 36: 9500 37: 9500 38: 9500 39: 9500 40: 9400 41: 8750 42: 4900
  P2  30: 9450 31: 9250 32: 8550 33: 8550 34: 8550 35: 8450 36: 7950 37: 7500 38: 7500 39: 7500 40: 7150 41: 5350 42: 2500
  P3  30: 7900 31: 7550 32: 7200 33: 7200 34: 7000 35: 6500 36: 5800 37: 4900 38: 4900 39: 4900 40: 4550 41: 3600 42: 1700
  P4  30: 4950 31: 4250 32: 4150 33: 4150 34: 4100 35: 3850 36: 3250 37: 3300 38: 3300 39: 3250 40: 3100 41: 2050 42:  900   [mono-viol x1]
  P5  30: 4850 31: 3800 32: 3050 33: 3050 34: 3000 35: 2800 36: 2850 37: 2500 38: 2500 39: 2400 40: 2200 41: 1650 42: 1100   [mono-viol x1]
  P6  30: 5400 31: 4650 32: 4500 33: 4450 34: 4400 35: 3650 36: 3550 37: 3450 38: 3400 39: 3350 40: 2850 41: 1750 42:  750
  DT  30: 4700 31: 4000 32: 3900 33: 3950 34: 3650 35: 3300 36: 2350 37: 2200 38: 2200 39: 2150 40: 2000 41: 1300 42:  450   [mono-viol x1]
  NT  30: 7550 31: 6700 32: 6350 33: 6400 34: 6450 35: 6200 36: 5800 37: 5600 38: 5600 39: 5650 40: 5500 41: 5350 42: 3700   [mono-viol x3]
  (141.867s)

hand 121: [00 20 22 31 43 53 65]
  P0  30: 7550 31: 7050 32: 6700 33: 6700 34: 6650 35: 6100 36: 5100 37: 3950 38: 3950 39: 3950 40: 3750 41: 3250 42: 1800
  P1  30: 4300 31: 3850 32: 3900 33: 3700 34: 3400 35: 2800 36: 2650 37: 2450 38: 2450 39: 2400 40: 2100 41: 1800 42:  900   [mono-viol x1]
  P2  30: 7900 31: 7200 32: 7150 33: 7150 34: 6650 35: 6250 36: 5400 37: 4850 38: 4850 39: 4850 40: 4700 41: 3900 42: 2100
  P3  30: 9850 31: 9700 32: 9650 33: 9650 34: 9500 35: 9200 36: 7550 37: 7350 38: 7350 39: 7300 40: 6750 41: 5150 42: 2050
  P4  30: 4650 31: 4300 32: 4050 33: 4050 34: 4000 35: 3650 36: 3150 37: 2850 38: 2850 39: 2900 40: 2650 41: 2300 42: 1300   [mono-viol x1]
  P5  30: 7000 31: 5800 32: 3200 33: 3200 34: 3250 35: 3100 36: 3100 37: 2900 38: 2900 39: 2900 40: 2950 41: 2800 42: 1900   [mono-viol x2]
  P6  30: 6950 31: 5900 32: 5600 33: 5600 34: 5650 35: 5450 36: 4850 37: 4450 38: 4450 39: 4450 40: 4250 41: 3300 42: 1750   [mono-viol x1]
  DT  30: 5200 31: 4350 32: 4450 33: 4500 34: 4350 35: 4000 36: 3200 37: 2950 38: 2950 39: 2950 40: 2650 41: 1950 42:  550   [mono-viol x2]
  NT  30: 8500 31: 8200 32: 7650 33: 7650 34: 7550 35: 7500 36: 7100 37: 6800 38: 6800 39: 6800 40: 6800 41: 6250 42: 5700
  (157.140s)

hand 122: [33 40 51 61 62 65 66]
  P0  30: 4850 31: 4350 32: 4200 33: 4150 34: 4050 35: 3500 36: 2850 37: 2750 38: 2750 39: 2850 40: 2350 41: 2050 42:  750   [mono-viol x1]
  P1  30: 8750 31: 8000 32: 7550 33: 7400 34: 7250 35: 6950 36: 6400 37: 5750 38: 5750 39: 5800 40: 5350 41: 4050 42: 1450   [mono-viol x1]
  P2  30: 6850 31: 6500 32: 6550 33: 6550 34: 6400 35: 5750 36: 4550 37: 4200 38: 4200 39: 4200 40: 4050 41: 3100 42: 1850   [mono-viol x1]
  P3  30: 7150 31: 6700 32: 6550 33: 6550 34: 6250 35: 5800 36: 5150 37: 5050 38: 5050 39: 5050 40: 4600 41: 4000 42: 2850
  P4  30: 5500 31: 4500 32: 4250 33: 4300 34: 4250 35: 4150 36: 3500 37: 3300 38: 3300 39: 3300 40: 3300 41: 3000 42: 1500   [mono-viol x1]
  P5  30: 6750 31: 5750 32: 2900 33: 2900 34: 2850 35: 2850 36: 2900 37: 2850 38: 2850 39: 2850 40: 2800 41: 2600 42: 2000   [mono-viol x1]
  P6  30:10000 31:10000 32:10000 33:10000 34:10000 35:10000 36: 9900 37: 9500 38: 9500 39: 9500 40: 9550 41: 8950 42: 8150   [mono-viol x1]
  DT  30: 8450 31: 7450 32: 6950 33: 6950 34: 6850 35: 6250 36: 5550 37: 5150 38: 5100 39: 5000 40: 4550 41: 3650 42: 1600
  NT  30: 9850 31: 9550 32: 9100 33: 9100 34: 9100 35: 8950 36: 8650 37: 8150 38: 8150 39: 8150 40: 8150 41: 8100 42: 7300
  (178.015s)

hand 123: [21 22 32 51 54 55 66]
  P0  30: 5650 31: 5700 32: 5500 33: 5300 34: 5000 35: 4000 36: 3300 37: 3400 38: 3400 39: 3300 40: 2850 41: 2050 42:  750   [mono-viol x2]
  P1  30: 8700 31: 8100 32: 8050 33: 8050 34: 7850 35: 7200 36: 6750 37: 6350 38: 6350 39: 6350 40: 5850 41: 4500 42: 2050
  P2  30:10000 31:10000 32:10000 33:10000 34:10000 35:10000 36: 9700 37: 9900 38: 9900 39: 9900 40: 9700 41: 8600 42: 5300   [mono-viol x1]
  P3  30: 7350 31: 7400 32: 7300 33: 7200 34: 6800 35: 6450 36: 6050 37: 5900 38: 5950 39: 5900 40: 4900 41: 3300 42: 1350   [mono-viol x2]
  P4  30: 6850 31: 5650 32: 5300 33: 5350 34: 5150 35: 5200 36: 4800 37: 4850 38: 4850 39: 5050 40: 4700 41: 3750 42: 1700   [mono-viol x4]
  P5  30:10000 31:10000 32:10000 33:10000 34:10000 35:10000 36: 9950 37: 9650 38: 9650 39: 9650 40: 9550 41: 9500 42: 7350
  P6  30: 7850 31: 7100 32: 6900 33: 6900 34: 6950 35: 6550 36: 6600 37: 6200 38: 6200 39: 6300 40: 5900 41: 5300 42: 2750   [mono-viol x3]
  DT  30:10000 31:10000 32:10000 33:10000 34: 9950 35: 9900 36: 9500 37: 8850 38: 8850 39: 8850 40: 8600 41: 7850 42: 4250
  NT  30:10000 31:10000 32: 9950 33: 9950 34: 9950 35: 9900 36: 9650 37: 9300 38: 9300 39: 9200 40: 9200 41: 8850 42: 8000
  (165.466s)

hand 124: [30 31 33 40 55 60 62]
  P0  30: 9550 31: 9150 32: 9050 33: 9050 34: 9100 35: 8850 36: 8150 37: 6850 38: 6850 39: 6900 40: 6400 41: 5650 42: 3000   [mono-viol x2]
  P1  30: 5400 31: 5100 32: 4900 33: 4850 34: 4400 35: 3900 36: 3450 37: 3300 38: 3300 39: 3200 40: 2850 41: 1850 42:  900
  P2  30: 6450 31: 6900 32: 6500 33: 6550 34: 6000 35: 5000 36: 4550 37: 4500 38: 4500 39: 4250 40: 3750 41: 2800 42: 1250   [mono-viol x2]
  P3  30: 9550 31: 9250 32: 9300 33: 9250 34: 9100 35: 8950 36: 8500 37: 8150 38: 8150 39: 8050 40: 7850 41: 6200 42: 2850   [mono-viol x1]
  P4  30: 5000 31: 4550 32: 4350 33: 4300 34: 4250 35: 3900 36: 3700 37: 3200 38: 3200 39: 3250 40: 2750 41: 1800 42:  800   [mono-viol x1]
  P5  30: 7850 31: 7350 32: 7600 33: 7550 34: 7050 35: 6400 36: 5750 37: 6000 38: 6000 39: 5800 40: 5050 41: 3450 42: 1500   [mono-viol x2]
  P6  30: 7150 31: 6100 32: 6250 33: 6200 34: 5950 35: 5550 36: 5250 37: 5250 38: 5250 39: 5250 40: 5000 41: 3650 42: 1300   [mono-viol x1]
  DT  30: 7450 31: 6950 32: 6850 33: 6900 34: 6250 35: 4800 36: 3750 37: 3350 38: 3350 39: 3300 40: 2750 41: 1400 42:  250   [mono-viol x1]
  NT  30: 8550 31: 8150 32: 8000 33: 8100 34: 7900 35: 7650 36: 7200 37: 6750 38: 6750 39: 6600 40: 6350 41: 5250 42: 3300   [mono-viol x1]
  (129.604s)

hand 125: [21 32 43 52 62 63 65]
  P0  30: 3700 31: 3450 32: 3350 33: 3250 34: 3000 35: 2600 36: 2200 37: 1950 38: 1950 39: 1750 40: 1300 41:  950 42:  200
  P1  30: 4000 31: 4000 32: 3850 33: 3800 34: 3250 35: 2700 36: 2500 37: 2850 38: 2850 39: 2450 40: 2350 41: 1550 42:  750   [mono-viol x1]
  P2  30: 9850 31: 9650 32: 9550 33: 9550 34: 9550 35: 9600 36: 9350 37: 9150 38: 9100 39: 9050 40: 8700 41: 7500 42: 2650   [mono-viol x1]
  P3  30: 9750 31: 9350 32: 9250 33: 9100 34: 8750 35: 8200 36: 7650 37: 7300 38: 7350 39: 7350 40: 6450 41: 5100 42: 1350   [mono-viol x1]
  P4  30: 4500 31: 4050 32: 4100 33: 4100 34: 3750 35: 3400 36: 3150 37: 2650 38: 2650 39: 2600 40: 2350 41: 1650 42:  700   [mono-viol x1]
  P5  30: 5050 31: 3850 32: 3250 33: 3250 34: 3200 35: 3050 36: 2750 37: 2700 38: 2700 39: 2750 40: 2550 41: 1850 42: 1000   [mono-viol x1]
  P6  30: 8300 31: 7850 32: 7300 33: 7400 34: 7150 35: 6750 36: 6050 37: 5500 38: 5500 39: 5700 40: 4950 41: 3850 42: 1500   [mono-viol x2]
  DT  30: 4700 31: 4200 32: 4300 33: 4400 34: 4100 35: 3600 36: 3600 37: 3550 38: 3500 39: 3400 40: 2300 41: 1350 42:  500   [mono-viol x2]
  NT  30: 6600 31: 6200 32: 5500 33: 5350 34: 5050 35: 5250 36: 4050 37: 3900 38: 3850 39: 3900 40: 3650 41: 3150 42: 2200   [mono-viol x2]
  (136.085s)

hand 126: [20 31 41 42 62 64 66]
  P0  30: 4500 31: 4600 32: 4600 33: 4550 34: 4050 35: 2950 36: 2500 37: 2350 38: 2350 39: 2300 40: 1900 41: 1800 42:  750   [mono-viol x1]
  P1  30: 8150 31: 7950 32: 7950 33: 7750 34: 7450 35: 6300 36: 6150 37: 6100 38: 6100 39: 5750 40: 4500 41: 2650 42:  950
  P2  30: 9500 31: 9150 32: 9150 33: 9100 34: 9000 35: 8450 36: 7450 37: 6450 38: 6450 39: 6450 40: 6400 41: 5300 42: 2650
  P3  30: 5900 31: 5700 32: 5350 33: 5350 34: 5150 35: 4400 36: 3550 37: 3350 38: 3350 39: 3200 40: 2950 41: 2150 42: 1150
  P4  30: 9850 31: 9950 32: 9850 33: 9850 34: 9650 35: 9100 36: 8450 37: 8000 38: 8000 39: 8000 40: 7550 41: 5400 42: 2050   [mono-viol x1]
  P5  30: 4300 31: 3600 32: 3100 33: 3100 34: 2950 35: 2500 36: 2400 37: 2500 38: 2500 39: 2500 40: 2200 41: 1250 42:  750   [mono-viol x1]
  P6  30: 9550 31: 9600 32: 9300 33: 9250 34: 9250 35: 8550 36: 8000 37: 7450 38: 7450 39: 7500 40: 7000 41: 5400 42: 3100   [mono-viol x2]
  DT  30: 5100 31: 4500 32: 4300 33: 4300 34: 4200 35: 3800 36: 3150 37: 2850 38: 2850 39: 2850 40: 2700 41: 2000 42: 1100
  NT  30: 7950 31: 7550 32: 7100 33: 7100 34: 6950 35: 6350 36: 5750 37: 5450 38: 5450 39: 5400 40: 5350 41: 4800 42: 3350
  (124.535s)

hand 127: [11 31 40 44 50 52 61]
  P0  30: 7050 31: 6700 32: 6750 33: 6650 34: 6350 35: 6150 36: 5650 37: 4800 38: 4800 39: 4550 40: 3900 41: 2900 42: 1150   [mono-viol x1]
  P1  30: 9900 31: 9700 32: 9100 33: 9100 34: 9000 35: 9100 36: 8950 37: 8350 38: 8350 39: 8350 40: 8200 41: 7900 42: 6300   [mono-viol x1]
  P2  30: 4850 31: 4500 32: 4100 33: 4150 34: 3750 35: 3350 36: 3250 37: 2850 38: 2850 39: 2800 40: 2350 41: 1650 42:  900   [mono-viol x1]
  P3  30: 5350 31: 5050 32: 4800 33: 4650 34: 4250 35: 3750 36: 3750 37: 3450 38: 3400 39: 3350 40: 2900 41: 1700 42:  700
  P4  30: 6150 31: 5800 32: 5450 33: 5450 34: 5400 35: 4700 36: 4200 37: 4050 38: 4050 39: 4050 40: 4000 41: 3000 42: 1850
  P5  30: 6150 31: 4750 32: 3400 33: 3400 34: 3400 35: 3300 36: 3250 37: 3350 38: 3350 39: 3250 40: 3050 41: 2300 42: 1500   [mono-viol x1]
  P6  30: 5300 31: 5000 32: 4800 33: 4800 34: 4500 35: 3800 36: 3400 37: 3150 38: 3150 39: 3050 40: 2650 41: 2050 42:  950
  DT  30: 4550 31: 3850 32: 3600 33: 3600 34: 3550 35: 2650 36: 2350 37: 1950 38: 1950 39: 1850 40: 1500 41:  750 42:  150
  NT  30: 7850 31: 7350 32: 6450 33: 6450 34: 6500 35: 6100 36: 5900 37: 5700 38: 5700 39: 5550 40: 5450 41: 4900 42: 3550   [mono-viol x1]
  (121.845s)

hand 128: [00 11 40 50 53 55 64]
  P0  30: 9950 31: 9750 32: 9650 33: 9650 34: 9750 35: 9650 36: 9500 37: 9100 38: 9100 39: 9100 40: 9150 41: 8600 42: 6300   [mono-viol x2]
  P1  30: 7050 31: 6750 32: 6650 33: 6650 34: 6550 35: 5600 36: 4900 37: 5100 38: 5100 39: 5100 40: 4850 41: 3350 42: 1950   [mono-viol x1]
  P2  30: 6100 31: 5850 32: 5650 33: 5700 34: 5050 35: 4350 36: 3750 37: 3650 38: 3650 39: 3650 40: 2850 41: 1500 42:  600   [mono-viol x1]
  P3  30: 7100 31: 6950 32: 6850 33: 6800 34: 6600 35: 5900 36: 4900 37: 4600 38: 4600 39: 4550 40: 4100 41: 2900 42: 1300
  P4  30: 9550 31: 9350 32: 9450 33: 9500 34: 9400 35: 8900 36: 8250 37: 8050 38: 8050 39: 8050 40: 7550 41: 5900 42: 2150   [mono-viol x2]
  P5  30:10000 31: 9950 32: 9900 33: 9900 34: 9900 35: 9800 36: 9450 37: 9350 38: 9350 39: 9400 40: 9250 41: 8450 42: 5750   [mono-viol x1]
  P6  30: 8750 31: 8500 32: 8550 33: 8550 34: 8200 35: 7600 36: 7050 37: 6900 38: 6900 39: 6950 40: 6250 41: 4650 42: 1750   [mono-viol x2]
  DT  30: 9950 31: 9900 32:10000 33: 9950 34: 9800 35: 9200 36: 8500 37: 8450 38: 8450 39: 8500 40: 7500 41: 4500 42: 1400   [mono-viol x2]
  NT  30: 9700 31: 9750 32: 9650 33: 9650 34: 9600 35: 9600 36: 9000 37: 8750 38: 8750 39: 8750 40: 8700 41: 8200 42: 6050   [mono-viol x1]
  (163.175s)

hand 129: [00 10 31 40 43 44 61]
  P0  30: 9750 31: 9500 32: 9300 33: 9300 34: 9300 35: 9150 36: 8800 37: 8000 38: 8000 39: 7900 40: 7550 41: 6600 42: 3950
  P1  30: 9950 31: 9600 32: 9400 33: 9500 34: 9500 35: 9300 36: 8500 37: 7400 38: 7400 39: 7450 40: 7350 41: 6250 42: 3250   [mono-viol x2]
  P2  30: 4850 31: 4750 32: 4550 33: 4450 34: 3800 35: 3100 36: 2650 37: 2700 38: 2700 39: 2600 40: 1950 41: 1150 42:  300   [mono-viol x1]
  P3  30: 8500 31: 8350 32: 8350 33: 8400 34: 7850 35: 6750 36: 5900 37: 5900 38: 5900 39: 5750 40: 5150 41: 3100 42: 1000   [mono-viol x1]
  P4  30: 9750 31: 9600 32: 9500 33: 9500 34: 9200 35: 9000 36: 7750 37: 7600 38: 7600 39: 7350 40: 7200 41: 6200 42: 4000
  P5  30: 3800 31: 3050 32: 2600 33: 2600 34: 2550 35: 2550 36: 2450 37: 2350 38: 2350 39: 2300 40: 1800 41: 1100 42:  500
  P6  30: 6200 31: 5300 32: 5100 33: 5100 34: 4950 35: 4700 36: 4450 37: 4400 38: 4400 39: 4350 40: 3650 41: 1950 42:  800
  DT  30: 4750 31: 4050 32: 3850 33: 3800 34: 3600 35: 2950 36: 2600 37: 2500 38: 2500 39: 2400 40: 2050 41: 1100 42:  300
  NT  30: 8550 31: 7900 32: 7050 33: 7050 34: 7200 35: 7150 36: 6500 37: 6300 38: 6300 39: 6350 40: 6100 41: 5050 42: 3650   [mono-viol x2]
  (173.943s)

hand 130: [11 20 22 32 42 44 50]
  P0  30: 8950 31: 8600 32: 8500 33: 8450 34: 8250 35: 7250 36: 6100 37: 5700 38: 5700 39: 5650 40: 5350 41: 3950 42: 1300
  P1  30: 6100 31: 5650 32: 5400 33: 5550 34: 5700 35: 4850 36: 4250 37: 4100 38: 4100 39: 4000 40: 3700 41: 2950 42: 1850   [mono-viol x2]
  P2  30: 9900 31: 9900 32: 9850 33: 9850 34: 9800 35: 9850 36: 9400 37: 8850 38: 8850 39: 8850 40: 8850 41: 8950 42: 5700   [mono-viol x2]
  P3  30: 6900 31: 6350 32: 6450 33: 6400 34: 6000 35: 5400 36: 5250 37: 5050 38: 5050 39: 5000 40: 4450 41: 2850 42: 1200   [mono-viol x1]
  P4  30: 8400 31: 7450 32: 7300 33: 7300 34: 7200 35: 6800 36: 6300 37: 5200 38: 5200 39: 5150 40: 5350 41: 4350 42: 3200   [mono-viol x1]
  P5  30: 5200 31: 4050 32: 3400 33: 3350 34: 3300 35: 3250 36: 3200 37: 3150 38: 3150 39: 3200 40: 3000 41: 2150 42: 1250   [mono-viol x1]
  P6  30: 6500 31: 6100 32: 5900 33: 5900 34: 5850 35: 5250 36: 4500 37: 4400 38: 4400 39: 4450 40: 4050 41: 2800 42:  900   [mono-viol x1]
  DT  30: 6000 31: 5150 32: 4850 33: 4900 34: 4550 35: 4300 36: 3400 37: 2650 38: 2650 39: 2650 40: 2750 41: 2150 42:  850   [mono-viol x2]
  NT  30: 9250 31: 9200 32: 9000 33: 9000 34: 8950 35: 8850 36: 8500 37: 7950 38: 7950 39: 7950 40: 7750 41: 7550 42: 6250
  (165.930s)

hand 131: [11 20 31 32 42 55 61]
  P0  30: 4500 31: 4150 32: 4100 33: 4150 34: 3950 35: 2850 36: 2650 37: 2550 38: 2550 39: 2600 40: 2050 41: 1400 42:  650   [mono-viol x2]
  P1  30:10000 31:10000 32:10000 33:10000 34:10000 35: 9950 36: 9850 37: 9650 38: 9650 39: 9650 40: 9650 41: 9300 42: 7350
  P2  30: 9700 31: 9800 32: 9800 33: 9750 34: 9350 35: 9000 36: 8900 37: 8900 38: 8800 39: 8400 40: 6650 41: 4700 42: 2050   [mono-viol x1]
  P3  30: 8000 31: 8100 32: 7800 33: 7500 34: 7150 35: 7000 36: 6800 37: 6150 38: 6050 39: 5650 40: 4400 41: 2700 42: 1450   [mono-viol x1]
  P4  30: 5800 31: 5500 32: 5450 33: 5450 34: 5250 35: 4300 36: 4150 37: 3800 38: 3850 39: 3850 40: 3550 41: 2200 42: 1200   [mono-viol x1]
  P5  30: 7600 31: 7300 32: 7250 33: 6900 34: 6300 35: 5550 36: 5300 37: 5300 38: 5300 39: 5100 40: 3900 41: 3000 42: 1600
  P6  30: 6750 31: 6600 32: 6400 33: 6250 34: 6100 35: 5500 36: 4950 37: 4850 38: 4850 39: 4650 40: 4050 41: 2950 42: 1300
  DT  30: 7800 31: 8150 32: 8000 33: 7850 34: 6950 35: 6150 36: 5000 37: 4800 38: 4800 39: 4450 40: 3400 41: 1800 42:  550   [mono-viol x1]
  NT  30: 9100 31: 8650 32: 8300 33: 8350 34: 8250 35: 7850 36: 7100 37: 7250 38: 7250 39: 7350 40: 6800 41: 5800 42: 3750   [mono-viol x3]
  (112.818s)

hand 132: [10 20 21 31 32 41 65]
  P0  30: 5500 31: 5050 32: 4750 33: 4800 34: 4550 35: 3750 36: 3300 37: 2900 38: 2900 39: 2850 40: 2650 41: 1450 42:  550   [mono-viol x1]
  P1  30: 9050 31: 8950 32: 8850 33: 8850 34: 8300 35: 7650 36: 7000 37: 7050 38: 7050 39: 6750 40: 5850 41: 4250 42: 1850   [mono-viol x1]
  P2  30: 7750 31: 7250 32: 6950 33: 6800 34: 6450 35: 6150 36: 5900 37: 5800 38: 5800 39: 5450 40: 4450 41: 2800 42: 1050
  P3  30: 6750 31: 6400 32: 6200 33: 5900 34: 5350 35: 4650 36: 4100 37: 4000 38: 4000 39: 3550 40: 3200 41: 1700 42:  800
  P4  30: 4650 31: 3650 32: 3600 33: 3750 34: 3400 35: 3100 36: 2950 37: 2800 38: 2800 39: 2500 40: 2000 41: 1250 42:  700   [mono-viol x1]
  P5  30: 3600 31: 2800 32: 2500 33: 2500 34: 2250 35: 2200 36: 1900 37: 1800 38: 1800 39: 1550 40: 1450 41: 1150 42:  550
  P6  30: 5350 31: 5050 32: 4900 33: 4600 34: 4200 35: 3400 36: 2800 37: 2900 38: 2950 39: 2600 40: 2500 41: 1300 42:  500   [mono-viol x2]
  DT  30: 4150 31: 3700 32: 3550 33: 3550 34: 3400 35: 2750 36: 2600 37: 2700 38: 2650 39: 2300 40: 2100 41: 1200 42:  500   [mono-viol x1]
  NT  30: 5250 31: 4450 32: 4250 33: 4200 34: 4100 35: 3700 36: 3100 37: 3050 38: 3050 39: 2900 40: 2900 41: 2300 42: 1800
  (108.414s)

hand 133: [30 43 44 52 60 62 65]
  P0  30: 7450 31: 7150 32: 6350 33: 6350 34: 6100 35: 5550 36: 4800 37: 4650 38: 4650 39: 4450 40: 4000 41: 2900 42: 1550
  P1  30: 4300 31: 4250 32: 4150 33: 4050 34: 3950 35: 3300 36: 2900 37: 2650 38: 2650 39: 2550 40: 2400 41: 1800 42:  550
  P2  30: 8700 31: 8150 32: 8100 33: 8200 34: 8050 35: 7500 36: 7150 37: 6450 38: 6450 39: 6300 40: 6250 41: 4450 42: 1600   [mono-viol x1]
  P3  30: 7650 31: 7450 32: 7200 33: 7150 34: 6600 35: 6450 36: 5350 37: 4700 38: 4700 39: 4650 40: 4600 41: 3600 42: 1800
  P4  30: 8250 31: 7350 32: 7050 33: 7050 34: 6600 35: 6700 36: 5550 37: 5200 38: 5150 39: 5050 40: 4600 41: 4000 42: 2150   [mono-viol x1]
  P5  30: 6000 31: 5100 32: 3350 33: 3400 34: 3400 35: 3450 36: 3300 37: 3150 38: 3150 39: 3200 40: 3050 41: 2850 42: 1950   [mono-viol x3]
  P6  30: 9100 31: 8650 32: 8400 33: 8400 34: 8450 35: 8200 36: 7400 37: 6950 38: 6950 39: 6950 40: 6450 41: 5600 42: 2650   [mono-viol x1]
  DT  30: 5450 31: 4550 32: 4400 33: 4400 34: 4350 35: 3900 36: 3250 37: 3300 38: 3300 39: 3300 40: 2950 41: 2650 42: 1050   [mono-viol x1]
  NT  30: 8350 31: 8050 32: 7800 33: 7800 34: 7500 35: 7300 36: 6750 37: 6400 38: 6400 39: 6300 40: 6200 41: 5450 42: 3950
  (156.131s)

hand 134: [11 30 33 40 60 61 66]
  P0  30:10000 31:10000 32:10000 33:10000 34: 9950 35: 9950 36: 9550 37: 8100 38: 8100 39: 8200 40: 8150 41: 7200 42: 3000   [mono-viol x1]
  P1  30: 9900 31: 9750 32: 9750 33: 9750 34: 9700 35: 9400 36: 8900 37: 8500 38: 8500 39: 8500 40: 8400 41: 7150 42: 5200
  P2  30: 5750 31: 5150 32: 5100 33: 5150 34: 4600 35: 4150 36: 3600 37: 3600 38: 3600 39: 3550 40: 3150 41: 2000 42:  900   [mono-viol x1]
  P3  30: 9500 31: 9100 32: 9050 33: 9100 34: 9100 35: 8600 36: 7700 37: 7550 38: 7550 39: 7500 40: 6900 41: 5650 42: 2600   [mono-viol x1]
  P4  30: 6100 31: 5000 32: 4550 33: 4550 34: 4550 35: 4250 36: 3700 37: 3450 38: 3450 39: 3500 40: 3400 41: 2700 42: 1300   [mono-viol x1]
  P5  30: 5100 31: 4050 32: 3250 33: 3250 34: 3200 35: 3150 36: 3100 37: 3100 38: 3100 39: 3100 40: 2950 41: 2400 42: 1050
  P6  30:10000 31: 9750 32: 9750 33: 9750 34: 9700 35: 9600 36: 9200 37: 9150 38: 9150 39: 9100 40: 8900 41: 7800 42: 5400
  DT  30: 9050 31: 8500 32: 8250 33: 8300 34: 8200 35: 7550 36: 6600 37: 6550 38: 6550 39: 6550 40: 6050 41: 3900 42: 1750   [mono-viol x1]
  NT  30: 9600 31: 9050 32: 8750 33: 8700 34: 8700 35: 8600 36: 7850 37: 7550 38: 7550 39: 7550 40: 7500 41: 7000 42: 5700
  (190.621s)

hand 135: [11 21 32 40 54 63 65]
  P0  30: 4500 31: 4200 32: 3850 33: 3900 34: 3550 35: 3350 36: 2750 37: 2850 38: 2850 39: 2750 40: 2650 41: 2200 42: 1350   [mono-viol x2]
  P1  30: 6400 31: 6250 32: 6050 33: 6100 34: 5750 35: 4950 36: 4450 37: 3950 38: 3950 39: 3950 40: 3700 41: 3050 42: 1800   [mono-viol x1]
  P2  30: 5900 31: 5500 32: 5050 33: 5000 34: 4850 35: 4150 36: 3950 37: 4000 38: 4000 39: 4000 40: 3200 41: 2200 42: 1150   [mono-viol x1]
  P3  30: 7450 31: 7200 32: 7100 33: 7150 34: 7150 35: 6200 36: 5700 37: 5200 38: 5200 39: 5050 40: 4550 41: 3150 42: 1700   [mono-viol x1]
  P4  30: 5650 31: 4750 32: 4500 33: 4500 34: 4400 35: 4350 36: 3900 37: 3700 38: 3700 39: 3700 40: 3550 41: 3100 42: 1700
  P5  30: 6350 31: 4800 32: 2950 33: 2950 34: 3000 35: 2950 36: 2800 37: 2800 38: 2800 39: 2800 40: 2700 41: 2450 42: 1650   [mono-viol x1]
  P6  30: 7850 31: 6850 32: 6600 33: 6600 34: 6600 35: 5950 36: 5300 37: 5200 38: 5200 39: 5300 40: 5200 41: 4250 42: 2200   [mono-viol x1]
  DT  30: 5500 31: 4750 32: 4500 33: 4550 34: 4450 35: 4100 36: 3600 37: 3750 38: 3750 39: 3750 40: 3250 41: 2300 42: 1200   [mono-viol x2]
  NT  30: 8150 31: 8050 32: 7250 33: 7250 34: 7300 35: 7250 36: 6650 37: 6750 38: 6750 39: 6750 40: 6600 41: 5800 42: 4700   [mono-viol x2]
  (139.183s)

hand 136: [21 40 41 43 62 63 64]
  P0  30: 4300 31: 4200 32: 4050 33: 4000 34: 3600 35: 3150 36: 2350 37: 2350 38: 2350 39: 2300 40: 1650 41: 1150 42:  700
  P1  30: 7100 31: 7550 32: 7200 33: 7200 34: 6400 35: 5400 36: 5400 37: 5200 38: 5200 39: 4600 40: 3600 41: 1750 42:  650   [mono-viol x1]
  P2  30: 7400 31: 7000 32: 6900 33: 6850 34: 6800 35: 5550 36: 4600 37: 4350 38: 4350 39: 4450 40: 3650 41: 2450 42:  900   [mono-viol x1]
  P3  30: 7400 31: 6850 32: 6750 33: 6700 34: 6300 35: 5650 36: 4850 37: 4750 38: 4750 39: 4600 40: 4000 41: 2300 42:  950
  P4  30:10000 31:10000 32: 9950 33: 9950 34: 9950 35: 9700 36: 9550 37: 9500 38: 9500 39: 9450 40: 8300 41: 5450 42: 1600
  P5  30: 3450 31: 2900 32: 2500 33: 2450 34: 2350 35: 2000 36: 1900 37: 2000 38: 1950 39: 1950 40: 1500 41: 1000 42:  450   [mono-viol x1]
  P6  30: 9300 31: 9250 32: 9050 33: 8800 34: 7900 35: 7150 36: 6500 37: 6250 38: 6250 39: 6150 40: 5000 41: 3250 42: 1250
  DT  30: 4250 31: 4100 32: 3950 33: 3850 34: 3500 35: 2900 36: 2800 37: 2750 38: 2750 39: 2550 40: 1800 41:  900 42:  300
  NT  30: 6150 31: 6200 32: 6000 33: 6050 34: 5600 35: 4800 36: 4350 37: 4200 38: 4150 39: 4200 40: 3350 41: 2500 42: 1300   [mono-viol x3]
  (114.114s)

hand 137: [10 32 40 53 63 65 66]
  P0  30: 7000 31: 6000 32: 5950 33: 5850 34: 5550 35: 4900 36: 4700 37: 4000 38: 4000 39: 3850 40: 3500 41: 2750 42: 1300
  P1  30: 4350 31: 3850 32: 3850 33: 3800 34: 3500 35: 3000 36: 2500 37: 2650 38: 2600 39: 2400 40: 2250 41: 1950 42: 1050   [mono-viol x1]
  P2  30: 4550 31: 4200 32: 4200 33: 4100 34: 3950 35: 3750 36: 2900 37: 2600 38: 2600 39: 2600 40: 2550 41: 1850 42: 1000
  P3  30: 9850 31: 9750 32: 9550 33: 9550 34: 9600 35: 9450 36: 9200 37: 8750 38: 8750 39: 8750 40: 8550 41: 7250 42: 3000   [mono-viol x1]
  P4  30: 4800 31: 3600 32: 3700 33: 3700 34: 3700 35: 3500 36: 2850 37: 2650 38: 2650 39: 2650 40: 2350 41: 2050 42: 1100   [mono-viol x1]
  P5  30: 5850 31: 4650 32: 3150 33: 3150 34: 3150 35: 3150 36: 3050 37: 2650 38: 2650 39: 2650 40: 2600 41: 2600 42: 2000
  P6  30: 9750 31: 9650 32: 9400 33: 9400 34: 9450 35: 9500 36: 9150 37: 8650 38: 8650 39: 8650 40: 8700 41: 8200 42: 6450   [mono-viol x3]
  DT  30: 6350 31: 5050 32: 4700 33: 4650 34: 4500 35: 4100 36: 3600 37: 3000 38: 3000 39: 2950 40: 2900 41: 2400 42: 1750
  NT  30: 9250 31: 9000 32: 8700 33: 8700 34: 8750 35: 8550 36: 8250 37: 7650 38: 7650 39: 7650 40: 7600 41: 7200 42: 6500   [mono-viol x1]
  (151.176s)

hand 138: [21 30 40 41 44 50 51]
  P0  30: 9400 31: 9150 32: 9250 33: 9150 34: 8900 35: 8550 36: 7850 37: 7450 38: 7450 39: 7300 40: 6450 41: 4600 42: 1850   [mono-viol x1]
  P1  30: 9300 31: 9100 32: 9100 33: 9100 34: 8900 35: 8000 36: 7500 37: 7300 38: 7300 39: 7200 40: 6600 41: 4350 42: 2000
  P2  30: 5450 31: 4950 32: 4900 33: 4850 34: 4150 35: 3750 36: 3150 37: 3150 38: 3150 39: 3100 40: 2450 41: 1550 42:  450
  P3  30: 5500 31: 5200 32: 5150 33: 5100 34: 4600 35: 4050 36: 3450 37: 3550 38: 3550 39: 3550 40: 2950 41: 1600 42:  650   [mono-viol x1]
  P4  30: 7900 31: 7750 32: 7350 33: 7200 34: 6600 35: 5750 36: 4950 37: 4700 38: 4700 39: 4750 40: 4100 41: 3200 42: 1600   [mono-viol x1]
  P5  30: 5000 31: 4000 32: 3250 33: 3250 34: 3200 35: 3050 36: 3150 37: 2850 38: 2850 39: 2850 40: 2450 41: 2100 42: 1000   [mono-viol x1]
  P6  30: 4600 31: 4450 32: 4050 33: 4000 34: 3650 35: 3450 36: 2900 37: 2850 38: 2850 39: 2800 40: 2500 41: 1500 42:  650
  DT  30: 3600 31: 3300 32: 3150 33: 3100 34: 2900 35: 2500 36: 2150 37: 1900 38: 1900 39: 1750 40: 1550 41:  850 42:  350
  NT  30: 6050 31: 5600 32: 5250 33: 5250 34: 5200 35: 4650 36: 4150 37: 3950 38: 3950 39: 3950 40: 3700 41: 3200 42: 1850
  (110.044s)

hand 139: [30 32 33 52 63 65 66]
  P0  30: 5850 31: 5850 32: 5800 33: 5700 34: 4850 35: 3900 36: 3450 37: 3450 38: 3450 39: 3350 40: 3000 41: 2100 42: 1000
  P1  30: 5200 31: 4850 32: 4850 33: 4500 34: 4150 35: 3750 36: 3550 37: 3350 38: 3300 39: 3100 40: 2150 41: 1350 42:  600
  P2  30: 9250 31: 8850 32: 8650 33: 8650 34: 8550 35: 7950 36: 7500 37: 7200 38: 7200 39: 7050 40: 6400 41: 4850 42: 1950
  P3  30:10000 31:10000 32: 9850 33: 9850 34: 9850 35: 9850 36: 9750 37: 9650 38: 9650 39: 9650 40: 9650 41: 9150 42: 7900
  P4  30: 5250 31: 4600 32: 4300 33: 4300 34: 4250 35: 3950 36: 3400 37: 3200 38: 3200 39: 3200 40: 3000 41: 2350 42: 1050
  P5  30: 8050 31: 7100 32: 3300 33: 3300 34: 3300 35: 3300 36: 3300 37: 3300 38: 3300 39: 3300 40: 3300 41: 3200 42: 2800
  P6  30:10000 31:10000 32: 9950 33: 9950 34: 9950 35: 9950 36: 9850 37: 9700 38: 9700 39: 9700 40: 9700 41: 9350 42: 8200
  DT  30: 9200 31: 9050 32: 8950 33: 8950 34: 8900 35: 8300 36: 7450 37: 7050 38: 7000 39: 6850 40: 6350 41: 4550 42: 2100
  NT  30: 9900 31: 9750 32: 9150 33: 9150 34: 9150 35: 8850 36: 8700 37: 8350 38: 8350 39: 8350 40: 8100 41: 7850 42: 6800
  (230.881s)

hand 140: [10 30 31 32 42 43 63]
  P0  30: 4850 31: 4800 32: 4600 33: 4650 34: 4050 35: 3200 36: 2450 37: 1950 38: 1950 39: 1850 40: 1650 41: 1150 42:  450   [mono-viol x1]
  P1  30: 5350 31: 4700 32: 4900 33: 4850 34: 4850 35: 4050 36: 3150 37: 2750 38: 2750 39: 2600 40: 2350 41: 1450 42:  450   [mono-viol x1]
  P2  30: 5750 31: 5450 32: 5200 33: 4950 34: 4350 35: 4100 36: 3550 37: 3350 38: 3200 39: 3150 40: 2550 41: 1400 42:  450
  P3  30: 9800 31: 9800 32: 9850 33: 9800 34: 9750 35: 9200 36: 7900 37: 7800 38: 7750 39: 7500 40: 6850 41: 4800 42: 2900   [mono-viol x1]
  P4  30: 5050 31: 3900 32: 3600 33: 3600 34: 3600 35: 3150 36: 2600 37: 2350 38: 2350 39: 2250 40: 2200 41: 1600 42:  450
  P5  30: 2750 31: 2350 32: 2100 33: 2050 34: 1950 35: 1600 36: 1400 37: 1350 38: 1350 39: 1350 40: 1250 41:  950 42:  650
  P6  30: 4100 31: 3700 32: 3850 33: 3800 34: 3300 35: 2750 36: 1900 37: 1800 38: 1800 39: 1850 40: 1600 41: 1250 42:  300   [mono-viol x2]
  DT  30: 3450 31: 3300 32: 2950 33: 2950 34: 2650 35: 2250 36: 2000 37: 1900 38: 1850 39: 1600 40: 1450 41:  950 42:  350
  NT  30: 4200 31: 3650 32: 3450 33: 3400 34: 3400 35: 3050 36: 2550 37: 2450 38: 2450 39: 2500 40: 2550 41: 2200 42: 1600   [mono-viol x2]
  (117.675s)

hand 141: [32 41 44 50 52 55 63]
  P0  30: 4650 31: 4300 32: 4150 33: 4150 34: 4000 35: 3300 36: 2850 37: 2300 38: 2300 39: 2200 40: 2150 41: 2000 42:  950
  P1  30: 5400 31: 5050 32: 5050 33: 5050 34: 5050 35: 4150 36: 3350 37: 2750 38: 2750 39: 2750 40: 2700 41: 2100 42: 1100
  P2  30: 7500 31: 7200 32: 7150 33: 7250 34: 7000 35: 6450 36: 4900 37: 3950 38: 3950 39: 3950 40: 3700 41: 3350 42: 1450   [mono-viol x1]
  P3  30: 8750 31: 8650 32: 8650 33: 8550 34: 8750 35: 8050 36: 7150 37: 5900 38: 5900 39: 5950 40: 5850 41: 5100 42: 2300   [mono-viol x2]
  P4  30: 7000 31: 7000 32: 6600 33: 6550 34: 7100 35: 6950 36: 5750 37: 4800 38: 4800 39: 4750 40: 4800 41: 4400 42: 2700   [mono-viol x2]
  P5  30: 9700 31: 9700 32: 9550 33: 9600 34: 9400 35: 9200 36: 8050 37: 7250 38: 7250 39: 7250 40: 7350 41: 6600 42: 3650   [mono-viol x2]
  P6  30: 6100 31: 5600 32: 5450 33: 5450 34: 5400 35: 4950 36: 4000 37: 3100 38: 3100 39: 3150 40: 3300 41: 2900 42: 1250   [mono-viol x2]
  DT  30: 6750 31: 6300 32: 6050 33: 6050 34: 5800 35: 5150 36: 3300 37: 2850 38: 2850 39: 2650 40: 2500 41: 2100 42:  700
  NT  30: 8800 31: 8400 32: 8500 33: 8500 34: 8300 35: 8150 36: 6700 37: 6000 38: 6000 39: 6000 40: 6000 41: 5450 42: 4050   [mono-viol x1]
  (132.279s)

hand 142: [00 22 40 42 51 52 60]
  P0  30: 9950 31: 9600 32: 8850 33: 8850 34: 8850 35: 8800 36: 8500 37: 8050 38: 8050 39: 8100 40: 7850 41: 7700 42: 6100   [mono-viol x1]
  P1  30: 4200 31: 4150 32: 3800 33: 3900 34: 3300 35: 2700 36: 2600 37: 2350 38: 2350 39: 2350 40: 1900 41: 1500 42:  650   [mono-viol x1]
  P2  30: 9900 31: 9750 32: 9450 33: 9500 34: 9550 35: 9400 36: 8800 37: 7950 38: 8000 39: 7950 40: 8100 41: 7100 42: 4850   [mono-viol x4]
  P3  30: 4350 31: 4400 32: 4000 33: 3850 34: 3300 35: 2950 36: 2500 37: 2300 38: 2300 39: 2250 40: 1950 41: 1550 42:  550   [mono-viol x1]
  P4  30: 6250 31: 5450 32: 5300 33: 5350 34: 5000 35: 4700 36: 4200 37: 3550 38: 3550 39: 3500 40: 3550 41: 3050 42: 1200   [mono-viol x2]
  P5  30: 5200 31: 3600 32: 2550 33: 2550 34: 2500 35: 2450 36: 2200 37: 2150 38: 2150 39: 2150 40: 2100 41: 1750 42: 1000
  P6  30: 5400 31: 5150 32: 4700 33: 4700 34: 4550 35: 3900 36: 3700 37: 2850 38: 2850 39: 2900 40: 2650 41: 1700 42:  700   [mono-viol x1]
  DT  30: 4550 31: 3400 32: 3450 33: 3450 34: 3300 35: 2550 36: 2200 37: 2100 38: 2100 39: 2100 40: 1500 41:  750 42:  250   [mono-viol x1]
  NT  30: 7600 31: 6900 32: 6150 33: 6150 34: 6050 35: 5800 36: 5050 37: 4900 38: 4900 39: 5000 40: 4600 41: 3950 42: 2650   [mono-viol x1]
  (151.888s)

hand 143: [00 10 20 32 41 54 55]
  P0  30: 9150 31: 9100 32: 8950 33: 8900 34: 8850 35: 8350 36: 7250 37: 6550 38: 6550 39: 6500 40: 6400 41: 5950 42: 3500
  P1  30: 7750 31: 7450 32: 7350 33: 7400 34: 6950 35: 5950 36: 5400 37: 5550 38: 5550 39: 5200 40: 4500 41: 2750 42:  950   [mono-viol x2]
  P2  30: 8200 31: 8100 32: 8200 33: 8200 34: 7800 35: 6850 36: 6950 37: 6600 38: 6650 39: 6350 40: 5250 41: 3200 42: 1350   [mono-viol x3]
  P3  30: 7500 31: 7150 32: 7200 33: 6800 34: 6200 35: 5850 36: 5450 37: 4950 38: 4900 39: 4600 40: 3750 41: 2200 42: 1000   [mono-viol x1]
  P4  30: 6350 31: 5300 32: 5150 33: 5150 34: 5150 35: 4850 36: 4750 37: 4950 38: 4950 39: 4950 40: 4800 41: 3800 42: 1550   [mono-viol x1]
  P5  30: 9500 31: 9350 32: 9650 33: 9600 34: 9400 35: 8600 36: 7600 37: 7100 38: 7100 39: 7000 40: 7100 41: 5750 42: 3250   [mono-viol x2]
  P6  30: 7200 31: 6850 32: 6750 33: 6700 34: 6700 35: 5650 36: 5200 37: 5500 38: 5500 39: 5500 40: 4650 41: 2950 42:  850   [mono-viol x1]
  DT  30: 7950 31: 7850 32: 7800 33: 7650 34: 6900 35: 5750 36: 4750 37: 4700 38: 4700 39: 4650 40: 4100 41: 2900 42:  800
  NT  30: 9200 31: 8800 32: 8750 33: 8800 34: 8750 35: 8050 36: 7450 37: 7100 38: 7100 39: 7250 40: 6850 41: 6300 42: 4550   [mono-viol x2]
  (134.700s)

hand 144: [00 30 52 62 64 65 66]
  P0  30: 8850 31: 8550 32: 8300 33: 8250 34: 8000 35: 8100 36: 6900 37: 6450 38: 6450 39: 6350 40: 5800 41: 4850 42: 2500   [mono-viol x1]
  P1  30: 4850 31: 4750 32: 4700 33: 4450 34: 4200 35: 3000 36: 2950 37: 2800 38: 2850 39: 2650 40: 2350 41: 1450 42:  550   [mono-viol x1]
  P2  30: 9250 31: 8950 32: 8950 33: 8900 34: 8500 35: 8000 36: 7750 37: 7250 38: 7250 39: 7350 40: 6700 41: 5800 42: 2250   [mono-viol x1]
  P3  30: 6500 31: 6200 32: 6150 33: 6150 34: 5700 35: 5050 36: 4250 37: 4100 38: 4100 39: 4150 40: 3700 41: 2750 42: 1450   [mono-viol x1]
  P4  30: 7950 31: 7900 32: 7600 33: 7600 34: 7700 35: 7150 36: 6200 37: 6100 38: 6100 39: 6050 40: 5500 41: 4200 42: 1850   [mono-viol x1]
  P5  30: 7850 31: 6750 32: 3950 33: 3950 34: 3900 35: 3950 36: 3900 37: 3950 38: 3950 39: 3950 40: 3950 41: 3800 42: 3250   [mono-viol x2]
  P6  30:10000 31:10000 32:10000 33:10000 34:10000 35:10000 36:10000 37:10000 38:10000 39:10000 40:10000 41: 9800 42: 8850
  DT  30: 9600 31: 9400 32: 9200 33: 9250 34: 9050 35: 8750 36: 7400 37: 7200 38: 7200 39: 7050 40: 6550 41: 5450 42: 2700   [mono-viol x1]
  NT  30:10000 31: 9950 32: 9800 33: 9800 34: 9900 35: 9850 36: 9600 37: 9600 38: 9600 39: 9600 40: 9650 41: 9500 42: 8500   [mono-viol x2]
  (212.003s)

hand 145: [11 30 43 53 55 61 66]
  P0  30: 6650 31: 6250 32: 6350 33: 6350 34: 5700 35: 4650 36: 3700 37: 3700 38: 3700 39: 3700 40: 3400 41: 2700 42: 1200   [mono-viol x1]
  P1  30: 9850 31: 9800 32: 9700 33: 9700 34: 9750 35: 9500 36: 9100 37: 8750 38: 8750 39: 8750 40: 8400 41: 7650 42: 5450   [mono-viol x1]
  P2  30: 8000 31: 7650 32: 7700 33: 7650 34: 6800 35: 5750 36: 5300 37: 4950 38: 4950 39: 4850 40: 4100 41: 2550 42:  950   [mono-viol x1]
  P3  30:10000 31:10000 32:10000 33: 9950 34: 9950 35: 9950 36: 9350 37: 9000 38: 9000 39: 8900 40: 8500 41: 6900 42: 3400
  P4  30: 6850 31: 5650 32: 5400 33: 5400 34: 5350 35: 5250 36: 4900 37: 4400 38: 4400 39: 4650 40: 4350 41: 4000 42: 2000   [mono-viol x1]
  P5  30: 9900 31: 9900 32: 9900 33: 9900 34: 9800 35: 9700 36: 9350 37: 9300 38: 9300 39: 9300 40: 9000 41: 7650 42: 4350
  P6  30: 9550 31: 9550 32: 9450 33: 9450 34: 9300 35: 9200 36: 8950 37: 8600 38: 8600 39: 8750 40: 8100 41: 6450 42: 3850   [mono-viol x1]
  DT  30: 9950 31: 9850 32: 9800 33: 9750 34: 9800 35: 9700 36: 9150 37: 8650 38: 8650 39: 8550 40: 8500 41: 7350 42: 4150   [mono-viol x1]
  NT  30:10000 31: 9950 32: 9950 33: 9950 34: 9850 35: 9850 36: 9200 37: 9250 38: 9250 39: 9250 40: 8900 41: 8100 42: 6400   [mono-viol x1]
  (162.931s)

hand 146: [40 41 50 52 55 61 62]
  P0  30: 7000 31: 6550 32: 6550 33: 6650 34: 6100 35: 5100 36: 4500 37: 4300 38: 4300 39: 4000 40: 3650 41: 2200 42:  950   [mono-viol x1]
  P1  30: 7700 31: 7350 32: 7050 33: 7150 34: 6800 35: 6250 36: 5850 37: 5400 38: 5400 39: 5350 40: 5400 41: 3850 42: 1350   [mono-viol x2]
  P2  30: 8000 31: 7250 32: 7050 33: 7100 34: 6800 35: 5950 36: 5100 37: 4900 38: 4900 39: 4750 40: 4250 41: 3550 42: 1100   [mono-viol x1]
  P3  30: 5650 31: 5400 32: 5400 33: 5450 34: 4850 35: 3850 36: 3750 37: 3700 38: 3700 39: 3600 40: 3000 41: 1800 42: 1000   [mono-viol x1]
  P4  30: 6100 31: 5500 32: 5150 33: 5050 34: 5150 35: 5100 36: 4550 37: 4550 38: 4550 39: 4450 40: 3950 41: 2550 42:  900   [mono-viol x1]
  P5  30: 9100 31: 8900 32: 8850 33: 8750 34: 8300 35: 7700 36: 7100 37: 7250 38: 7200 39: 7100 40: 6300 41: 4300 42: 2000   [mono-viol x1]
  P6  30: 7300 31: 6650 32: 6450 33: 6450 34: 6450 35: 5900 36: 5450 37: 5000 38: 5000 39: 4900 40: 4550 41: 3350 42: 1100
  DT  30: 6800 31: 6650 32: 6400 33: 6450 34: 5850 35: 4800 36: 4050 37: 3950 38: 3950 39: 3900 40: 2950 41: 1800 42:  500   [mono-viol x1]
  NT  30: 7800 31: 7350 32: 6850 33: 6950 34: 6700 35: 5900 36: 5250 37: 4900 38: 4900 39: 4750 40: 4650 41: 3300 42: 2450   [mono-viol x1]
  (115.996s)

hand 147: [21 33 42 51 53 62 66]
  P0  30: 4600 31: 4200 32: 4150 33: 4050 34: 3850 35: 2750 36: 2500 37: 2400 38: 2400 39: 2400 40: 2050 41: 1450 42:  350
  P1  30: 7650 31: 7150 32: 6850 33: 6850 34: 6800 35: 6050 36: 5200 37: 4700 38: 4700 39: 4600 40: 4000 41: 2750 42: 1600
  P2  30: 9400 31: 9150 32: 8800 33: 8750 34: 8700 35: 8700 36: 7900 37: 7250 38: 7250 39: 7300 40: 7300 41: 6050 42: 2650   [mono-viol x1]
  P3  30: 9200 31: 9000 32: 8700 33: 8700 34: 8700 35: 8500 36: 7450 37: 7100 38: 7100 39: 7000 40: 6800 41: 5700 42: 3450
  P4  30: 5300 31: 4400 32: 4100 33: 4100 34: 4050 35: 4050 36: 3250 37: 3100 38: 3100 39: 3100 40: 2900 41: 2350 42: 1450
  P5  30: 6950 31: 4650 32: 3400 33: 3400 34: 3450 35: 3300 36: 3300 37: 3050 38: 3100 39: 3050 40: 2950 41: 2750 42: 1600   [mono-viol x2]
  P6  30: 8150 31: 7750 32: 7600 33: 7650 34: 7300 35: 7000 36: 5950 37: 5450 38: 5450 39: 5450 40: 5100 41: 4250 42: 2100   [mono-viol x1]
  DT  30: 7150 31: 6900 32: 6850 33: 6850 34: 6800 35: 5550 36: 4300 37: 3950 38: 3950 39: 3800 40: 3800 41: 2750 42: 1000
  NT  30: 8400 31: 7650 32: 7550 33: 7550 34: 7500 35: 7100 36: 6350 37: 6150 38: 6200 39: 6200 40: 6100 41: 5850 42: 4650   [mono-viol x1]
  (149.800s)

hand 148: [20 33 42 43 44 51 61]
  P0  30: 4500 31: 4200 32: 4200 33: 4000 34: 3850 35: 3200 36: 2950 37: 2700 38: 2700 39: 2650 40: 2500 41: 1850 42: 1000
  P1  30: 9300 31: 9100 32: 8850 33: 8850 34: 8750 35: 8200 36: 7550 37: 7000 38: 7000 39: 6950 40: 6550 41: 5300 42: 2150
  P2  30: 7750 31: 7500 32: 7400 33: 7350 34: 7250 35: 6600 36: 5750 37: 5600 38: 5600 39: 5600 40: 4850 41: 3300 42: 1350
  P3  30: 9050 31: 8650 32: 8550 33: 8500 34: 8600 35: 8050 36: 7700 37: 6900 38: 6900 39: 6800 40: 6150 41: 4700 42: 2600   [mono-viol x1]
  P4  30: 9200 31: 9050 32: 8650 33: 8650 34: 8350 35: 7950 36: 7400 37: 6850 38: 6850 39: 6850 40: 6650 41: 5550 42: 3750
  P5  30: 4650 31: 3600 32: 3050 33: 3000 34: 2900 35: 2950 36: 2750 37: 2500 38: 2500 39: 2600 40: 2500 41: 1800 42: 1000   [mono-viol x2]
  P6  30: 6150 31: 5700 32: 5350 33: 5350 34: 5300 35: 5100 36: 4350 37: 4100 38: 4100 39: 4050 40: 3600 41: 2600 42: 1350
  DT  30: 4400 31: 3500 32: 3200 33: 3200 34: 3500 35: 3150 36: 2050 37: 1650 38: 1650 39: 1750 40: 1600 41: 1150 42:  250   [mono-viol x2]
  NT  30: 8500 31: 8100 32: 7750 33: 7750 34: 7800 35: 7250 36: 7050 37: 6700 38: 6700 39: 6850 40: 6550 41: 5900 42: 4650   [mono-viol x2]
  (130.066s)

hand 149: [00 30 31 32 41 42 53]
  P0  30: 6250 31: 5600 32: 5550 33: 5500 34: 5250 35: 4600 36: 3850 37: 3900 38: 3900 39: 3650 40: 3100 41: 2050 42:  950   [mono-viol x1]
  P1  30: 6450 31: 6050 32: 5900 33: 5800 34: 5650 35: 5000 36: 4450 37: 4250 38: 4250 39: 4100 40: 3200 41: 1950 42:  450
  P2  30: 6250 31: 5700 32: 5450 33: 5250 34: 4950 35: 3950 36: 4100 37: 3850 38: 3850 39: 3700 40: 3250 41: 1950 42:  600   [mono-viol x1]
  P3  30: 9600 31: 9350 32: 9200 33: 9200 34: 9300 35: 8700 36: 7850 37: 7850 38: 7850 39: 7950 40: 7300 41: 5750 42: 2950   [mono-viol x2]
  P4  30: 5950 31: 4950 32: 4850 33: 4850 34: 4900 35: 4400 36: 4000 37: 3750 38: 3750 39: 3750 40: 3500 41: 2250 42:  700   [mono-viol x1]
  P5  30: 3450 31: 2850 32: 2350 33: 2350 34: 2200 35: 1950 36: 2300 37: 2200 38: 2200 39: 2200 40: 1900 41: 1300 42:  650   [mono-viol x1]
  P6  30: 4250 31: 3850 32: 3950 33: 3950 34: 3900 35: 3150 36: 2950 37: 3150 38: 3150 39: 3150 40: 2600 41: 1450 42:  600   [mono-viol x2]
  DT  30: 3250 31: 3250 32: 3250 33: 3200 34: 2550 35: 1900 36: 2100 37: 1900 38: 1900 39: 1900 40: 1450 41:  950 42:  200   [mono-viol x1]
  NT  30: 5900 31: 5400 32: 5200 33: 5200 34: 5150 35: 4900 36: 4000 37: 4250 38: 4250 39: 4300 40: 4050 41: 2950 42: 2100   [mono-viol x2]
  (121.148s)

hand 150: [21 32 40 51 54 55 62]
  P0  30: 4500 31: 4100 32: 4100 33: 4100 34: 3600 35: 3100 36: 2500 37: 2500 38: 2500 39: 2450 40: 2300 41: 1800 42:  750
  P1  30: 6100 31: 5900 32: 5650 33: 5550 34: 5000 35: 4400 36: 3400 37: 3700 38: 3700 39: 3700 40: 3050 41: 1850 42:  850   [mono-viol x1]
  P2  30: 9350 31: 9150 32: 9150 33: 9150 34: 8900 35: 8850 36: 8850 37: 8450 38: 8400 39: 8450 40: 8250 41: 6350 42: 2900   [mono-viol x1]
  P3  30: 4950 31: 5100 32: 4650 33: 4600 34: 4500 35: 3700 36: 3300 37: 3300 38: 3300 39: 3150 40: 2500 41: 1650 42:  600   [mono-viol x1]
  P4  30: 6050 31: 5150 32: 4950 33: 5000 34: 4850 35: 4750 36: 4300 37: 4250 38: 4250 39: 4200 40: 4000 41: 2950 42: 1300   [mono-viol x1]
  P5  30: 9500 31: 9300 32: 9100 33: 9100 34: 8550 35: 8050 36: 7800 37: 7450 38: 7400 39: 7250 40: 7000 41: 5650 42: 3700
  P6  30: 6300 31: 5850 32: 5800 33: 5850 34: 5600 35: 5200 36: 4700 37: 4500 38: 4500 39: 4350 40: 3950 41: 2450 42: 1250   [mono-viol x1]
  DT  30: 6450 31: 6250 32: 6050 33: 6050 34: 5550 35: 4650 36: 4300 37: 3900 38: 3900 39: 3750 40: 3150 41: 2400 42: 1100
  NT  30: 8250 31: 7750 32: 7600 33: 7550 34: 7400 35: 6850 36: 6250 37: 6250 38: 6300 39: 6100 40: 5700 41: 5050 42: 3550   [mono-viol x1]
  (111.575s)

hand 151: [11 22 41 50 52 60 66]
  P0  30: 9400 31: 8950 32: 8600 33: 8550 34: 8400 35: 8100 36: 7400 37: 6700 38: 6700 39: 6650 40: 6700 41: 5150 42: 2250   [mono-viol x1]
  P1  30: 9150 31: 8650 32: 8350 33: 8400 34: 8200 35: 7750 36: 7150 37: 6800 38: 6800 39: 6850 40: 6650 41: 4900 42: 2500   [mono-viol x2]
  P2  30: 9200 31: 8700 32: 8500 33: 8450 34: 8450 35: 8100 36: 7450 37: 6250 38: 6250 39: 6200 40: 6000 41: 5550 42: 3250
  P3  30: 5750 31: 5400 32: 5300 33: 5300 34: 5050 35: 4650 36: 4050 37: 3900 38: 3900 39: 3900 40: 3350 41: 2300 42:  700
  P4  30: 6050 31: 5300 32: 4800 33: 4800 34: 4800 35: 4650 36: 4200 37: 3450 38: 3450 39: 3450 40: 3250 41: 2450 42: 1150
  P5  30: 6400 31: 4850 32: 3200 33: 3200 34: 3200 35: 3150 36: 3100 37: 2900 38: 2900 39: 2900 40: 2900 41: 2550 42: 1900
  P6  30: 8200 31: 7950 32: 7750 33: 7750 34: 7700 35: 7350 36: 6750 37: 5950 38: 5950 39: 6000 40: 5500 41: 4600 42: 2450   [mono-viol x1]
  DT  30: 8350 31: 7950 32: 7850 33: 7750 34: 7700 35: 6800 36: 5900 37: 5050 38: 5100 39: 4850 40: 4550 41: 3050 42:  850   [mono-viol x1]
  NT  30: 8900 31: 8500 32: 7650 33: 7650 34: 7650 35: 7600 36: 6900 37: 6350 38: 6350 39: 6300 40: 6250 41: 6000 42: 4450
  (167.626s)

hand 152: [20 21 30 40 41 52 61]
  P0  30: 7200 31: 6850 32: 6600 33: 6550 34: 6750 35: 5450 36: 3800 37: 3050 38: 3050 39: 3000 40: 2800 41: 2100 42: 1000   [mono-viol x1]
  P1  30: 8600 31: 8250 32: 8250 33: 8150 34: 8000 35: 6800 36: 6200 37: 5950 38: 5950 39: 5800 40: 5100 41: 3500 42: 1650
  P2  30: 7450 31: 7150 32: 7350 33: 7450 34: 6800 35: 5950 36: 5100 37: 4550 38: 4550 39: 4300 40: 3600 41: 2750 42: 1200   [mono-viol x2]
  P3  30: 3050 31: 2650 32: 2600 33: 2550 34: 2400 35: 1950 36: 1850 37: 1800 38: 1850 39: 1600 40: 1500 41:  950 42:  450   [mono-viol x1]
  P4  30: 4200 31: 3450 32: 3250 33: 3100 34: 3050 35: 2450 36: 2000 37: 1700 38: 1650 39: 1550 40: 1700 41: 1200 42:  400   [mono-viol x1]
  P5  30: 2400 31: 1900 32: 1650 33: 1650 34: 1450 35: 1250 36: 1100 37: 1250 38: 1250 39: 1200 40: 1050 41:  750 42:  500   [mono-viol x1]
  P6  30: 3250 31: 3100 32: 3100 33: 3000 34: 2650 35: 2250 36: 1850 37: 1850 38: 1850 39: 1850 40: 1350 41: 1050 42:  650
  DT  30: 3550 31: 3050 32: 3050 33: 2950 34: 2600 35: 2150 36: 1750 37: 1550 38: 1500 39: 1350 40: 1100 41:  600 42:  200
  NT  30: 4250 31: 3950 32: 3550 33: 3550 34: 3050 35: 2650 36: 2750 37: 2500 38: 2500 39: 2350 40: 2450 41: 1900 42: 1000   [mono-viol x2]
  (86.097s)

hand 153: [22 41 42 44 51 54 66]
  P0  30: 5600 31: 5600 32: 5450 33: 5400 34: 4850 35: 3850 36: 3100 37: 3150 38: 3150 39: 2900 40: 2650 41: 1750 42:  700   [mono-viol x1]
  P1  30: 9200 31: 8850 32: 8650 33: 8650 34: 8400 35: 8100 36: 7850 37: 7600 38: 7600 39: 7650 40: 7000 41: 5450 42: 2200   [mono-viol x1]
  P2  30: 9200 31: 8850 32: 8750 33: 8750 34: 8700 35: 8250 36: 7550 37: 7300 38: 7300 39: 7200 40: 7150 41: 6350 42: 4150
  P3  30: 7050 31: 6500 32: 6450 33: 6400 34: 6300 35: 5650 36: 4750 37: 4750 38: 4750 39: 4650 40: 4000 41: 2800 42:  750
  P4  30:10000 31:10000 32: 9050 33: 9050 34: 9050 35: 9250 36: 9050 37: 9100 38: 9100 39: 9100 40: 8900 41: 8500 42: 7600   [mono-viol x2]
  P5  30: 7900 31: 6350 32: 3350 33: 3350 34: 3350 35: 3350 36: 3350 37: 3350 38: 3350 39: 3350 40: 3350 41: 3300 42: 2750
  P6  30: 8500 31: 7700 32: 7150 33: 7150 34: 7100 35: 7250 36: 6700 37: 6000 38: 6000 39: 5950 40: 5900 41: 5000 42: 2650   [mono-viol x1]
  DT  30: 9750 31: 8950 32: 8400 33: 8350 34: 8250 35: 8350 36: 6900 37: 5750 38: 5700 39: 5700 40: 6000 41: 5150 42: 2600   [mono-viol x2]
  NT  30: 9400 31: 8800 32: 7850 33: 7850 34: 7850 35: 7600 36: 7350 37: 7350 38: 7350 39: 7350 40: 7200 41: 6850 42: 6300
  (209.623s)

hand 154: [11 22 30 51 52 53 60]
  P0  30: 7950 31: 7100 32: 6500 33: 6500 34: 6400 35: 5500 36: 4650 37: 4200 38: 4200 39: 4200 40: 3950 41: 3000 42: 1300
  P1  30: 8100 31: 7550 32: 7100 33: 7150 34: 6900 35: 6300 36: 5800 37: 5450 38: 5450 39: 5400 40: 4750 41: 4200 42: 2350   [mono-viol x1]
  P2  30: 8050 31: 7600 32: 7100 33: 7050 34: 6950 35: 6650 36: 5950 37: 6050 38: 6100 39: 6050 40: 5850 41: 4350 42: 2350   [mono-viol x2]
  P3  30: 7150 31: 6400 32: 6150 33: 6250 34: 6100 35: 5300 36: 4700 37: 4050 38: 4050 39: 3900 40: 3700 41: 2600 42:  900   [mono-viol x1]
  P4  30: 4000 31: 3850 32: 3500 33: 3450 34: 3150 35: 2650 36: 2600 37: 2450 38: 2450 39: 2250 40: 1850 41: 1300 42:  600
  P5  30: 6500 31: 5350 32: 3600 33: 3600 34: 3600 35: 3600 36: 3450 37: 3450 38: 3450 39: 3450 40: 3500 41: 3100 42: 2050   [mono-viol x1]
  P6  30: 5300 31: 4750 32: 4700 33: 4700 34: 4550 35: 4350 36: 4000 37: 3450 38: 3450 39: 3450 40: 3250 41: 2300 42:  950
  DT  30: 4850 31: 4200 32: 4100 33: 4100 34: 3950 35: 3250 36: 2600 37: 2350 38: 2350 39: 2200 40: 1900 41: 1200 42:  250
  NT  30: 7400 31: 6650 32: 5900 33: 5900 34: 5800 35: 5750 36: 5150 37: 4800 38: 4800 39: 4800 40: 4900 41: 4450 42: 3000   [mono-viol x1]
  (142.293s)

hand 155: [10 11 33 40 54 64 66]
  P0  30: 7850 31: 7500 32: 7250 33: 7150 34: 6900 35: 6350 36: 5200 37: 4300 38: 4300 39: 4350 40: 4350 41: 3450 42: 1550   [mono-viol x1]
  P1  30: 8850 31: 8600 32: 8350 33: 8400 34: 8250 35: 7700 36: 6800 37: 6500 38: 6500 39: 6450 40: 6150 41: 5300 42: 3000   [mono-viol x1]
  P2  30: 6850 31: 6750 32: 6600 33: 6500 34: 6150 35: 5500 36: 4800 37: 4450 38: 4450 39: 4400 40: 3850 41: 2950 42: 1000
  P3  30: 7900 31: 7600 32: 7700 33: 7750 34: 7400 35: 6700 36: 5950 37: 5650 38: 5650 39: 5500 40: 5300 41: 4450 42: 2100   [mono-viol x2]
  P4  30:10000 31:10000 32:10000 33:10000 34:10000 35:10000 36: 9950 37: 9550 38: 9550 39: 9550 40: 9650 41: 9100 42: 3000   [mono-viol x1]
  P5  30: 6950 31: 5250 32: 3250 33: 3250 34: 3250 35: 3250 36: 3250 37: 3200 38: 3200 39: 3200 40: 3150 41: 2900 42: 2150
  P6  30: 9900 31: 9950 32: 9800 33: 9800 34: 9800 35: 9800 36: 9550 37: 9400 38: 9400 39: 9400 40: 9300 41: 8550 42: 5650   [mono-viol x1]
  DT  30: 9850 31: 9800 32: 9300 33: 9350 34: 9350 35: 9100 36: 8200 37: 6850 38: 6850 39: 6850 40: 6750 41: 5800 42: 3450   [mono-viol x1]
  NT  30: 9950 31: 9650 32: 9600 33: 9600 34: 9650 35: 9450 36: 9150 37: 8800 38: 8800 39: 8750 40: 8800 41: 8650 42: 7450   [mono-viol x2]
  (181.919s)

hand 156: [00 21 42 44 50 55 63]
  P0  30: 9750 31: 9550 32: 9550 33: 9550 34: 9500 35: 9350 36: 8700 37: 8000 38: 8000 39: 8050 40: 7800 41: 6200 42: 3900   [mono-viol x1]
  P1  30: 5450 31: 5400 32: 5100 33: 5000 34: 4900 35: 4050 36: 3250 37: 3300 38: 3300 39: 3350 40: 3050 41: 2300 42: 1200   [mono-viol x2]
  P2  30: 8050 31: 7700 32: 7800 33: 7900 34: 7400 35: 6700 36: 5750 37: 5300 38: 5300 39: 5350 40: 4750 41: 3550 42: 1850   [mono-viol x3]
  P3  30: 7700 31: 7550 32: 7650 33: 7650 34: 7600 35: 6500 36: 5950 37: 5850 38: 5850 39: 5700 40: 5250 41: 4000 42: 2250   [mono-viol x1]
  P4  30: 8600 31: 8700 32: 8450 33: 8450 34: 8250 35: 8050 36: 7200 37: 6700 38: 6700 39: 6650 40: 6250 41: 5700 42: 3050   [mono-viol x1]
  P5  30: 9400 31: 9450 32: 9450 33: 9450 34: 9400 35: 8800 36: 8200 37: 7900 38: 7900 39: 7950 40: 7500 41: 5800 42: 3150   [mono-viol x2]
  P6  30: 7400 31: 6850 32: 6550 33: 6550 34: 6600 35: 6300 36: 5700 37: 5500 38: 5500 39: 5550 40: 5350 41: 3750 42: 1600   [mono-viol x2]
  DT  30: 8700 31: 8350 32: 8250 33: 8250 34: 8100 35: 6850 36: 5450 37: 4550 38: 4550 39: 4450 40: 4550 41: 3250 42: 1100   [mono-viol x1]
  NT  30: 9900 31: 9550 32: 9500 33: 9500 34: 9500 35: 9300 36: 8850 37: 8100 38: 8100 39: 8000 40: 7750 41: 7150 42: 6100
  (152.469s)

hand 157: [11 20 31 43 54 61 62]
  P0  30: 3050 31: 2650 32: 2350 33: 2350 34: 2300 35: 1800 36: 1250 37: 1300 38: 1300 39: 1300 40: 1150 41:  800 42:  600   [mono-viol x1]
  P1  30: 9700 31: 9300 32: 9100 33: 9100 34: 9100 35: 8800 36: 8400 37: 8200 38: 8200 39: 8150 40: 7850 41: 7400 42: 5700
  P2  30: 6850 31: 6300 32: 6200 33: 6150 34: 5800 35: 5000 36: 4700 37: 4000 38: 3950 39: 3850 40: 3450 41: 2600 42: 1000
  P3  30: 6100 31: 5000 32: 5200 33: 5100 34: 4950 35: 4000 36: 3650 37: 3200 38: 3200 39: 3150 40: 3150 41: 1750 42:  800   [mono-viol x1]
  P4  30: 6100 31: 5700 32: 5200 33: 5200 34: 5300 35: 4600 36: 4150 37: 3750 38: 3750 39: 3750 40: 3700 41: 3250 42:  950   [mono-viol x1]
  P5  30: 3300 31: 2350 32: 2100 33: 2150 34: 1900 35: 1900 36: 1700 37: 1550 38: 1550 39: 1450 40: 1350 41: 1100 42: 1000   [mono-viol x1]
  P6  30: 6050 31: 5200 32: 5250 33: 5150 34: 4950 35: 4350 36: 4250 37: 3800 38: 3800 39: 3700 40: 3550 41: 2700 42: 1100   [mono-viol x1]
  DT  30: 3800 31: 3300 32: 3000 33: 3000 34: 3000 35: 2600 36: 2350 37: 2350 38: 2350 39: 2350 40: 2000 41: 1450 42:  600
  NT  30: 6150 31: 6150 32: 5250 33: 5250 34: 5250 35: 4950 36: 4550 37: 4250 38: 4250 39: 4200 40: 4250 41: 3550 42: 2250   [mono-viol x1]
  (115.856s)

hand 158: [00 32 40 41 53 55 63]
  P0  30: 7750 31: 6900 32: 6800 33: 6800 34: 6800 35: 6550 36: 5350 37: 4800 38: 4800 39: 4800 40: 4850 41: 4250 42: 2650   [mono-viol x1]
  P1  30: 4700 31: 4500 32: 4600 33: 4550 34: 3850 35: 3150 36: 3150 37: 3000 38: 3000 39: 2950 40: 2100 41: 1500 42:  850   [mono-viol x1]
  P2  30: 5550 31: 4800 32: 4650 33: 4550 34: 4600 35: 3750 36: 3550 37: 3500 38: 3500 39: 3350 40: 2550 41: 1550 42:  650   [mono-viol x1]
  P3  30: 9750 31: 9500 32: 9500 33: 9500 34: 9600 35: 9250 36: 9000 37: 9000 38: 9000 39: 8950 40: 8850 41: 7200 42: 2450   [mono-viol x1]
  P4  30: 6750 31: 5450 32: 5200 33: 5100 34: 5100 35: 4900 36: 4900 37: 4550 38: 4550 39: 4550 40: 4300 41: 3000 42: 1100
  P5  30: 8650 31: 8500 32: 8150 33: 8150 34: 8050 35: 7550 36: 6250 37: 5550 38: 5550 39: 5500 40: 5550 41: 4500 42: 2250   [mono-viol x1]
  P6  30: 6850 31: 6550 32: 6400 33: 6300 34: 6250 35: 5450 36: 4850 37: 4700 38: 4700 39: 4550 40: 4050 41: 2450 42:  900
  DT  30: 7300 31: 7000 32: 6900 33: 6950 34: 6250 35: 5150 36: 3700 37: 3400 38: 3400 39: 3500 40: 3250 41: 1950 42:  450   [mono-viol x2]
  NT  30: 8750 31: 8500 32: 8100 33: 8100 34: 8100 35: 7450 36: 6600 37: 6350 38: 6350 39: 6350 40: 6550 41: 5300 42: 3650   [mono-viol x1]
  (134.380s)

hand 159: [30 33 44 50 54 61 62]
  P0  30: 7350 31: 7000 32: 6950 33: 6900 34: 6650 35: 6000 36: 5050 37: 5000 38: 5000 39: 4850 40: 4250 41: 3000 42: 1200
  P1  30: 5550 31: 5500 32: 5200 33: 5100 34: 4900 35: 4050 36: 3850 37: 3700 38: 3700 39: 3600 40: 3250 41: 2550 42: 1300
  P2  30: 6100 31: 6000 32: 5700 33: 5750 34: 5400 35: 4850 36: 3900 37: 3700 38: 3700 39: 3700 40: 3600 41: 2250 42: 1200   [mono-viol x1]
  P3  30: 7850 31: 7500 32: 7300 33: 7350 34: 7500 35: 6550 36: 5800 37: 5550 38: 5550 39: 5400 40: 5200 41: 3800 42: 1600   [mono-viol x2]
  P4  30: 8750 31: 8550 32: 8100 33: 8150 34: 8100 35: 7650 36: 7250 37: 6900 38: 6900 39: 6800 40: 6750 41: 5250 42: 3450   [mono-viol x1]
  P5  30: 6150 31: 4650 32: 3600 33: 3600 34: 3650 35: 3550 36: 3450 37: 3200 38: 3200 39: 3250 40: 3300 41: 3000 42: 2300   [mono-viol x3]
  P6  30: 7550 31: 6400 32: 6000 33: 6000 34: 6100 35: 5950 36: 5450 37: 5450 38: 5450 39: 5400 40: 5250 41: 4250 42: 1550   [mono-viol x1]
  DT  30: 5900 31: 4800 32: 4800 33: 4800 34: 4650 35: 4100 36: 3600 37: 3250 38: 3250 39: 3250 40: 3050 41: 1900 42:  650
  NT  30: 8700 31: 7800 32: 7450 33: 7450 34: 7400 35: 7450 36: 7050 37: 6700 38: 6700 39: 6600 40: 6350 41: 5700 42: 4650   [mono-viol x1]
  (147.212s)

hand 160: [00 11 21 22 62 63 65]
  P0  30: 6200 31: 5650 32: 5150 33: 5150 34: 5200 35: 4900 36: 3950 37: 3350 38: 3350 39: 3300 40: 3300 41: 2650 42: 1550   [mono-viol x1]
  P1  30: 8800 31: 8250 32: 7700 33: 7650 34: 7600 35: 6900 36: 6100 37: 5700 38: 5700 39: 5600 40: 5150 41: 4200 42: 2200
  P2  30:10000 31:10000 32: 9850 33: 9850 34: 9850 35: 9900 36: 9850 37: 9750 38: 9750 39: 9750 40: 9700 41: 9450 42: 6350   [mono-viol x1]
  P3  30: 6950 31: 6650 32: 6550 33: 6550 34: 6300 35: 5350 36: 4750 37: 4550 38: 4550 39: 4650 40: 4150 41: 3050 42: 1300   [mono-viol x1]
  P4  30: 5200 31: 4850 32: 4600 33: 4650 34: 4450 35: 4050 36: 3400 37: 3100 38: 3050 39: 3050 40: 2900 41: 2000 42: 1100   [mono-viol x1]
  P5  30: 6500 31: 4900 32: 3100 33: 3100 34: 3100 35: 2950 36: 2800 37: 2700 38: 2700 39: 2650 40: 2550 41: 2200 42: 1400
  P6  30:10000 31: 9950 32: 9600 33: 9600 34: 9550 35: 9600 36: 9500 37: 9250 38: 9250 39: 9300 40: 9200 41: 9050 42: 3350   [mono-viol x2]
  DT  30: 8000 31: 5450 32: 5150 33: 5150 34: 5100 35: 5000 36: 4750 37: 4650 38: 4650 39: 4650 40: 4500 41: 3800 42: 1800
  NT  30: 9750 31: 9400 32: 8750 33: 8750 34: 8500 35: 8550 36: 8150 37: 7950 38: 7950 39: 7950 40: 7800 41: 7400 42: 5300   [mono-viol x1]
  (203.817s)

hand 161: [10 11 40 43 50 53 64]
  P0  30: 8700 31: 8150 32: 8050 33: 8100 34: 7950 35: 7800 36: 6700 37: 6750 38: 6700 39: 6550 40: 5900 41: 4050 42: 1000   [mono-viol x2]
  P1  30: 6400 31: 5900 32: 5850 33: 5950 34: 5600 35: 4950 36: 4500 37: 4400 38: 4400 39: 4200 40: 3800 41: 2600 42: 1600   [mono-viol x1]
  P2  30: 4850 31: 4700 32: 4800 33: 4750 34: 3900 35: 3750 36: 3450 37: 3300 38: 3300 39: 3150 40: 2450 41: 1300 42:  550   [mono-viol x1]
  P3  30: 7300 31: 6500 32: 6550 33: 6550 34: 6400 35: 5700 36: 5050 37: 4750 38: 4750 39: 4700 40: 4350 41: 3150 42: 1100   [mono-viol x1]
  P4  30: 9450 31: 8900 32: 8700 33: 8700 34: 8700 35: 8200 36: 7350 37: 6800 38: 6800 39: 6850 40: 6550 41: 5350 42: 2500   [mono-viol x1]
  P5  30: 5300 31: 3550 32: 2800 33: 2800 34: 2800 35: 2850 36: 2650 37: 2700 38: 2700 39: 2650 40: 2550 41: 1950 42: 1050   [mono-viol x2]
  P6  30: 7100 31: 6600 32: 6300 33: 6150 34: 5850 35: 5700 36: 4950 37: 4750 38: 4750 39: 4550 40: 3550 41: 2500 42: 1100
  DT  30: 4350 31: 3600 32: 3550 33: 3550 34: 3300 35: 2900 36: 2550 37: 2800 38: 2800 39: 2550 40: 2050 41: 1400 42:  600   [mono-viol x1]
  NT  30: 7500 31: 6700 32: 6300 33: 6350 34: 6400 35: 6000 36: 5150 37: 5550 38: 5550 39: 5500 40: 5550 41: 4300 42: 3100   [mono-viol x4]
  (147.373s)

hand 162: [20 32 42 43 50 62 64]
  P0  30: 7450 31: 7150 32: 7050 33: 6850 34: 6300 35: 5300 36: 5000 37: 4450 38: 4500 39: 4150 40: 3450 41: 1800 42:  650   [mono-viol x1]
  P1  30: 4700 31: 4400 32: 4300 33: 4100 34: 3450 35: 2850 36: 2650 37: 2600 38: 2600 39: 2450 40: 1700 41: 1000 42:  500
  P2  30: 8550 31: 7800 32: 7650 33: 7600 34: 7550 35: 7200 36: 5650 37: 5500 38: 5500 39: 5450 40: 5450 41: 4500 42: 1400
  P3  30: 6450 31: 6000 32: 5950 33: 5850 34: 5650 35: 5300 36: 4050 37: 4250 38: 4250 39: 4100 40: 3250 41: 1800 42:  700   [mono-viol x1]
  P4  30: 8850 31: 8750 32: 8450 33: 8450 34: 8150 35: 7550 36: 6000 37: 5400 38: 5350 39: 5250 40: 5450 41: 3600 42: 1500   [mono-viol x1]
  P5  30: 3750 31: 3300 32: 3150 33: 3150 34: 3050 35: 2600 36: 2400 37: 2500 38: 2500 39: 2300 40: 2000 41: 1250 42:  750   [mono-viol x1]
  P6  30: 7000 31: 6800 32: 7100 33: 7150 34: 6400 35: 5050 36: 4350 37: 3950 38: 3950 39: 3550 40: 2900 41: 1550 42:  650   [mono-viol x2]
  DT  30: 5050 31: 4700 32: 4600 33: 4500 34: 4100 35: 3600 36: 3200 37: 3300 38: 3350 39: 3100 40: 2650 41: 1250 42:  350   [mono-viol x2]
  NT  30: 6600 31: 6400 32: 6000 33: 5900 34: 5350 35: 4700 36: 4250 37: 4100 38: 4100 39: 3900 40: 3400 41: 2750 42: 1850
  (126.840s)

hand 163: [21 33 42 51 53 63 66]
  P0  30: 4900 31: 4650 32: 4850 33: 4800 34: 4500 35: 3400 36: 2850 37: 2650 38: 2650 39: 2600 40: 2100 41: 1450 42:  450   [mono-viol x1]
  P1  30: 8050 31: 7350 32: 7100 33: 7100 34: 7050 35: 6600 36: 5650 37: 5400 38: 5350 39: 5300 40: 4600 41: 3100 42: 1350
  P2  30: 7850 31: 7550 32: 7450 33: 7450 34: 7100 35: 6400 36: 5550 37: 5150 38: 5150 39: 5250 40: 4800 41: 3300 42: 1150   [mono-viol x1]
  P3  30:10000 31:10000 32: 9850 33: 9850 34: 9900 35: 9950 36: 9700 37: 9700 38: 9700 39: 9700 40: 9650 41: 9300 42: 8350   [mono-viol x2]
  P4  30: 5450 31: 4950 32: 4400 33: 4400 34: 4400 35: 4400 36: 3750 37: 3300 38: 3300 39: 3250 40: 3350 41: 2500 42: 1100   [mono-viol x1]
  P5  30: 5950 31: 4150 32: 3200 33: 3150 34: 3200 35: 3300 36: 3100 37: 3100 38: 3100 39: 3050 40: 3050 41: 2750 42: 1850   [mono-viol x2]
  P6  30: 8100 31: 8050 32: 7600 33: 7550 34: 7350 35: 6900 36: 6300 37: 5350 38: 5350 39: 5250 40: 5200 41: 4250 42: 2450
  DT  30: 7150 31: 6650 32: 6200 33: 6250 34: 6000 35: 5550 36: 4200 37: 3900 38: 3900 39: 3850 40: 3350 41: 2600 42:  950   [mono-viol x1]
  NT  30: 8250 31: 7650 32: 7100 33: 7100 34: 7100 35: 6750 36: 6650 37: 6200 38: 6200 39: 6200 40: 5950 41: 5500 42: 4300
  (160.882s)

hand 164: [00 32 41 44 51 52 60]
  P0  30: 8650 31: 7900 32: 7750 33: 7750 34: 7700 35: 7350 36: 6300 37: 5200 38: 5200 39: 5150 40: 5250 41: 4850 42: 3300   [mono-viol x1]
  P1  30: 6850 31: 6200 32: 5950 33: 5800 34: 5650 35: 4900 36: 4050 37: 3700 38: 3700 39: 3600 40: 3350 41: 2100 42:  750
  P2  30: 8050 31: 7600 32: 7300 33: 7250 34: 7000 35: 6000 36: 5450 37: 5050 38: 5050 39: 4850 40: 4250 41: 2950 42: 1050
  P3  30: 5250 31: 4550 32: 4650 33: 4700 34: 4350 35: 3650 36: 2850 37: 2600 38: 2600 39: 2600 40: 2400 41: 1650 42:  700   [mono-viol x2]
  P4  30: 6650 31: 6550 32: 6450 33: 6500 34: 5900 35: 4950 36: 4300 37: 3900 38: 3900 39: 3700 40: 3700 41: 2700 42: 1000   [mono-viol x1]
  P5  30: 4300 31: 3200 32: 2650 33: 2650 34: 2700 35: 2550 36: 1950 37: 2100 38: 2100 39: 2100 40: 2050 41: 1700 42:  850   [mono-viol x2]
  P6  30: 5150 31: 4500 32: 4350 33: 4350 34: 4300 35: 3950 36: 2800 37: 2700 38: 2700 39: 2750 40: 2700 41: 1900 42:  800   [mono-viol x1]
  DT  30: 3500 31: 3000 32: 2850 33: 2850 34: 2500 35: 1950 36: 1550 37: 1100 38: 1100 39: 1000 40: 1050 41:  500 42:  250   [mono-viol x1]
  NT  30: 7200 31: 6700 32: 6100 33: 6100 34: 6200 35: 5700 36: 5000 37: 4200 38: 4200 39: 4200 40: 4250 41: 3850 42: 2400   [mono-viol x2]
  (130.976s)

hand 165: [00 10 20 22 43 44 62]
  P0  30: 9900 31: 9850 32: 9750 33: 9800 34: 9750 35: 9150 36: 8650 37: 8100 38: 8100 39: 8100 40: 7700 41: 6850 42: 3650   [mono-viol x1]
  P1  30: 4800 31: 4600 32: 4300 33: 4400 34: 4150 35: 3400 36: 2650 37: 2500 38: 2500 39: 2350 40: 2300 41: 1750 42:  650   [mono-viol x1]
  P2  30:10000 31:10000 32:10000 33:10000 34:10000 35:10000 36:10000 37: 9850 38: 9850 39: 9850 40: 9900 41: 9550 42: 7950   [mono-viol x1]
  P3  30: 6700 31: 6400 32: 6250 33: 6350 34: 5800 35: 5100 36: 4250 37: 3900 38: 3850 39: 3950 40: 3400 41: 2400 42: 1250   [mono-viol x2]
  P4  30: 9400 31: 9250 32: 8800 33: 8800 34: 8700 35: 8200 36: 7750 37: 7050 38: 7050 39: 7050 40: 6650 41: 5850 42: 3650
  P5  30: 3550 31: 2800 32: 2650 33: 2650 34: 2650 35: 2400 36: 2300 37: 2250 38: 2250 39: 2250 40: 2100 41: 1600 42:  800
  P6  30: 6750 31: 5750 32: 5650 33: 5650 34: 5650 35: 5300 36: 5000 37: 4750 38: 4750 39: 4750 40: 4450 41: 3300 42: 1950
  DT  30: 6400 31: 4750 32: 4250 33: 4250 34: 4400 35: 4050 36: 3500 37: 3500 38: 3500 39: 3450 40: 3450 41: 2600 42: 1150   [mono-viol x1]
  NT  30: 9550 31: 8950 32: 8550 33: 8550 34: 8450 35: 8550 36: 8650 37: 8100 38: 8100 39: 8100 40: 7950 41: 7950 42: 6150   [mono-viol x2]
  (221.476s)

hand 166: [10 11 30 33 53 62 63]
  P0  30: 6650 31: 5950 32: 5550 33: 5550 34: 5200 35: 4500 36: 3300 37: 3200 38: 3200 39: 3200 40: 3050 41: 2400 42:  800
  P1  30: 7500 31: 7100 32: 6900 33: 6950 34: 6750 35: 6050 36: 5050 37: 4700 38: 4700 39: 4900 40: 4600 41: 3850 42: 1900   [mono-viol x2]
  P2  30: 5200 31: 4600 32: 4300 33: 4350 34: 4200 35: 3550 36: 3200 37: 2850 38: 2850 39: 2850 40: 2550 41: 2200 42: 1000   [mono-viol x1]
  P3  30:10000 31:10000 32:10000 33:10000 34:10000 35:10000 36:10000 37:10000 38:10000 39:10000 40:10000 41:10000 42: 9100
  P4  30: 4350 31: 3600 32: 3500 33: 3500 34: 3450 35: 2900 36: 2350 37: 2050 38: 2050 39: 2050 40: 1950 41: 1400 42:  650
  P5  30: 5300 31: 3800 32: 3150 33: 3150 34: 3050 35: 2900 36: 2600 37: 2550 38: 2550 39: 2500 40: 2450 41: 2100 42: 1100
  P6  30: 7350 31: 5850 32: 5650 33: 5650 34: 5550 35: 5500 36: 5150 37: 4950 38: 4950 39: 5050 40: 4750 41: 3900 42: 1000   [mono-viol x1]
  DT  30: 4800 31: 4500 32: 4300 33: 4300 34: 4100 35: 3650 36: 3000 37: 2550 38: 2550 39: 2650 40: 2250 41: 1450 42:  400   [mono-viol x1]
  NT  30: 8550 31: 8200 32: 7400 33: 7400 34: 7600 35: 7050 36: 6800 37: 6400 38: 6400 39: 6400 40: 6300 41: 6050 42: 3850   [mono-viol x1]
  (213.347s)

hand 167: [10 21 44 53 61 65 66]
  P0  30: 4650 31: 4800 32: 4800 33: 4800 34: 4300 35: 3500 36: 3100 37: 2700 38: 2700 39: 2650 40: 2400 41: 1550 42: 1050   [mono-viol x1]
  P1  30: 9950 31: 9650 32: 9500 33: 9500 34: 9550 35: 9200 36: 8600 37: 7700 38: 7700 39: 7750 40: 7500 41: 6550 42: 2850   [mono-viol x2]
  P2  30: 6350 31: 6400 32: 6050 33: 5950 34: 6000 35: 4850 36: 4200 37: 3700 38: 3700 39: 3750 40: 3000 41: 2300 42:  800   [mono-viol x3]
  P3  30: 7350 31: 7200 32: 7150 33: 7050 34: 6950 35: 5950 36: 5050 37: 5050 38: 5050 39: 5100 40: 4600 41: 3500 42: 1750   [mono-viol x1]
  P4  30: 6650 31: 6000 32: 5250 33: 5250 34: 5250 35: 5150 36: 4650 37: 4100 38: 4100 39: 4150 40: 4000 41: 3500 42: 2350   [mono-viol x1]
  P5  30: 7750 31: 6250 32: 3350 33: 3350 34: 3350 35: 3350 36: 3300 37: 3350 38: 3350 39: 3350 40: 3350 41: 3100 42: 2600   [mono-viol x1]
  P6  30: 9950 31: 9900 32: 9900 33: 9850 34: 9950 35: 9650 36: 9400 37: 9400 38: 9400 39: 9400 40: 9250 41: 8800 42: 7200   [mono-viol x1]
  DT  30: 9000 31: 8500 32: 8450 33: 8450 34: 8300 35: 7900 36: 6900 37: 6300 38: 6300 39: 6200 40: 5850 41: 4800 42: 2450
  NT  30: 9750 31: 9650 32: 9500 33: 9500 34: 9500 35: 9400 36: 9150 37: 8850 38: 8850 39: 8850 40: 8750 41: 8600 42: 8100
  (171.830s)

hand 168: [11 21 32 41 44 52 65]
  P0  30: 4500 31: 4200 32: 4150 33: 3900 34: 3700 35: 3300 36: 2750 37: 2700 38: 2700 39: 2500 40: 1900 41: 1100 42:  250
  P1  30: 9700 31: 9500 32: 9250 33: 9250 34: 9150 35: 8950 36: 7950 37: 7700 38: 7700 39: 7550 40: 7450 41: 6600 42: 3900
  P2  30: 9800 31: 9700 32: 9750 33: 9700 34: 9600 35: 9300 36: 8650 37: 8600 38: 8600 39: 8650 40: 7700 41: 5500 42: 2650   [mono-viol x2]
  P3  30: 5900 31: 5400 32: 5250 33: 5100 34: 4950 35: 4950 36: 4150 37: 3750 38: 3750 39: 3600 40: 3150 41: 2250 42: 1000
  P4  30: 8100 31: 7800 32: 7550 33: 7650 34: 7300 35: 7050 36: 6300 37: 5550 38: 5550 39: 5550 40: 5600 41: 5050 42: 3150   [mono-viol x2]
  P5  30: 6350 31: 5200 32: 2900 33: 2900 34: 2900 35: 2800 36: 2500 37: 2400 38: 2400 39: 2400 40: 2450 41: 2250 42: 1600   [mono-viol x1]
  P6  30: 6750 31: 6250 32: 6100 33: 6100 34: 6250 35: 5700 36: 5050 37: 4050 38: 4050 39: 4050 40: 3950 41: 3400 42: 1600   [mono-viol x1]
  DT  30: 4900 31: 4200 32: 4150 33: 4150 34: 4200 35: 3750 36: 2800 37: 2650 38: 2650 39: 2550 40: 2500 41: 1700 42:  900   [mono-viol x1]
  NT  30: 8850 31: 8700 32: 8300 33: 8300 34: 8350 35: 8000 36: 7350 37: 7200 38: 7200 39: 7200 40: 7050 41: 6800 42: 6100   [mono-viol x1]
  (158.017s)

hand 169: [21 50 51 53 55 61 64]
  P0  30: 4850 31: 4700 32: 4800 33: 4800 34: 4450 35: 3600 36: 2850 37: 2750 38: 2800 39: 2500 40: 2350 41: 1400 42:  950   [mono-viol x2]
  P1  30: 8650 31: 8250 32: 8000 33: 8050 34: 8250 35: 8250 36: 6600 37: 5750 38: 5750 39: 5700 40: 5750 41: 5350 42: 2550   [mono-viol x3]
  P2  30: 4600 31: 4550 32: 4300 33: 4450 34: 4550 35: 3250 36: 3200 37: 2700 38: 2700 39: 2750 40: 2200 41: 1500 42:  600   [mono-viol x3]
  P3  30: 6250 31: 5900 32: 5850 33: 5850 34: 5400 35: 3950 36: 3800 37: 3800 38: 3800 39: 3750 40: 3250 41: 2350 42: 1250
  P4  30: 6550 31: 6750 32: 6600 33: 6650 34: 6500 35: 5600 36: 4700 37: 4500 38: 4450 39: 4300 40: 4000 41: 2600 42: 1100   [mono-viol x2]
  P5  30: 9950 31: 9950 32: 9950 33: 9950 34: 9950 35: 9900 36: 9550 37: 9450 38: 9450 39: 9400 40: 8800 41: 7300 42: 3550
  P6  30: 9050 31: 9300 32: 8900 33: 8900 34: 8600 35: 8150 36: 8000 37: 7850 38: 7850 39: 7550 40: 6800 41: 4850 42: 1800   [mono-viol x1]
  DT  30: 8200 31: 7450 32: 7450 33: 7450 34: 6700 35: 5700 36: 5050 37: 5100 38: 5100 39: 5050 40: 3500 41: 2550 42: 1150   [mono-viol x1]
  NT  30: 8850 31: 8500 32: 8450 33: 8400 34: 8100 35: 7550 36: 7400 37: 6750 38: 6750 39: 6700 40: 6400 41: 5300 42: 3400
  (117.515s)

hand 170: [11 40 43 54 62 65 66]
  P0  30: 5650 31: 5050 32: 4550 33: 4500 34: 4450 35: 3550 36: 3150 37: 3150 38: 3150 39: 3150 40: 3200 41: 2150 42: 1000   [mono-viol x1]
  P1  30: 6450 31: 5950 32: 5650 33: 5650 34: 5650 35: 5000 36: 4000 37: 4050 38: 4050 39: 4050 40: 3650 41: 3000 42: 1550   [mono-viol x1]
  P2  30: 6600 31: 6200 32: 5900 33: 5850 34: 5950 35: 5600 36: 4750 37: 4350 38: 4350 39: 4350 40: 4350 41: 3350 42: 2000   [mono-viol x1]
  P3  30: 6750 31: 6200 32: 6150 33: 6200 34: 6100 35: 5250 36: 4750 37: 4250 38: 4250 39: 4250 40: 4250 41: 3250 42: 1650   [mono-viol x1]
  P4  30: 8250 31: 6450 32: 4950 33: 4900 34: 4900 35: 4850 36: 4900 37: 4350 38: 4350 39: 4350 40: 4400 41: 4450 42: 2800   [mono-viol x3]
  P5  30: 7200 31: 5700 32: 3050 33: 3050 34: 3050 35: 3050 36: 3100 37: 2950 38: 2950 39: 2950 40: 2900 41: 2850 42: 2650   [mono-viol x1]
  P6  30: 9950 31: 9900 32: 9850 33: 9850 34: 9850 35: 9800 36: 9750 37: 9550 38: 9550 39: 9550 40: 9350 41: 9300 42: 7500
  DT  30: 8950 31: 8400 32: 7850 33: 7800 34: 7600 35: 7350 36: 6300 37: 6100 38: 6100 39: 6050 40: 5650 41: 4550 42: 2650
  NT  30: 9800 31: 9750 32: 9300 33: 9300 34: 9200 35: 9100 36: 8800 37: 7950 38: 7950 39: 7950 40: 8100 41: 7750 42: 6400   [mono-viol x1]
  (201.416s)

hand 171: [00 21 31 32 53 55 61]
  P0  30: 7100 31: 6650 32: 6300 33: 6250 34: 5950 35: 5050 36: 4200 37: 4000 38: 3950 39: 3850 40: 3650 41: 2500 42: 1200
  P1  30: 9650 31: 9400 32: 9300 33: 9300 34: 9250 35: 8800 36: 7350 37: 5900 38: 5900 39: 5850 40: 6100 41: 5600 42: 2850   [mono-viol x1]
  P2  30: 8500 31: 8400 32: 8000 33: 8050 34: 7650 35: 7600 36: 7050 37: 6850 38: 6700 39: 6450 40: 5250 41: 3100 42: 1150   [mono-viol x1]
  P3  30: 9900 31: 9750 32: 9750 33: 9750 34: 9650 35: 9500 36: 9200 37: 9150 38: 9150 39: 9050 40: 7750 41: 5150 42: 2100
  P4  30: 4850 31: 4600 32: 4350 33: 4350 34: 4100 35: 3850 36: 3650 37: 3550 38: 3500 39: 3500 40: 2750 41: 1750 42:  650
  P5  30: 9550 31: 9400 32: 9350 33: 9350 34: 9350 35: 8300 36: 8000 37: 7750 38: 7750 39: 7700 40: 7150 41: 5500 42: 2650
  P6  30: 7200 31: 6450 32: 6450 33: 6450 34: 6150 35: 6000 36: 5600 37: 5400 38: 5450 39: 5300 40: 4200 41: 2550 42: 1200   [mono-viol x1]
  DT  30: 8250 31: 8450 32: 8500 33: 8350 34: 7950 35: 6300 36: 5450 37: 5400 38: 5400 39: 5000 40: 3850 41: 2250 42:  500   [mono-viol x2]
  NT  30: 9450 31: 9150 32: 8900 33: 8900 34: 8750 35: 8450 36: 7700 37: 7500 38: 7500 39: 7350 40: 7050 41: 6100 42: 4400
  (144.593s)

hand 172: [21 31 44 55 61 62 65]
  P0  30: 6750 31: 6650 32: 6500 33: 6400 34: 5400 35: 4200 36: 3850 37: 3550 38: 3550 39: 3300 40: 2900 41: 1800 42:  500
  P1  30: 9800 31: 9450 32: 9450 33: 9450 34: 9350 35: 9200 36: 8250 37: 7950 38: 7950 39: 7900 40: 7650 41: 5900 42: 2250
  P2  30: 9000 31: 9000 32: 8800 33: 8750 34: 8650 35: 8300 36: 7450 37: 6950 38: 6950 39: 7000 40: 6250 41: 4500 42: 1850   [mono-viol x1]
  P3  30: 7650 31: 7900 32: 7600 33: 7500 34: 7050 35: 6150 36: 5350 37: 4800 38: 4800 39: 4850 40: 4000 41: 2500 42: 1000   [mono-viol x2]
  P4  30: 7150 31: 6600 32: 6200 33: 6100 34: 5950 35: 5300 36: 4450 37: 4550 38: 4550 39: 4450 40: 3900 41: 3100 42: 2050   [mono-viol x1]
  P5  30: 9800 31: 9650 32: 9650 33: 9600 34: 9450 35: 9150 36: 8550 37: 8350 38: 8350 39: 8300 40: 7800 41: 6250 42: 3600
  P6  30: 9750 31: 9500 32: 9250 33: 9200 34: 9200 35: 9050 36: 8600 37: 8500 38: 8500 39: 8400 40: 8000 41: 6800 42: 3050
  DT  30: 9500 31: 8950 32: 8900 33: 8900 34: 8650 35: 7850 36: 6850 37: 6300 38: 6300 39: 6300 40: 5900 41: 4100 42: 1450
  NT  30: 9850 31: 9550 32: 9500 33: 9450 34: 9200 35: 9150 36: 8350 37: 8200 38: 8200 39: 8150 40: 7700 41: 6750 42: 5150
  (134.774s)

hand 173: [20 21 22 31 32 60 64]
  P0  30: 7000 31: 6450 32: 6050 33: 6050 34: 6000 35: 5300 36: 4550 37: 4000 38: 4000 39: 4100 40: 3750 41: 2750 42: 1350   [mono-viol x1]
  P1  30: 5650 31: 4850 32: 4700 33: 4550 34: 4500 35: 3750 36: 3150 37: 2700 38: 2700 39: 2700 40: 2700 41: 1550 42:  700
  P2  30: 9850 31: 9500 32: 9450 33: 9450 34: 9350 35: 9400 36: 9050 37: 8900 38: 8900 39: 8900 40: 8300 41: 6350 42: 3350   [mono-viol x1]
  P3  30: 7150 31: 6900 32: 6850 33: 6900 34: 6600 35: 5650 36: 4950 37: 4550 38: 4550 39: 4450 40: 4200 41: 2350 42:  800   [mono-viol x1]
  P4  30: 6550 31: 5700 32: 5850 33: 5800 34: 5350 35: 4900 36: 4450 37: 4400 38: 4400 39: 4350 40: 3350 41: 1950 42:  900   [mono-viol x1]
  P5  30: 3750 31: 3050 32: 2350 33: 2350 34: 2300 35: 2200 36: 1950 37: 2000 38: 2000 39: 2000 40: 1800 41: 1350 42:  550   [mono-viol x1]
  P6  30: 9100 31: 8750 32: 8500 33: 8500 34: 8400 35: 7500 36: 6950 37: 6450 38: 6450 39: 6500 40: 6150 41: 4300 42: 1900   [mono-viol x1]
  DT  30: 4350 31: 3800 32: 3750 33: 3700 34: 3650 35: 2750 36: 2400 37: 2500 38: 2450 39: 2350 40: 1950 41: 1450 42:  400   [mono-viol x1]
  NT  30: 7350 31: 6900 32: 6300 33: 6300 34: 6100 35: 5650 36: 5700 37: 5300 38: 5300 39: 5300 40: 5250 41: 4150 42: 2900   [mono-viol x1]
  (126.112s)

hand 174: [31 42 44 54 55 60 64]
  P0  30: 5550 31: 4950 32: 4950 33: 4850 34: 4700 35: 3950 36: 3000 37: 3100 38: 3050 39: 3100 40: 2950 41: 2400 42: 1100   [mono-viol x2]
  P1  30: 6400 31: 6100 32: 6150 33: 6000 34: 5600 35: 4750 36: 4300 37: 4150 38: 4150 39: 4050 40: 3450 41: 2150 42:  750   [mono-viol x1]
  P2  30: 7800 31: 7750 32: 7900 33: 7900 34: 7350 35: 6350 36: 5650 37: 5600 38: 5600 39: 5750 40: 4650 41: 3650 42: 1350   [mono-viol x2]
  P3  30: 8450 31: 8150 32: 8250 33: 8150 34: 7800 35: 6900 36: 6050 37: 5750 38: 5750 39: 5450 40: 4600 41: 3050 42: 1450   [mono-viol x1]
  P4  30:10000 31:10000 32:10000 33:10000 34:10000 35:10000 36:10000 37:10000 38:10000 39:10000 40:10000 41: 9900 42: 8050
  P5  30: 9500 31: 9400 32: 9500 33: 9450 34: 9350 35: 8900 36: 8650 37: 8350 38: 8350 39: 8300 40: 8100 41: 6950 42: 3750   [mono-viol x1]
  P6  30: 9450 31: 9500 32: 9500 33: 9450 34: 9150 35: 9100 36: 9000 37: 8950 38: 8950 39: 8750 40: 7950 41: 5100 42: 2100   [mono-viol x1]
  DT  30: 9050 31: 9000 32: 8850 33: 8850 34: 8600 35: 7400 36: 6600 37: 6100 38: 6100 39: 6200 40: 5400 41: 3850 42: 1200   [mono-viol x1]
  NT  30: 9900 31: 9900 32: 9850 33: 9850 34: 9750 35: 9650 36: 9100 37: 9300 38: 9300 39: 9400 40: 9000 41: 7550 42: 5700   [mono-viol x2]
  (137.161s)

hand 175: [00 30 40 52 60 63 66]
  P0  30:10000 31:10000 32: 9800 33: 9800 34: 9800 35: 9750 36: 9400 37: 9450 38: 9450 39: 9450 40: 9450 41: 9350 42: 7850   [mono-viol x1]
  P1  30: 4250 31: 3600 32: 3550 33: 3550 34: 3250 35: 2750 36: 2200 37: 2150 38: 2150 39: 2200 40: 2100 41: 1350 42:  550   [mono-viol x1]
  P2  30: 5600 31: 5250 32: 5200 33: 5000 34: 4700 35: 3850 36: 3400 37: 3050 38: 3050 39: 3050 40: 2350 41: 1900 42:  700
  P3  30: 7950 31: 7850 32: 7250 33: 7150 34: 6950 35: 6500 36: 5600 37: 5100 38: 5100 39: 5100 40: 4500 41: 3550 42: 1500
  P4  30: 5050 31: 4100 32: 3900 33: 3900 34: 3800 35: 3650 36: 3100 37: 2600 38: 2600 39: 2600 40: 2500 41: 1950 42: 1150
  P5  30: 5100 31: 3850 32: 2900 33: 2900 34: 2900 35: 2700 36: 2450 37: 2150 38: 2150 39: 2250 40: 2000 41: 1650 42: 1200   [mono-viol x1]
  P6  30: 9200 31: 8800 32: 8550 33: 8600 34: 8300 35: 7900 36: 7200 37: 6650 38: 6650 39: 6650 40: 6550 41: 5500 42: 3850   [mono-viol x1]
  DT  30: 6950 31: 6450 32: 6350 33: 6300 34: 5950 35: 5350 36: 4100 37: 3050 38: 3100 39: 3050 40: 2650 41: 1650 42:  550   [mono-viol x1]
  NT  30: 8000 31: 7100 32: 7000 33: 6950 34: 6800 35: 6550 36: 6300 37: 5800 38: 5800 39: 5650 40: 5750 41: 5200 42: 3950   [mono-viol x1]
  (165.149s)

hand 176: [20 30 31 42 44 60 66]
  P0  30: 9600 31: 9500 32: 9350 33: 9300 34: 9250 35: 9100 36: 7800 37: 6750 38: 6750 39: 6700 40: 6100 41: 5350 42: 2600
  P1  30: 5000 31: 4450 32: 4650 33: 4650 34: 4200 35: 3500 36: 2750 37: 2800 38: 2800 39: 2750 40: 2350 41: 1850 42: 1050   [mono-viol x2]
  P2  30: 8600 31: 8250 32: 7800 33: 7750 34: 7750 35: 6650 36: 5900 37: 5500 38: 5500 39: 5500 40: 4450 41: 3100 42: 1350
  P3  30: 8400 31: 8300 32: 8250 33: 8200 34: 8050 35: 6950 36: 5750 37: 5550 38: 5550 39: 5700 40: 4950 41: 3400 42: 1300   [mono-viol x1]
  P4  30: 8400 31: 7500 32: 6950 33: 6950 34: 6700 35: 6400 36: 5450 37: 4800 38: 4800 39: 4800 40: 4550 41: 3900 42: 2200
  P5  30: 4200 31: 3450 32: 2900 33: 2950 34: 2900 35: 2450 36: 2400 37: 2300 38: 2300 39: 2300 40: 2100 41: 1650 42:  700   [mono-viol x1]
  P6  30: 8750 31: 8050 32: 7850 33: 7850 34: 7650 35: 7000 36: 6150 37: 5850 38: 5850 39: 5850 40: 5550 41: 4150 42: 2350
  DT  30: 7900 31: 7200 32: 7150 33: 7100 34: 7250 35: 5500 36: 4000 37: 3200 38: 3200 39: 3050 40: 3100 41: 1900 42:  750   [mono-viol x2]
  NT  30: 8100 31: 7500 32: 7500 33: 7400 34: 7200 35: 6500 36: 5700 37: 5250 38: 5250 39: 5250 40: 4900 41: 4400 42: 3450
  (140.181s)

hand 177: [20 30 32 43 54 60 66]
  P0  30: 9100 31: 8800 32: 8400 33: 8400 34: 8100 35: 7800 36: 6600 37: 5550 38: 5550 39: 5550 40: 5300 41: 4350 42: 1500
  P1  30: 5200 31: 4850 32: 4750 33: 4650 34: 4050 35: 3450 36: 3050 37: 3200 38: 3200 39: 3200 40: 2400 41: 1500 42:  450   [mono-viol x1]
  P2  30: 7250 31: 6850 32: 6350 33: 6350 34: 5700 35: 5200 36: 4700 37: 4700 38: 4700 39: 4550 40: 3500 41: 2450 42:  900
  P3  30: 8800 31: 8700 32: 8450 33: 8300 34: 8200 35: 7700 36: 7350 37: 7000 38: 7000 39: 6900 40: 6350 41: 4250 42: 1250
  P4  30: 7000 31: 5550 32: 5350 33: 5350 34: 5350 35: 5200 36: 4450 37: 4250 38: 4250 39: 4150 40: 3900 41: 3050 42: 1350
  P5  30: 4950 31: 4250 32: 3350 33: 3350 34: 3300 35: 3300 36: 2900 37: 2800 38: 2800 39: 2800 40: 2600 41: 2000 42: 1500
  P6  30: 8150 31: 7500 32: 7500 33: 7400 34: 7100 35: 6400 36: 5900 37: 6050 38: 6050 39: 6050 40: 5650 41: 4300 42: 2300   [mono-viol x1]
  DT  30: 5300 31: 4850 32: 4850 33: 4800 34: 4550 35: 3800 36: 3300 37: 3050 38: 3050 39: 3050 40: 2500 41: 1950 42: 1050
  NT  30: 8000 31: 7300 32: 7150 33: 7150 34: 6900 35: 6350 36: 5950 37: 6000 38: 6000 39: 5950 40: 5600 41: 4950 42: 3950   [mono-viol x1]
  (152.724s)

hand 178: [22 30 31 43 55 60 65]
  P0  30: 8450 31: 8250 32: 7850 33: 7750 34: 7600 35: 7000 36: 5750 37: 4900 38: 4900 39: 4850 40: 4750 41: 3700 42: 1850
  P1  30: 6050 31: 6100 32: 5750 33: 5600 34: 5050 35: 4200 36: 3700 37: 3800 38: 3800 39: 3900 40: 3150 41: 2450 42: 1300   [mono-viol x3]
  P2  30: 7300 31: 7150 32: 7150 33: 7050 34: 6500 35: 5550 36: 4950 37: 4750 38: 4750 39: 4700 40: 3800 41: 3050 42: 1600
  P3  30: 9250 31: 9050 32: 9050 33: 9150 34: 9100 35: 8250 36: 6800 37: 6700 38: 6700 39: 6650 40: 6100 41: 4150 42: 1700   [mono-viol x1]
  P4  30: 5900 31: 5400 32: 5300 33: 5300 34: 5050 35: 4900 36: 4500 37: 4250 38: 4250 39: 4150 40: 3650 41: 2650 42: 1500
  P5  30: 9800 31: 9650 32: 9600 33: 9600 34: 9650 35: 9050 36: 8750 37: 8300 38: 8300 39: 8200 40: 7950 41: 6350 42: 3950   [mono-viol x1]
  P6  30: 9350 31: 8950 32: 8400 33: 8400 34: 8150 35: 8050 36: 7550 37: 7750 38: 7750 39: 7600 40: 7100 41: 5200 42: 2450   [mono-viol x1]
  DT  30: 8950 31: 8850 32: 8800 33: 8800 34: 8600 35: 7350 36: 6450 37: 5800 38: 5800 39: 5650 40: 5250 41: 3550 42: 1400
  NT  30: 9600 31: 9400 32: 9050 33: 9050 34: 9050 35: 8800 36: 8150 37: 7700 38: 7700 39: 7700 40: 7400 41: 6700 42: 5100
  (132.196s)

hand 179: [22 30 32 51 53 62 65]
  P0  30: 4500 31: 4450 32: 3950 33: 3600 34: 3150 35: 2650 36: 2250 37: 2250 38: 2250 39: 2200 40: 1800 41: 1350 42:  800
  P1  30: 5100 31: 4900 32: 4800 33: 4800 34: 4250 35: 3850 36: 3250 37: 3250 38: 3250 39: 3050 40: 2750 41: 1750 42:  950
  P2  30: 9750 31: 9600 32: 9400 33: 9400 34: 9300 35: 9250 36: 8750 37: 8300 38: 8300 39: 8200 40: 8250 41: 7600 42: 6100   [mono-viol x1]
  P3  30: 9450 31: 9000 32: 9050 33: 9050 34: 8850 35: 8550 36: 7900 37: 7800 38: 7800 39: 7650 40: 7000 41: 4800 42: 1750   [mono-viol x1]
  P4  30: 4800 31: 4100 32: 3750 33: 3700 34: 3650 35: 3450 36: 3050 37: 2800 38: 2800 39: 2650 40: 2600 41: 1750 42:  850
  P5  30: 7900 31: 6300 32: 3850 33: 3850 34: 3850 35: 3850 36: 3800 37: 3650 38: 3650 39: 3650 40: 3750 41: 3600 42: 2900   [mono-viol x1]
  P6  30: 7600 31: 7500 32: 7100 33: 7100 34: 7100 35: 6600 36: 5700 37: 5500 38: 5500 39: 5450 40: 5150 41: 3950 42: 2150
  DT  30: 5900 31: 5000 32: 5000 33: 4900 34: 4850 35: 4400 36: 3750 37: 3550 38: 3550 39: 3500 40: 3150 41: 2550 42: 1150
  NT  30: 8100 31: 7850 32: 7250 33: 7000 34: 7100 35: 6450 36: 5850 37: 5900 38: 5900 39: 5900 40: 5800 41: 4700 42: 3400   [mono-viol x2]
  (148.020s)

hand 180: [10 11 22 32 44 60 62]
  P0  30: 8750 31: 8450 32: 8150 33: 8150 34: 7900 35: 7850 36: 6500 37: 5850 38: 5850 39: 5750 40: 5350 41: 4500 42: 2100
  P1  30: 8600 31: 8300 32: 8050 33: 8050 34: 7800 35: 7500 36: 6200 37: 5950 38: 5950 39: 5950 40: 5400 41: 4500 42: 2200
  P2  30:10000 31:10000 32:10000 33:10000 34:10000 35:10000 36:10000 37: 9950 38: 9950 39: 9950 40: 9950 41: 9900 42: 7700
  P3  30: 6900 31: 6350 32: 6200 33: 6200 34: 6450 35: 5800 36: 5300 37: 5300 38: 5250 39: 5050 40: 4350 41: 2400 42: 1200   [mono-viol x1]
  P4  30: 5700 31: 5350 32: 5000 33: 5000 34: 5000 35: 4550 36: 3850 37: 3500 38: 3500 39: 3450 40: 3150 41: 2650 42: 1700
  P5  30: 4850 31: 3900 32: 3000 33: 3000 34: 2900 35: 2800 36: 2700 37: 2800 38: 2800 39: 2750 40: 2450 41: 1850 42:  900   [mono-viol x1]
  P6  30: 7350 31: 5950 32: 5700 33: 5700 34: 5700 35: 5750 36: 5200 37: 5050 38: 5050 39: 5100 40: 4850 41: 4050 42: 1950   [mono-viol x2]
  DT  30: 6650 31: 5050 32: 4850 33: 4850 34: 4700 35: 4450 36: 3550 37: 3250 38: 3250 39: 3300 40: 3150 41: 2350 42: 1050   [mono-viol x1]
  NT  30: 9450 31: 8850 32: 8300 33: 8300 34: 8500 35: 8600 36: 7950 37: 7400 38: 7400 39: 7400 40: 7450 41: 7050 42: 5250   [mono-viol x3]
  (161.215s)

hand 181: [10 21 30 50 52 54 66]
  P0  30: 8600 31: 8450 32: 8150 33: 8100 34: 7700 35: 7350 36: 6100 37: 6000 38: 6000 39: 5850 40: 5600 41: 4250 42: 1900
  P1  30: 5150 31: 4650 32: 4200 33: 4200 34: 3950 35: 3600 36: 2900 37: 2500 38: 2500 39: 2550 40: 2400 41: 1700 42:  750   [mono-viol x1]
  P2  30: 6600 31: 5700 32: 5200 33: 5250 34: 4800 35: 4500 36: 4050 37: 3350 38: 3350 39: 3450 40: 2950 41: 2250 42: 1100   [mono-viol x2]
  P3  30: 4850 31: 4350 32: 4300 33: 4300 34: 4100 35: 3550 36: 2850 37: 2400 38: 2400 39: 2300 40: 2050 41: 1850 42: 1050
  P4  30: 5150 31: 4500 32: 4000 33: 3950 34: 3850 35: 3550 36: 2950 37: 2700 38: 2700 39: 2700 40: 2300 41: 1900 42: 1250
  P5  30: 6650 31: 4600 32: 2900 33: 2900 34: 2900 35: 2900 36: 2900 37: 2800 38: 2800 39: 2800 40: 2700 41: 2450 42: 1650
  P6  30: 4600 31: 4450 32: 4250 33: 4350 34: 4100 35: 3650 36: 3250 37: 3150 38: 3150 39: 3150 40: 2750 41: 2150 42: 1250   [mono-viol x1]
  DT  30: 5300 31: 4850 32: 4500 33: 4500 34: 4250 35: 3450 36: 3250 37: 2900 38: 2900 39: 2750 40: 2400 41: 2200 42: 1250
  NT  30: 6550 31: 6550 32: 5600 33: 5650 34: 5400 35: 5200 36: 4600 37: 4250 38: 4250 39: 4200 40: 4100 41: 3700 42: 3050   [mono-viol x1]
  (101.977s)

hand 182: [21 30 32 42 53 60 61]
  P0  30: 5250 31: 5250 32: 4900 33: 4650 34: 4250 35: 3600 36: 2850 37: 2750 38: 2700 39: 2750 40: 2350 41: 1150 42:  700   [mono-viol x1]
  P1  30: 4800 31: 4350 32: 4350 33: 4200 34: 4150 35: 3450 36: 3000 37: 2750 38: 2750 39: 2650 40: 2350 41: 1550 42:  750
  P2  30: 7650 31: 7300 32: 7050 33: 6700 34: 6250 35: 5650 36: 5700 37: 5350 38: 5300 39: 5000 40: 4050 41: 2750 42:  800   [mono-viol x1]
  P3  30: 7950 31: 7500 32: 7250 33: 6950 34: 6400 35: 6250 36: 5800 37: 5550 38: 5500 39: 5000 40: 4450 41: 2750 42:  950
  P4  30: 2850 31: 2700 32: 2900 33: 2700 34: 2250 35: 1900 36: 1900 37: 1750 38: 1700 39: 1750 40: 1450 41:  900 42:  500   [mono-viol x2]
  P5  30: 2800 31: 2150 32: 1800 33: 1700 34: 1600 35: 1600 36: 1350 37: 1200 38: 1200 39: 1200 40: 1100 41:  750 42:  550
  P6  30: 4650 31: 4150 32: 3950 33: 3750 34: 3500 35: 3050 36: 2350 37: 2300 38: 2300 39: 2250 40: 1950 41: 1250 42:  500
  DT  30: 4050 31: 3650 32: 3600 33: 3450 34: 2850 35: 2200 36: 2350 37: 2250 38: 2200 39: 1950 40: 1350 41: 1000 42:  450   [mono-viol x1]
  NT  30: 4400 31: 4200 32: 3750 33: 3600 34: 3350 35: 3000 36: 2950 37: 2800 38: 2800 39: 2850 40: 2800 41: 2100 42: 1800   [mono-viol x1]
  (88.828s)

hand 183: [00 10 11 42 44 53 55]
  P0  30: 9400 31: 9200 32: 9250 33: 9300 34: 9250 35: 8550 36: 7650 37: 7200 38: 7200 39: 7200 40: 6900 41: 6200 42: 3500   [mono-viol x2]
  P1  30: 9400 31: 9150 32: 9050 33: 9050 34: 9000 35: 8500 36: 8150 37: 8050 38: 8050 39: 7950 40: 7350 41: 5950 42: 3450
  P2  30: 7600 31: 7100 32: 7250 33: 7100 34: 6500 35: 5350 36: 4850 37: 4650 38: 4650 39: 4350 40: 3700 41: 2400 42: 1200   [mono-viol x1]
  P3  30: 8400 31: 8200 32: 8200 33: 8400 34: 8200 35: 7600 36: 6950 37: 6800 38: 6750 39: 6700 40: 6050 41: 4250 42: 1850   [mono-viol x1]
  P4  30: 9400 31: 9400 32: 9200 33: 9150 34: 9150 35: 8750 36: 8100 37: 7850 38: 7850 39: 7850 40: 7600 41: 6300 42: 4450
  P5  30:10000 31: 9850 32: 9900 33: 9900 34: 9900 35: 9900 36: 9350 37: 9400 38: 9400 39: 9400 40: 9150 41: 7800 42: 4850   [mono-viol x2]
  P6  30: 7550 31: 6950 32: 6600 33: 6650 34: 6500 35: 6200 36: 5900 37: 5600 38: 5600 39: 5600 40: 5050 41: 3050 42: 1100   [mono-viol x1]
  DT  30: 9900 31: 9700 32: 9700 33: 9700 34: 9750 35: 9500 36: 8750 37: 8200 38: 8200 39: 8350 40: 7950 41: 6100 42: 2000   [mono-viol x2]
  NT  30:10000 31:10000 32:10000 33:10000 34:10000 35: 9900 36: 9950 37:10000 38:10000 39:10000 40: 9850 41: 9900 42: 8600   [mono-viol x3]
  (176.535s)

hand 184: [31 32 40 42 52 53 54]
  P0  30: 4050 31: 3750 32: 3700 33: 3700 34: 3400 35: 2800 36: 2400 37: 2050 38: 2050 39: 1900 40: 1800 41: 1000 42:  450
  P1  30: 4000 31: 4250 32: 3750 33: 3550 34: 3150 35: 2400 36: 2300 37: 2400 38: 2400 39: 2200 40: 1950 41: 1250 42:  650   [mono-viol x2]
  P2  30: 7900 31: 7650 32: 7450 33: 7450 34: 7000 35: 6150 36: 5500 37: 5150 38: 5150 39: 5150 40: 4000 41: 2500 42: 1000
  P3  30: 7950 31: 7600 32: 7350 33: 7150 34: 6650 35: 6250 36: 5250 37: 5000 38: 5000 39: 4800 40: 4150 41: 2750 42: 1150
  P4  30: 5600 31: 4800 32: 4150 33: 4100 34: 4300 35: 3900 36: 3700 37: 3450 38: 3450 39: 3450 40: 3200 41: 2650 42: 1300   [mono-viol x1]
  P5  30: 5050 31: 3800 32: 3050 33: 3100 34: 3000 35: 2850 36: 2750 37: 2700 38: 2700 39: 2750 40: 2500 41: 2000 42:  950   [mono-viol x2]
  P6  30: 4050 31: 3650 32: 3650 33: 3600 34: 3050 35: 2850 36: 2450 37: 2300 38: 2300 39: 2350 40: 2150 41: 1450 42:  600   [mono-viol x1]
  DT  30: 4600 31: 4200 32: 4050 33: 4000 34: 3650 35: 3200 36: 2900 37: 3000 38: 3000 39: 2600 40: 2200 41:  950 42:  300   [mono-viol x1]
  NT  30: 5750 31: 5850 32: 5450 33: 5200 34: 4750 35: 4150 36: 3700 37: 3500 38: 3450 39: 2950 40: 2350 41: 2000 42: 1600   [mono-viol x1]
  (116.607s)

hand 185: [40 42 43 52 53 61 62]
  P0  30: 3050 31: 2700 32: 2700 33: 2700 34: 2600 35: 1800 36: 1600 37: 1350 38: 1350 39: 1400 40: 1200 41: 1000 42:  800   [mono-viol x1]
  P1  30: 3600 31: 3650 32: 3750 33: 3700 34: 3400 35: 2900 36: 2400 37: 2250 38: 2250 39: 2300 40: 2000 41: 1950 42:  950   [mono-viol x3]
  P2  30: 7950 31: 7350 32: 7050 33: 7100 34: 7050 35: 6650 36: 5850 37: 5250 38: 5150 39: 4950 40: 4550 41: 3450 42: 1450   [mono-viol x1]
  P3  30: 5350 31: 4650 32: 4550 33: 4600 34: 4650 35: 4000 36: 3750 37: 3450 38: 3450 39: 3350 40: 2650 41: 1500 42:  450   [mono-viol x2]
  P4  30: 6200 31: 5250 32: 5050 33: 4950 34: 4750 35: 4800 36: 4050 37: 3650 38: 3650 39: 3500 40: 3300 41: 2700 42:  950   [mono-viol x1]
  P5  30: 4200 31: 3200 32: 2100 33: 2150 34: 2200 35: 2150 36: 2100 37: 2050 38: 2050 39: 2000 40: 1950 41: 1300 42:  750   [mono-viol x2]
  P6  30: 5500 31: 4800 32: 4400 33: 4400 34: 4450 35: 3850 36: 3050 37: 2350 38: 2350 39: 2350 40: 2150 41: 1750 42:  950   [mono-viol x1]
  DT  30: 4550 31: 4250 32: 4250 33: 4150 34: 3700 35: 3000 36: 2450 37: 2350 38: 2350 39: 2300 40: 1850 41: 1050 42:  450
  NT  30: 5600 31: 4900 32: 4500 33: 4500 34: 4250 35: 4050 36: 3550 37: 3600 38: 3600 39: 3500 40: 3300 41: 2600 42: 1800   [mono-viol x1]
  (102.531s)

hand 186: [21 22 41 42 44 53 61]
  P0  30: 4400 31: 4300 32: 4400 33: 4350 34: 3800 35: 3550 36: 2900 37: 2650 38: 2650 39: 2550 40: 2300 41: 1650 42:  850   [mono-viol x1]
  P1  30: 9900 31: 9800 32: 9500 33: 9500 34: 9450 35: 9350 36: 8900 37: 8650 38: 8650 39: 8550 40: 8150 41: 6950 42: 2800
  P2  30: 9500 31: 9400 32: 9350 33: 9350 34: 9350 35: 9000 36: 8200 37: 7950 38: 7950 39: 8000 40: 7750 41: 6700 42: 3400   [mono-viol x1]
  P3  30: 7050 31: 6350 32: 6150 33: 6150 34: 6200 35: 5400 36: 4550 37: 4600 38: 4550 39: 4500 40: 3400 41: 2800 42: 1050   [mono-viol x2]
  P4  30: 9450 31: 9250 32: 8900 33: 8900 34: 8750 35: 8300 36: 7900 37: 7450 38: 7450 39: 7550 40: 6950 41: 5650 42: 3750   [mono-viol x1]
  P5  30: 5450 31: 4050 32: 2850 33: 2850 34: 2850 35: 2800 36: 2750 37: 2800 38: 2800 39: 2800 40: 2550 41: 1850 42: 1050   [mono-viol x1]
  P6  30: 6050 31: 5150 32: 5000 33: 4950 34: 4800 35: 4750 36: 4350 37: 4150 38: 4150 39: 4100 40: 3950 41: 2500 42: 1200
  DT  30: 4850 31: 3850 32: 3550 33: 3550 34: 3050 35: 2850 36: 2100 37: 2050 38: 2050 39: 1950 40: 1700 41: 1000 42:  350
  NT  30: 8150 31: 8000 32: 7500 33: 7450 34: 7500 35: 7250 36: 7000 37: 6950 38: 6950 39: 7000 40: 6250 41: 5550 42: 4050   [mono-viol x2]
  (152.386s)

hand 187: [20 21 22 31 50 54 64]
  P0  30: 6200 31: 5850 32: 5700 33: 5700 34: 5700 35: 4600 36: 4100 37: 3650 38: 3650 39: 3500 40: 3300 41: 2200 42: 1050
  P1  30: 6200 31: 5350 32: 5350 33: 5400 34: 5450 35: 4450 36: 3800 37: 3650 38: 3650 39: 3550 40: 3200 41: 2300 42:  750   [mono-viol x2]
  P2  30: 7950 31: 7750 32: 7500 33: 7450 34: 6950 35: 6450 36: 5500 37: 5350 38: 5350 39: 5400 40: 5150 41: 4000 42: 1700   [mono-viol x1]
  P3  30: 3700 31: 3700 32: 3550 33: 3550 34: 3400 35: 2650 36: 2300 37: 2250 38: 2250 39: 2200 40: 1700 41: 1100 42:  500
  P4  30: 8600 31: 7950 32: 8350 33: 8300 34: 8150 35: 7350 36: 6800 37: 6150 38: 6150 39: 6150 40: 5650 41: 4450 42: 1550   [mono-viol x1]
  P5  30: 5450 31: 4550 32: 3800 33: 3700 34: 3800 35: 3700 36: 3350 37: 3400 38: 3400 39: 3400 40: 3150 41: 2800 42: 1750   [mono-viol x2]
  P6  30: 7450 31: 6600 32: 6550 33: 6500 34: 6050 35: 5850 36: 4950 37: 5100 38: 5100 39: 5050 40: 4350 41: 2750 42: 1250   [mono-viol x1]
  DT  30: 4850 31: 4050 32: 4050 33: 4050 34: 3400 35: 3000 36: 2700 37: 2550 38: 2550 39: 2400 40: 2150 41: 1400 42:  850
  NT  30: 6850 31: 6650 32: 6650 33: 6700 34: 6350 35: 6250 36: 6100 37: 5700 38: 5650 39: 5650 40: 5250 41: 4600 42: 3500   [mono-viol x1]
  (106.630s)

hand 188: [00 22 30 52 54 55 66]
  P0  30: 9850 31: 9600 32: 9550 33: 9550 34: 9500 35: 9050 36: 8500 37: 8050 38: 8050 39: 7950 40: 7600 41: 6550 42: 4100
  P1  30: 6900 31: 6950 32: 6850 33: 6550 34: 5950 35: 4950 36: 4350 37: 4050 38: 4050 39: 3850 40: 3550 41: 2250 42:  900   [mono-viol x1]
  P2  30: 9900 31: 9900 32: 9950 33: 9950 34: 9800 35: 9600 36: 9350 37: 9200 38: 9200 39: 9200 40: 9150 41: 8250 42: 5350   [mono-viol x1]
  P3  30: 8200 31: 8200 32: 8250 33: 8250 34: 7850 35: 6950 36: 6350 37: 6300 38: 6250 39: 6050 40: 5400 41: 3750 42: 1750   [mono-viol x1]
  P4  30: 7350 31: 5600 32: 5000 33: 5000 34: 5000 35: 4950 36: 4850 37: 4650 38: 4650 39: 4650 40: 4550 41: 4000 42: 1700
  P5  30:10000 31:10000 32:10000 33:10000 34:10000 35:10000 36:10000 37:10000 38:10000 39:10000 40:10000 41:10000 42: 8450
  P6  30: 8850 31: 8150 32: 7600 33: 7650 34: 7600 35: 7800 36: 7300 37: 7100 38: 7100 39: 7100 40: 7000 41: 5650 42: 3000   [mono-viol x2]
  DT  30:10000 31:10000 32:10000 33:10000 34:10000 35:10000 36:10000 37: 9800 38: 9800 39: 9800 40: 9700 41: 9500 42: 5950
  NT  30:10000 31:10000 32:10000 33:10000 34:10000 35:10000 36:10000 37:10000 38:10000 39:10000 40:10000 41: 9950 42: 8400
  (182.300s)

hand 189: [10 11 42 50 54 62 66]
  P0  30: 8150 31: 7900 32: 7550 33: 7550 34: 7200 35: 6400 36: 5800 37: 5700 38: 5650 39: 5500 40: 4850 41: 2900 42: 1000
  P1  30: 8250 31: 8000 32: 7700 33: 7750 34: 7400 35: 6700 36: 5750 37: 5250 38: 5250 39: 5200 40: 5150 41: 4150 42: 2350   [mono-viol x1]
  P2  30: 8800 31: 8550 32: 8350 33: 8350 34: 8000 35: 7750 36: 6750 37: 6150 38: 6150 39: 6150 40: 5750 41: 4750 42: 1800
  P3  30: 5900 31: 5650 32: 5600 33: 5600 34: 5250 35: 4750 36: 3900 37: 3850 38: 3850 39: 3850 40: 3350 41: 2500 42:  750
  P4  30: 6800 31: 5500 32: 4900 33: 4900 34: 5000 35: 4950 36: 4450 37: 4250 38: 4250 39: 4200 40: 4100 41: 3450 42: 2000   [mono-viol x1]
  P5  30: 6850 31: 5450 32: 3800 33: 3800 34: 3800 35: 3750 36: 3750 37: 3750 38: 3750 39: 3700 40: 3650 41: 3300 42: 2200
  P6  30: 8700 31: 8250 32: 7900 33: 7900 34: 7650 35: 7150 36: 6650 37: 6350 38: 6350 39: 6400 40: 6200 41: 5400 42: 3150   [mono-viol x1]
  DT  30: 7500 31: 7400 32: 7150 33: 7050 34: 6800 35: 6350 36: 5450 37: 4750 38: 4750 39: 4750 40: 4500 41: 3100 42: 1450
  NT  30: 8500 31: 8100 32: 7650 33: 7650 34: 7700 35: 7150 36: 6850 37: 6600 38: 6600 39: 6550 40: 6750 41: 6050 42: 4900   [mono-viol x2]
  (161.342s)

hand 190: [11 31 42 50 55 63 66]
  P0  30: 6100 31: 5950 32: 5800 33: 5800 34: 5600 35: 4750 36: 3750 37: 3000 38: 3000 39: 3000 40: 2600 41: 2250 42: 1100
  P1  30: 8600 31: 8200 32: 8150 33: 8150 34: 8200 35: 7700 36: 6900 37: 6600 38: 6600 39: 6650 40: 6600 41: 5750 42: 3000   [mono-viol x2]
  P2  30: 7050 31: 6650 32: 6750 33: 6700 34: 6400 35: 5600 36: 5050 37: 4750 38: 4750 39: 4600 40: 4000 41: 2850 42: 1200   [mono-viol x1]
  P3  30: 8900 31: 8550 32: 8750 33: 8750 34: 8700 35: 8250 36: 7250 37: 6550 38: 6550 39: 6450 40: 6250 41: 4850 42: 2300   [mono-viol x1]
  P4  30: 5900 31: 4650 32: 4500 33: 4500 34: 4650 35: 4450 36: 3750 37: 3250 38: 3250 39: 3200 40: 3200 41: 2500 42: 1250   [mono-viol x1]
  P5  30: 9650 31: 9600 32: 9550 33: 9550 34: 9550 35: 8700 36: 7950 37: 7650 38: 7650 39: 7600 40: 7200 41: 5750 42: 3050
  P6  30: 9100 31: 9100 32: 9400 33: 9400 34: 9100 35: 8550 36: 7600 37: 7200 38: 7200 39: 7200 40: 7250 41: 6250 42: 3650   [mono-viol x2]
  DT  30: 9600 31: 9450 32: 9050 33: 9050 34: 8900 35: 8600 36: 8100 37: 6750 38: 6750 39: 6650 40: 6450 41: 5800 42: 3050
  NT  30: 9600 31: 9500 32: 9500 33: 9500 34: 9300 35: 9000 36: 8650 37: 7900 38: 7900 39: 7950 40: 7550 41: 7400 42: 5650   [mono-viol x1]
  (157.190s)

hand 191: [10 20 30 42 61 65 66]
  P0  30: 7650 31: 7650 32: 7350 33: 7300 34: 7000 35: 6450 36: 4800 37: 4150 38: 4150 39: 4150 40: 4000 41: 3650 42: 2050
  P1  30: 7750 31: 7250 32: 7000 33: 7000 34: 6900 35: 6050 36: 5050 37: 5050 38: 5050 39: 4850 40: 4000 41: 3100 42: 1200
  P2  30: 8050 31: 7450 32: 7350 33: 7350 34: 6750 35: 5750 36: 5050 37: 4750 38: 4750 39: 4700 40: 4500 41: 3100 42: 1250
  P3  30: 5450 31: 4450 32: 4450 33: 4500 34: 4100 35: 3650 36: 3000 37: 3050 38: 3050 39: 3050 40: 2500 41: 1650 42:  750   [mono-viol x2]
  P4  30: 4800 31: 4100 32: 3750 33: 3750 34: 3700 35: 3100 36: 2600 37: 2000 38: 2000 39: 2000 40: 1950 41: 1750 42: 1250
  P5  30: 3800 31: 3100 32: 2300 33: 2300 34: 2250 35: 2150 36: 1900 37: 1500 38: 1500 39: 1500 40: 1400 41: 1050 42: 1000
  P6  30: 9700 31: 9450 32: 9050 33: 9050 34: 8850 35: 8550 36: 8000 37: 7650 38: 7650 39: 7700 40: 7500 41: 6750 42: 4750   [mono-viol x1]
  DT  30: 4700 31: 4250 32: 3850 33: 3850 34: 3850 35: 3350 36: 2650 37: 2400 38: 2400 39: 2350 40: 2300 41: 2100 42: 1300
  NT  30: 8000 31: 7250 32: 6800 33: 6800 34: 6650 35: 6350 36: 6000 37: 5650 38: 5650 39: 5600 40: 5600 41: 4800 42: 3850
  (127.027s)

hand 192: [32 33 43 51 52 63 64]
  P0  30: 3850 31: 3850 32: 3750 33: 3600 34: 3150 35: 3250 36: 2400 37: 2400 38: 2400 39: 2250 40: 1750 41: 1050 42:  400   [mono-viol x1]
  P1  30: 5200 31: 5150 32: 5250 33: 4950 34: 4350 35: 3650 36: 3250 37: 3300 38: 3300 39: 3000 40: 2550 41: 1650 42:  900   [mono-viol x2]
  P2  30: 7300 31: 6550 32: 6350 33: 6350 34: 6000 35: 5250 36: 4600 37: 4200 38: 4200 39: 4200 40: 3650 41: 2450 42:  800
  P3  30: 9750 31: 9300 32: 8200 33: 8200 34: 8200 35: 8250 36: 8200 37: 7800 38: 7800 39: 7800 40: 7700 41: 7600 42: 6650   [mono-viol x1]
  P4  30: 8600 31: 8150 32: 7800 33: 7650 34: 7450 35: 7100 36: 5750 37: 5650 38: 5550 39: 5400 40: 5200 41: 3850 42: 2100
  P5  30: 5900 31: 4500 32: 3150 33: 3150 34: 3150 35: 3100 36: 3100 37: 3100 38: 3100 39: 3100 40: 2750 41: 2550 42: 1450
  P6  30: 8050 31: 7900 32: 7800 33: 7700 34: 7300 35: 6750 36: 5500 37: 5000 38: 5000 39: 4950 40: 4700 41: 3400 42: 1500
  DT  30: 5150 31: 4150 32: 4100 33: 4050 34: 3850 35: 3550 36: 2650 37: 2450 38: 2450 39: 2250 40: 2000 41: 1550 42:  450
  NT  30: 7900 31: 7400 32: 6950 33: 6950 34: 6750 35: 6700 36: 6250 37: 5900 38: 5900 39: 5900 40: 5850 41: 5150 42: 3650
  (149.428s)

hand 193: [22 31 40 42 50 53 54]
  P0  30: 6600 31: 6150 32: 6250 33: 6100 34: 5750 35: 4950 36: 3950 37: 3700 38: 3700 39: 3550 40: 3100 41: 1850 42:  900   [mono-viol x1]
  P1  30: 4050 31: 3800 32: 3250 33: 3200 34: 3200 35: 2650 36: 2700 37: 2450 38: 2450 39: 2450 40: 2000 41: 1100 42:  750   [mono-viol x1]
  P2  30: 7850 31: 7050 32: 6650 33: 6600 34: 6400 35: 5450 36: 4800 37: 4500 38: 4500 39: 4300 40: 4200 41: 3050 42: 1200
  P3  30: 6900 31: 6750 32: 6250 33: 6250 34: 5950 35: 5150 36: 4200 37: 4150 38: 4150 39: 4200 40: 3900 41: 2500 42: 1150   [mono-viol x1]
  P4  30: 6950 31: 5900 32: 5400 33: 5400 34: 5250 35: 5100 36: 4800 37: 4600 38: 4600 39: 4500 40: 4450 41: 3750 42: 2050
  P5  30: 6450 31: 4350 32: 2850 33: 2850 34: 2850 35: 2850 36: 2900 37: 2650 38: 2650 39: 2650 40: 2600 41: 2500 42: 2000   [mono-viol x1]
  P6  30: 4750 31: 4900 32: 4600 33: 4650 34: 4100 35: 3400 36: 3200 37: 3600 38: 3550 39: 3300 40: 2800 41: 1500 42:  450   [mono-viol x3]
  DT  30: 3550 31: 3400 32: 3250 33: 3150 34: 2950 35: 2450 36: 2600 37: 2400 38: 2400 39: 2200 40: 1700 41: 1200 42:  450   [mono-viol x1]
  NT  30: 6700 31: 6000 32: 5300 33: 5350 34: 5050 35: 4700 36: 4150 37: 4350 38: 4350 39: 4300 40: 4100 41: 3400 42: 2450   [mono-viol x2]
  (121.501s)

hand 194: [20 22 40 50 55 64 65]
  P0  30: 9700 31: 9350 32: 9450 33: 9400 34: 9350 35: 9200 36: 9150 37: 9150 38: 9150 39: 9100 40: 8450 41: 5950 42: 1800   [mono-viol x1]
  P1  30: 5900 31: 5550 32: 5400 33: 5400 34: 4950 35: 4050 36: 3600 37: 3450 38: 3450 39: 3350 40: 2650 41: 1900 42:  950
  P2  30: 8650 31: 8200 32: 7950 33: 7950 34: 7800 35: 7150 36: 6750 37: 6300 38: 6300 39: 6250 40: 6150 41: 5000 42: 2400
  P3  30: 6950 31: 6550 32: 6400 33: 6450 34: 5700 35: 5250 36: 4500 37: 4450 38: 4450 39: 4300 40: 3650 41: 2450 42:  850   [mono-viol x1]
  P4  30: 9450 31: 9300 32: 9250 33: 9200 34: 9100 35: 8500 36: 8250 37: 8100 38: 8100 39: 8100 40: 7800 41: 5600 42: 1850
  P5  30:10000 31:10000 32: 9950 33: 9900 34: 9850 35: 9850 36: 9550 37: 9250 38: 9250 39: 9250 40: 9350 41: 9050 42: 7000   [mono-viol x1]
  P6  30: 9700 31: 9800 32: 9600 33: 9600 34: 9550 35: 9300 36: 8750 37: 8550 38: 8550 39: 8400 40: 8100 41: 6650 42: 2600   [mono-viol x1]
  DT  30: 9400 31: 9100 32: 9200 33: 9200 34: 8900 35: 7650 36: 6750 37: 6400 38: 6450 39: 6350 40: 5400 41: 3600 42: 1100   [mono-viol x2]
  NT  30:10000 31: 9900 32: 9800 33: 9800 34: 9750 35: 9500 36: 8950 37: 8800 38: 8800 39: 8700 40: 8550 41: 7800 42: 5950
  (157.630s)

hand 195: [21 22 30 33 41 53 63]
  P0  30: 4600 31: 4200 32: 3950 33: 3900 34: 3450 35: 2850 36: 2300 37: 2250 38: 2250 39: 2150 40: 1900 41: 1400 42:  950
  P1  30: 7550 31: 6900 32: 7050 33: 6950 34: 6650 35: 6400 36: 5700 37: 5450 38: 5400 39: 5300 40: 4800 41: 2550 42:  750   [mono-viol x1]
  P2  30: 6650 31: 6200 32: 5900 33: 5900 34: 5650 35: 5250 36: 4450 37: 3550 38: 3550 39: 3450 40: 3450 41: 2850 42: 1400
  P3  30:10000 31:10000 32:10000 33:10000 34:10000 35:10000 36:10000 37:10000 38:10000 39:10000 40:10000 41:10000 42: 9500
  P4  30: 4400 31: 4450 32: 3950 33: 3900 34: 3850 35: 3550 36: 3550 37: 3000 38: 3000 39: 2900 40: 2550 41: 2000 42: 1050   [mono-viol x1]
  P5  30: 4550 31: 3500 32: 2750 33: 2750 34: 2750 35: 2850 36: 2450 37: 2450 38: 2450 39: 2450 40: 2300 41: 1700 42: 1100   [mono-viol x1]
  P6  30: 6050 31: 5350 32: 4950 33: 4950 34: 5000 35: 4750 36: 4300 37: 3800 38: 3800 39: 3850 40: 3750 41: 2800 42: 1450   [mono-viol x2]
  DT  30: 4400 31: 3750 32: 3700 33: 3750 34: 3750 35: 2950 36: 2350 37: 2200 38: 2200 39: 2150 40: 2000 41: 1400 42:  500   [mono-viol x1]
  NT  30: 8250 31: 7950 32: 7200 33: 7200 34: 7050 35: 6900 36: 6600 37: 6150 38: 6150 39: 6100 40: 6100 41: 5750 42: 4500
  (127.950s)

hand 196: [11 41 51 61 62 63 66]
  P0  30: 3650 31: 3600 32: 3450 33: 3450 34: 3150 35: 2550 36: 2200 37: 1750 38: 1750 39: 1650 40: 1700 41: 1000 42:  500   [mono-viol x1]
  P1  30:10000 31:10000 32:10000 33:10000 34:10000 35: 9950 36:10000 37:10000 38:10000 39:10000 40:10000 41:10000 42: 9150   [mono-viol x1]
  P2  30: 5500 31: 5200 32: 4900 33: 4900 34: 4650 35: 4250 36: 3250 37: 3050 38: 3050 39: 3200 40: 2650 41: 2250 42: 1300   [mono-viol x1]
  P3  30: 6500 31: 6100 32: 5700 33: 5750 34: 5700 35: 5300 36: 4400 37: 3950 38: 3950 39: 3900 40: 3700 41: 2850 42: 1200   [mono-viol x1]
  P4  30: 5450 31: 4850 32: 4650 33: 4600 34: 4550 35: 4150 36: 3600 37: 3150 38: 3150 39: 3050 40: 2750 41: 2550 42: 1450
  P5  30: 4850 31: 4100 32: 3000 33: 3000 34: 3000 35: 2950 36: 2700 37: 2500 38: 2500 39: 2500 40: 2600 41: 1950 42: 1150   [mono-viol x1]
  P6  30: 9950 31: 9700 32: 9450 33: 9450 34: 9450 35: 9200 36: 8250 37: 7300 38: 7300 39: 7300 40: 7150 41: 7200 42: 4600   [mono-viol x1]
  DT  30: 6450 31: 5950 32: 5800 33: 5750 34: 5600 35: 4650 36: 3650 37: 3100 38: 3100 39: 2950 40: 2700 41: 1850 42:  750
  NT  30: 7950 31: 8000 32: 7200 33: 7200 34: 7250 35: 6750 36: 6300 37: 5450 38: 5450 39: 5450 40: 5700 41: 5550 42: 4350   [mono-viol x3]
  (157.158s)

hand 197: [30 41 43 50 51 62 64]
  P0  30: 5900 31: 5300 32: 5500 33: 5400 34: 4750 35: 4000 36: 3050 37: 2850 38: 2850 39: 2700 40: 2250 41: 1200 42:  400   [mono-viol x1]
  P1  30: 6650 31: 6050 32: 5800 33: 5750 34: 5100 35: 4000 36: 3400 37: 3350 38: 3350 39: 3350 40: 2700 41: 1300 42:  500
  P2  30: 4700 31: 4200 32: 4300 33: 4300 34: 4050 35: 3350 36: 3100 37: 2800 38: 2800 39: 2750 40: 2750 41: 1750 42: 1100   [mono-viol x1]
  P3  30: 4600 31: 4150 32: 3850 33: 3850 34: 3600 35: 3050 36: 2450 37: 2050 38: 2050 39: 2000 40: 1650 41: 1200 42:  450
  P4  30: 8550 31: 8300 32: 8250 33: 8350 34: 7700 35: 7250 36: 6400 37: 6100 38: 6050 39: 5850 40: 4750 41: 3450 42: 1450   [mono-viol x1]
  P5  30: 4500 31: 4000 32: 3250 33: 3150 34: 3100 35: 2850 36: 2250 37: 2000 38: 2000 39: 2000 40: 1900 41: 1600 42:  950
  P6  30: 7000 31: 6350 32: 6400 33: 6300 34: 5900 35: 5050 36: 4350 37: 3900 38: 3900 39: 3650 40: 3050 41: 1450 42:  450   [mono-viol x1]
  DT  30: 4900 31: 4650 32: 4500 33: 4500 34: 3700 35: 3000 36: 2700 37: 2800 38: 2800 39: 2600 40: 1950 41:  950 42:  300   [mono-viol x1]
  NT  30: 5850 31: 5650 32: 5300 33: 5250 34: 4800 35: 4450 36: 4050 37: 4350 38: 4350 39: 4250 40: 3450 41: 2550 42: 1550   [mono-viol x1]
  (91.526s)

hand 198: [00 41 42 52 62 63 65]
  P0  30: 4400 31: 4050 32: 3650 33: 3650 34: 3350 35: 2650 36: 2550 37: 2350 38: 2350 39: 2300 40: 2150 41: 1750 42:  850
  P1  30: 4350 31: 3850 32: 3850 33: 3950 34: 3600 35: 2850 36: 2350 37: 1950 38: 1950 39: 1850 40: 1700 41: 1250 42:  900   [mono-viol x1]
  P2  30: 8800 31: 8450 32: 8200 33: 8150 34: 8000 35: 7700 36: 6500 37: 6350 38: 6350 39: 6300 40: 6200 41: 5050 42: 2600
  P3  30: 5200 31: 5050 32: 4550 33: 4500 34: 4450 35: 4350 36: 3550 37: 3600 38: 3600 39: 3550 40: 3300 41: 2550 42: 1600   [mono-viol x1]
  P4  30: 5900 31: 4650 32: 4600 33: 4550 34: 4350 35: 4350 36: 4050 37: 3600 38: 3600 39: 3600 40: 3400 41: 2500 42: 1200
  P5  30: 5400 31: 4300 32: 3050 33: 3050 34: 3000 35: 2950 36: 2850 37: 2700 38: 2700 39: 2700 40: 2600 41: 2600 42: 1600
  P6  30: 9150 31: 8700 32: 8300 33: 8350 34: 8150 35: 7350 36: 6300 37: 6150 38: 6150 39: 6200 40: 6200 41: 5300 42: 2300   [mono-viol x2]
  DT  30: 5650 31: 4700 32: 4400 33: 4400 34: 4350 35: 4000 36: 3300 37: 3450 38: 3400 39: 3450 40: 2900 41: 2050 42:  750   [mono-viol x2]
  NT  30: 7000 31: 6700 32: 6050 33: 6000 34: 6100 35: 5750 36: 5350 37: 4950 38: 4950 39: 4950 40: 4950 41: 4900 42: 3750   [mono-viol x1]
  (139.841s)

hand 199: [20 43 52 60 62 63 64]
  P0  30: 6750 31: 6950 32: 6950 33: 6950 34: 6500 35: 5300 36: 4400 37: 4050 38: 4000 39: 4150 40: 3300 41: 2550 42:  800   [mono-viol x2]
  P1  30: 4350 31: 4300 32: 4550 33: 4050 34: 3400 35: 2650 36: 2250 37: 1950 38: 1950 39: 1900 40: 1700 41: 1050 42:  250   [mono-viol x1]
  P2  30: 9850 31: 9750 32: 9750 33: 9750 34: 9650 35: 9450 36: 8550 37: 8300 38: 8300 39: 8200 40: 7850 41: 5650 42: 2000
  P3  30: 7200 31: 6950 32: 6800 33: 6800 34: 6700 35: 5600 36: 4900 37: 4500 38: 4500 39: 4350 40: 3900 41: 2450 42:  950
  P4  30: 9150 31: 8650 32: 8600 33: 8500 34: 7950 35: 7350 36: 5950 37: 5850 38: 5800 39: 5500 40: 4750 41: 3550 42: 1200
  P5  30: 3900 31: 3300 32: 2750 33: 2700 34: 2550 35: 2250 36: 2100 37: 2050 38: 2050 39: 2050 40: 1750 41: 1300 42:  900
  P6  30: 9700 31: 9500 32: 9600 33: 9550 34: 9100 35: 8300 36: 7600 37: 7200 38: 7200 39: 7100 40: 6450 41: 4700 42: 2050   [mono-viol x1]
  DT  30: 5450 31: 5000 32: 4750 33: 4700 34: 4400 35: 3750 36: 3350 37: 3400 38: 3400 39: 3250 40: 2750 41: 1650 42:  600   [mono-viol x1]
  NT  30: 7500 31: 7200 32: 6900 33: 6850 34: 6350 35: 6150 36: 5250 37: 5000 38: 4900 39: 4800 40: 4300 41: 3050 42: 2400
  (135.017s)

nothing above exploratory tier; bid-curve values are never receipts; not a P-A21 statement
