bid-curve probe: EXPLORATORY P(make b) per (declaration, bid) at the auction point
level-1 seat (field = level-0 minds, n0=8), n_outer=12 CRN per hand, bids 30..=42, 18 rayon threads
SAMPLED — values are ESTIMATES; monotonicity in b is checked softly (see header)

hand 0: [11 20 50 52 53 61 64]
  P0  30: 5833 31: 5000 32: 4166 33: 3333 34: 4166 35: 3333 36: 3333 37: 3333 38: 3333 39: 3333 40: 2500 41: 1666 42:    0   [mono-viol x1]
  P1  30: 8333 31: 7500 32: 5833 33: 5833 34: 5833 35: 5833 36: 5000 37: 3333 38: 3333 39: 3333 40: 3333 41: 4166 42: 2500   [mono-viol x1]
  P2  30: 6666 31: 5000 32: 5000 33: 5000 34: 5000 35: 3333 36: 4166 37: 3333 38: 3333 39: 3333 40: 3333 41: 2500 42: 1666   [mono-viol x1]
  P3  30: 5000 31: 5833 32: 5833 33: 5833 34: 5000 35: 4166 36: 3333 37: 2500 38: 2500 39: 3333 40: 3333 41:  833 42:  833   [mono-viol x2]
  P4  30: 6666 31: 7500 32: 7500 33: 7500 34: 7500 35: 5833 36: 5000 37: 5000 38: 5000 39: 5000 40: 4166 41: 2500 42: 1666   [mono-viol x1]
  P5  30: 8333 31: 3333 32: 1666 33: 1666 34: 1666 35: 1666 36: 1666 37: 1666 38: 1666 39: 1666 40: 1666 41:  833 42:  833
  P6  30: 7500 31: 8333 32: 7500 33: 7500 34: 7500 35: 6666 36: 5833 37: 7500 38: 7500 39: 7500 40: 6666 41: 3333 42: 1666   [mono-viol x2]
  DT  30: 5833 31: 5000 32: 5000 33: 5000 34: 5000 35: 4166 36: 3333 37: 3333 38: 3333 39: 3333 40: 3333 41: 2500 42:    0
  NT  30: 6666 31: 5833 32: 5833 33: 5833 34: 5833 35: 4166 36: 5000 37: 6666 38: 6666 39: 6666 40: 6666 41: 5833 42: 1666   [mono-viol x2]
  (11.212s)

hand 1: [21 41 42 53 60 62 65]
  P0  30: 5000 31: 5000 32: 4166 33: 4166 34: 3333 35: 4166 36: 4166 37: 2500 38: 2500 39: 2500 40: 2500 41: 1666 42:    0   [mono-viol x1]
  P1  30: 4166 31: 2500 32: 4166 33: 4166 34: 3333 35: 3333 36: 3333 37: 3333 38: 3333 39: 3333 40: 2500 41:  833 42:    0   [mono-viol x1]
  P2  30: 8333 31: 6666 32: 6666 33: 6666 34: 7500 35: 5833 36: 4166 37: 3333 38: 3333 39: 4166 40: 4166 41: 4166 42:  833   [mono-viol x2]
  P3  30: 5833 31: 5833 32: 5833 33: 5833 34: 5000 35: 2500 36: 2500 37: 2500 38: 2500 39: 2500 40: 2500 41:  833 42:  833
  P4  30: 5000 31: 2500 32: 3333 33: 3333 34: 2500 35: 2500 36: 1666 37: 1666 38: 1666 39: 1666 40: 1666 41:  833 42:    0   [mono-viol x1]
  P5  30: 5833 31: 5000 32: 3333 33: 3333 34: 3333 35: 2500 36: 3333 37: 2500 38: 2500 39: 2500 40: 1666 41: 1666 42:  833   [mono-viol x1]
  P6  30: 8333 31: 8333 32: 8333 33: 8333 34: 6666 35: 7500 36: 6666 37: 5833 38: 5833 39: 5833 40: 5000 41: 4166 42: 2500   [mono-viol x1]
  DT  30: 5833 31: 5833 32: 5833 33: 5833 34: 4166 35: 3333 36: 3333 37: 3333 38: 3333 39: 3333 40: 2500 41: 1666 42:    0
  NT  30: 6666 31: 4166 32: 5000 33: 5000 34: 5833 35: 5833 36: 3333 37: 4166 38: 4166 39: 4166 40: 5000 41: 3333 42: 1666   [mono-viol x4]
  (12.000s)

hand 2: [10 20 22 40 51 53 63]
  P0  30: 9166 31: 8333 32: 8333 33: 8333 34: 8333 35: 7500 36: 5000 37: 5000 38: 5000 39: 5000 40: 5833 41: 4166 42: 2500   [mono-viol x1]
  P1  30: 6666 31: 6666 32: 5000 33: 5000 34: 5000 35: 5000 36: 5000 37: 4166 38: 4166 39: 4166 40: 4166 41: 3333 42:  833
  P2  30: 6666 31: 5000 32: 5000 33: 5000 34: 5000 35: 4166 36: 2500 37: 2500 38: 2500 39: 2500 40: 3333 41: 1666 42: 1666   [mono-viol x1]
  P3  30: 9166 31: 9166 32: 9166 33: 9166 34: 8333 35: 7500 36: 5833 37: 5833 38: 5833 39: 5833 40: 5833 41: 3333 42:  833
  P4  30: 4166 31: 3333 32: 4166 33: 4166 34: 4166 35: 3333 36: 4166 37: 3333 38: 3333 39: 3333 40: 3333 41: 2500 42: 2500   [mono-viol x2]
  P5  30: 8333 31: 6666 32: 3333 33: 3333 34: 3333 35: 3333 36: 3333 37: 3333 38: 3333 39: 3333 40: 3333 41: 2500 42: 2500
  P6  30: 6666 31: 5000 32: 5000 33: 5000 34: 4166 35: 3333 36: 4166 37: 3333 38: 3333 39: 3333 40: 2500 41: 1666 42:  833   [mono-viol x1]
  DT  30: 3333 31: 3333 32: 3333 33: 3333 34: 3333 35: 2500 36: 1666 37: 1666 38: 1666 39: 1666 40: 1666 41:  833 42:  833
  NT  30: 9166 31: 6666 32: 6666 33: 6666 34: 6666 35: 5833 36: 5833 37: 5833 38: 5833 39: 5833 40: 6666 41: 5833 42: 3333   [mono-viol x1]
  (10.374s)

hand 3: [10 31 32 44 55 60 64]
  P0  30: 8333 31: 7500 32: 7500 33: 7500 34: 7500 35: 7500 36: 6666 37: 5833 38: 5833 39: 5833 40: 4166 41: 3333 42:  833
  P1  30: 7500 31: 6666 32: 7500 33: 7500 34: 5833 35: 4166 36: 4166 37: 4166 38: 4166 39: 4166 40: 4166 41: 4166 42: 2500   [mono-viol x1]
  P2  30: 7500 31: 6666 32: 6666 33: 7500 34: 6666 35: 5000 36: 3333 37: 4166 38: 4166 39: 4166 40: 1666 41: 1666 42:    0   [mono-viol x2]
  P3  30:10000 31:10000 32:10000 33: 9166 34: 9166 35: 8333 36: 9166 37: 9166 38: 9166 39: 8333 40: 7500 41: 3333 42:  833   [mono-viol x1]
  P4  30:10000 31:10000 32:10000 33:10000 34:10000 35:10000 36:10000 37:10000 38:10000 39:10000 40:10000 41: 9166 42: 6666
  P5  30:10000 31:10000 32:10000 33:10000 34:10000 35: 9166 36: 9166 37: 9166 38: 9166 39: 9166 40: 6666 41: 5000 42: 3333
  P6  30:10000 31:10000 32:10000 33:10000 34:10000 35:10000 36: 9166 37: 9166 38: 9166 39: 9166 40: 8333 41: 5000 42: 2500
  DT  30:10000 31:10000 32:10000 33:10000 34: 9166 35: 8333 36: 8333 37: 7500 38: 7500 39: 7500 40: 7500 41: 2500 42:  833
  NT  30:10000 31:10000 32:10000 33:10000 34:10000 35: 9166 36:10000 37:10000 38:10000 39:10000 40:10000 41: 9166 42: 5833   [mono-viol x1]
  (8.968s)

hand 4: [11 30 43 55 62 64 65]
  P0  30: 6666 31: 5833 32: 5833 33: 5000 34: 5000 35: 4166 36: 4166 37: 4166 38: 4166 39: 4166 40: 2500 41:  833 42:  833
  P1  30: 7500 31: 8333 32: 8333 33: 8333 34: 5833 35: 5000 36: 4166 37: 4166 38: 4166 39: 4166 40: 4166 41: 4166 42: 1666   [mono-viol x1]
  P2  30: 8333 31: 8333 32: 9166 33: 9166 34: 9166 35: 7500 36: 6666 37: 5833 38: 5833 39: 5833 40: 5833 41: 4166 42: 1666   [mono-viol x1]
  P3  30: 8333 31: 9166 32:10000 33:10000 34:10000 35: 9166 36: 9166 37: 9166 38: 9166 39: 9166 40: 6666 41: 5000 42: 2500   [mono-viol x2]
  P4  30:10000 31:10000 32:10000 33:10000 34:10000 35:10000 36:10000 37:10000 38:10000 39:10000 40: 9166 41: 8333 42: 3333
  P5  30:10000 31:10000 32:10000 33:10000 34:10000 35:10000 36:10000 37:10000 38:10000 39:10000 40: 9166 41: 8333 42: 6666
  P6  30:10000 31:10000 32:10000 33:10000 34:10000 35:10000 36:10000 37:10000 38:10000 39:10000 40:10000 41: 9166 42: 1666
  DT  30:10000 31:10000 32:10000 33:10000 34:10000 35:10000 36: 8333 37: 8333 38: 8333 39: 8333 40: 8333 41: 5833 42:  833
  NT  30:10000 31:10000 32:10000 33:10000 34:10000 35:10000 36:10000 37:10000 38:10000 39:10000 40:10000 41: 6666 42: 5833
  (6.935s)

hand 5: [22 33 50 52 55 60 62]
  P0  30:10000 31:10000 32:10000 33:10000 34:10000 35:10000 36: 9166 37: 8333 38: 8333 39: 8333 40: 8333 41: 6666 42: 3333
  P1  30: 7500 31:10000 32:10000 33:10000 34: 7500 35: 5833 36: 5833 37: 5000 38: 5000 39: 4166 40: 4166 41: 2500 42:  833   [mono-viol x1]
  P2  30:10000 31:10000 32:10000 33:10000 34:10000 35:10000 36:10000 37:10000 38:10000 39:10000 40:10000 41:10000 42: 6666
  P3  30: 9166 31: 8333 32: 8333 33: 8333 34: 8333 35: 7500 36: 6666 37: 7500 38: 7500 39: 6666 40: 5833 41: 5833 42: 4166   [mono-viol x1]
  P4  30: 5833 31: 5833 32: 5000 33: 5000 34: 5000 35: 5000 36: 4166 37: 4166 38: 4166 39: 4166 40: 3333 41: 1666 42:    0
  P5  30: 9166 31: 9166 32: 9166 33: 9166 34: 9166 35: 9166 36: 9166 37: 9166 38: 9166 39: 9166 40: 8333 41: 6666 42: 1666
  P6  30: 8333 31: 5833 32: 5833 33: 5833 34: 5833 35: 5833 36: 5833 37: 5833 38: 5833 39: 5833 40: 5833 41: 4166 42: 1666
  DT  30:10000 31:10000 32:10000 33:10000 34:10000 35: 8333 36: 8333 37: 7500 38: 7500 39: 7500 40: 7500 41: 2500 42:  833
  NT  30:10000 31: 9166 32: 9166 33: 9166 34: 8333 35: 8333 36: 8333 37: 7500 38: 7500 39: 7500 40: 7500 41: 5833 42: 1666
  (13.161s)

hand 6: [22 30 31 42 60 61 63]
  P0  30: 8333 31: 7500 32: 5833 33: 5833 34: 5000 35: 6666 36: 4166 37: 3333 38: 3333 39: 3333 40: 3333 41: 2500 42:  833   [mono-viol x1]
  P1  30: 8333 31: 8333 32: 7500 33: 7500 34: 6666 35: 6666 36: 5000 37: 5000 38: 5000 39: 5000 40: 5000 41: 2500 42: 2500
  P2  30: 7500 31: 7500 32: 7500 33: 7500 34: 6666 35: 5833 36: 5833 37: 5833 38: 5833 39: 5000 40: 4166 41: 3333 42: 1666
  P3  30:10000 31: 8333 32: 8333 33: 8333 34: 8333 35: 9166 36: 8333 37: 7500 38: 7500 39: 7500 40: 7500 41: 5833 42: 3333   [mono-viol x1]
  P4  30: 6666 31: 4166 32: 4166 33: 4166 34: 4166 35: 4166 36: 3333 37: 3333 38: 3333 39: 3333 40: 3333 41: 3333 42:  833
  P5  30: 2500 31: 1666 32: 1666 33: 1666 34: 1666 35: 1666 36: 1666 37: 1666 38: 1666 39: 1666 40: 1666 41:  833 42:  833
  P6  30: 7500 31: 7500 32: 7500 33: 7500 34: 6666 35: 5833 36: 5000 37: 5000 38: 5000 39: 5000 40: 5000 41: 4166 42: 1666
  DT  30: 5833 31: 6666 32: 5000 33: 5000 34: 5000 35: 5000 36: 3333 37: 3333 38: 3333 39: 3333 40: 3333 41: 2500 42:  833   [mono-viol x1]
  NT  30: 7500 31: 7500 32: 5833 33: 5833 34: 5833 35: 5833 36: 5000 37: 4166 38: 4166 39: 4166 40: 4166 41: 4166 42: 3333
  (13.653s)

hand 7: [00 20 21 40 43 51 54]
  P0  30: 9166 31: 8333 32: 9166 33: 8333 34: 8333 35: 7500 36: 6666 37: 4166 38: 4166 39: 4166 40: 5000 41: 5000 42: 2500   [mono-viol x2]
  P1  30: 7500 31: 5833 32: 5833 33: 5833 34: 5833 35: 5000 36: 3333 37: 3333 38: 3333 39: 3333 40: 4166 41: 2500 42:  833   [mono-viol x1]
  P2  30: 6666 31: 6666 32: 5833 33: 5833 34: 5833 35: 5000 36: 3333 37: 3333 38: 3333 39: 3333 40: 3333 41: 2500 42: 1666
  P3  30: 5833 31: 3333 32: 3333 33: 3333 34: 3333 35: 4166 36: 2500 37: 3333 38: 3333 39: 3333 40: 2500 41: 1666 42:  833   [mono-viol x2]
  P4  30: 9166 31: 7500 32: 6666 33: 6666 34: 6666 35: 7500 36: 5833 37: 5833 38: 5833 39: 5833 40: 5833 41: 5833 42: 4166   [mono-viol x1]
  P5  30: 4166 31: 2500 32: 1666 33: 1666 34: 1666 35: 1666 36: 1666 37: 1666 38: 1666 39: 1666 40: 1666 41: 1666 42: 1666
  P6  30: 7500 31: 6666 32: 5833 33: 5833 34: 5833 35: 5000 36: 3333 37: 2500 38: 2500 39: 2500 40: 2500 41: 2500 42:  833
  DT  30: 3333 31: 3333 32: 3333 33: 3333 34: 3333 35: 2500 36: 2500 37: 1666 38: 1666 39: 1666 40:  833 41:  833 42:  833
  NT  30: 5833 31: 5833 32: 5000 33: 5000 34: 5000 35: 5000 36: 5000 37: 5000 38: 5000 39: 5000 40: 4166 41: 4166 42: 3333
  (12.827s)

hand 8: [00 10 21 40 60 62 66]
  P0  30:10000 31:10000 32:10000 33:10000 34:10000 35:10000 36:10000 37:10000 38:10000 39:10000 40:10000 41:10000 42:10000
  P1  30: 6666 31: 7500 32: 7500 33: 7500 34: 7500 35: 5000 36: 4166 37: 4166 38: 4166 39: 4166 40: 3333 41: 2500 42:  833   [mono-viol x1]
  P2  30:10000 31: 9166 32: 9166 33: 9166 34:10000 35: 9166 36: 8333 37: 8333 38: 8333 39: 8333 40: 9166 41: 4166 42: 1666   [mono-viol x2]
  P3  30: 6666 31: 5833 32: 5833 33: 6666 34: 5000 35: 5000 36: 3333 37: 3333 38: 3333 39: 2500 40: 1666 41:  833 42:    0   [mono-viol x1]
  P4  30: 5000 31: 4166 32: 4166 33: 4166 34: 4166 35: 4166 36: 4166 37: 4166 38: 4166 39: 4166 40: 4166 41: 4166 42: 2500
  P5  30: 5000 31: 4166 32: 2500 33: 2500 34: 2500 35: 2500 36: 2500 37: 2500 38: 2500 39: 2500 40:  833 41:  833 42:  833
  P6  30:10000 31:10000 32:10000 33:10000 34: 9166 35: 7500 36: 9166 37: 8333 38: 8333 39: 8333 40: 7500 41: 5833 42: 2500   [mono-viol x1]
  DT  30: 6666 31: 7500 32: 7500 33: 7500 34: 6666 35: 5833 36: 5833 37: 5833 38: 5833 39: 5833 40: 3333 41: 1666 42:  833   [mono-viol x1]
  NT  30: 7500 31: 6666 32: 6666 33: 6666 34: 6666 35: 7500 36: 5833 37: 5000 38: 5000 39: 5000 40: 5000 41: 4166 42: 4166   [mono-viol x1]
  (11.938s)

hand 9: [00 30 32 51 52 54 66]
  P0  30: 9166 31: 5833 32: 5833 33: 5833 34: 5833 35: 5833 36: 5000 37: 5833 38: 5833 39: 5833 40: 5000 41: 4166 42: 1666   [mono-viol x1]
  P1  30: 5833 31: 5833 32: 5000 33: 5000 34: 5000 35: 4166 36: 4166 37: 3333 38: 3333 39: 3333 40: 2500 41: 2500 42:  833
  P2  30: 8333 31: 8333 32: 9166 33: 9166 34: 9166 35: 9166 36: 8333 37: 8333 38: 8333 39: 8333 40: 5833 41: 4166 42: 1666   [mono-viol x1]
  P3  30: 8333 31: 7500 32: 7500 33: 7500 34: 6666 35: 5833 36: 5833 37: 6666 38: 6666 39: 6666 40: 5000 41: 3333 42:  833   [mono-viol x1]
  P4  30: 6666 31: 6666 32: 6666 33: 6666 34: 6666 35: 5833 36: 5833 37: 5000 38: 5000 39: 5000 40: 4166 41: 3333 42: 2500
  P5  30: 6666 31: 4166 32: 3333 33: 3333 34: 3333 35: 3333 36: 3333 37: 3333 38: 3333 39: 3333 40: 3333 41: 3333 42: 3333
  P6  30: 7500 31: 5833 32: 5833 33: 5833 34: 6666 35: 5000 36: 4166 37: 4166 38: 4166 39: 4166 40: 3333 41: 3333 42:  833   [mono-viol x1]
  DT  30: 8333 31: 7500 32: 7500 33: 7500 34: 7500 35: 5833 36: 5833 37: 5833 38: 5833 39: 5833 40: 6666 41: 4166 42: 1666   [mono-viol x1]
  NT  30: 8333 31: 7500 32: 7500 33: 7500 34: 7500 35: 6666 36: 6666 37: 6666 38: 6666 39: 6666 40: 5833 41: 5000 42: 1666
  (13.026s)

hand 10: [40 50 53 55 60 62 63]
  P0  30:10000 31:10000 32:10000 33:10000 34:10000 35:10000 36:10000 37:10000 38:10000 39: 9166 40: 7500 41: 7500 42: 2500
  P1  30: 5833 31: 5000 32: 5000 33: 5000 34: 5833 35: 5000 36: 4166 37: 4166 38: 4166 39: 4166 40: 3333 41: 2500 42: 2500   [mono-viol x1]
  P2  30: 4166 31: 4166 32: 4166 33: 4166 34: 3333 35: 2500 36: 1666 37: 1666 38: 1666 39: 1666 40: 1666 41:  833 42:    0
  P3  30:10000 31: 9166 32:10000 33: 9166 34: 9166 35: 7500 36: 9166 37: 7500 38: 7500 39: 7500 40: 6666 41: 5833 42: 1666   [mono-viol x2]
  P4  30: 5000 31: 5000 32: 5000 33: 5000 34: 5000 35: 4166 36: 5000 37: 4166 38: 4166 39: 4166 40: 3333 41: 2500 42:  833   [mono-viol x1]
  P5  30:10000 31: 7500 32: 7500 33: 7500 34: 6666 35: 5833 36: 5833 37: 6666 38: 6666 39: 6666 40: 5833 41: 5000 42: 4166   [mono-viol x1]
  P6  30: 9166 31: 6666 32: 6666 33: 6666 34: 5833 35: 6666 36: 5833 37: 6666 38: 6666 39: 6666 40: 5833 41: 3333 42:  833   [mono-viol x2]
  DT  30: 5833 31: 5000 32: 4166 33: 4166 34: 5000 35: 4166 36: 4166 37: 4166 38: 4166 39: 3333 40: 2500 41:  833 42:  833   [mono-viol x1]
  NT  30: 9166 31: 8333 32: 8333 33: 8333 34: 6666 35: 6666 36: 5000 37: 5000 38: 5000 39: 5000 40: 4166 41: 4166 42: 3333
  (11.787s)

hand 11: [32 40 41 44 50 62 66]
  P0  30: 9166 31: 8333 32: 8333 33: 8333 34: 6666 35: 7500 36: 4166 37: 3333 38: 3333 39: 3333 40: 3333 41: 3333 42:  833   [mono-viol x1]
  P1  30: 6666 31: 5833 32: 5833 33: 5833 34: 5000 35: 5000 36: 5833 37: 3333 38: 3333 39: 3333 40: 3333 41: 2500 42:  833   [mono-viol x1]
  P2  30: 9166 31: 9166 32: 9166 33: 9166 34: 8333 35: 7500 36: 6666 37: 6666 38: 6666 39: 6666 40: 5833 41: 5833 42: 1666
  P3  30: 9166 31: 6666 32: 6666 33: 6666 34: 7500 35: 6666 36: 5000 37: 4166 38: 4166 39: 4166 40: 4166 41: 1666 42:  833   [mono-viol x1]
  P4  30: 9166 31: 9166 32: 9166 33: 9166 34: 8333 35: 9166 36: 9166 37: 9166 38: 9166 39: 9166 40: 9166 41: 8333 42: 5000   [mono-viol x1]
  P5  30: 7500 31: 6666 32: 5833 33: 5833 34: 5833 35: 5833 36: 5000 37: 5000 38: 5000 39: 5000 40: 3333 41: 3333 42: 1666
  P6  30: 8333 31: 7500 32: 7500 33: 7500 34: 6666 35: 7500 36: 6666 37: 5833 38: 5833 39: 5833 40: 5833 41: 4166 42: 4166   [mono-viol x1]
  DT  30: 6666 31: 5833 32: 6666 33: 6666 34: 5833 35: 5833 36: 5833 37: 3333 38: 3333 39: 3333 40: 4166 41: 4166 42:    0   [mono-viol x2]
  NT  30:10000 31:10000 32:10000 33:10000 34: 9166 35: 8333 36:10000 37: 8333 38: 8333 39: 8333 40: 8333 41: 7500 42: 6666   [mono-viol x1]
  (10.420s)

hand 12: [00 20 32 40 41 42 54]
  P0  30: 8333 31: 8333 32: 8333 33: 8333 34: 9166 35: 8333 36: 6666 37: 5833 38: 5833 39: 5833 40: 5833 41: 5833 42: 3333   [mono-viol x1]
  P1  30: 3333 31: 5000 32: 5000 33: 4166 34: 4166 35: 3333 36: 2500 37: 2500 38: 2500 39: 2500 40: 2500 41: 1666 42:  833   [mono-viol x1]
  P2  30:10000 31: 8333 32: 8333 33: 8333 34: 8333 35: 8333 36: 8333 37: 8333 38: 8333 39: 7500 40: 6666 41: 5833 42: 2500
  P3  30: 5833 31: 5000 32: 4166 33: 5000 34: 5000 35: 5000 36: 3333 37: 4166 38: 4166 39: 4166 40: 2500 41: 1666 42:  833   [mono-viol x2]
  P4  30: 9166 31: 5833 32: 5833 33: 5833 34: 5833 35: 5833 36: 5833 37: 5833 38: 5833 39: 5833 40: 5833 41: 4166 42: 2500
  P5  30: 5833 31: 3333 32: 1666 33: 1666 34: 1666 35: 1666 36: 2500 37: 1666 38: 1666 39: 1666 40: 1666 41: 1666 42:  833   [mono-viol x1]
  P6  30: 5000 31: 5000 32: 5000 33: 5000 34: 5000 35: 5833 36: 5833 37: 5000 38: 5000 39: 5000 40: 3333 41: 2500 42:  833   [mono-viol x1]
  DT  30: 5000 31: 4166 32: 4166 33: 4166 34: 4166 35: 4166 36: 4166 37: 3333 38: 3333 39: 3333 40: 3333 41: 2500 42:    0
  NT  30: 6666 31: 5833 32: 5833 33: 5833 34: 5833 35: 5000 36: 5000 37: 4166 38: 4166 39: 4166 40: 4166 41: 4166 42: 3333
  (12.570s)

hand 13: [11 20 21 40 44 61 62]
  P0  30: 8333 31: 8333 32: 8333 33: 8333 34: 8333 35: 5833 36: 3333 37: 3333 38: 3333 39: 3333 40: 3333 41: 1666 42:  833
  P1  30:10000 31:10000 32:10000 33:10000 34:10000 35:10000 36:10000 37: 9166 38: 9166 39: 9166 40:10000 41: 9166 42: 7500   [mono-viol x1]
  P2  30:10000 31:10000 32:10000 33:10000 34:10000 35:10000 36: 8333 37: 6666 38: 6666 39: 6666 40: 6666 41: 6666 42: 4166
  P3  30: 5833 31: 5833 32: 5833 33: 5833 34: 4166 35: 4166 36: 3333 37: 2500 38: 2500 39: 2500 40: 2500 41: 1666 42:    0
  P4  30: 8333 31: 8333 32: 7500 33: 7500 34: 8333 35: 7500 36: 7500 37: 5833 38: 5833 39: 5833 40: 5000 41: 4166 42: 2500   [mono-viol x1]
  P5  30: 5833 31: 5833 32: 4166 33: 4166 34: 4166 35: 4166 36: 4166 37: 4166 38: 4166 39: 4166 40: 3333 41: 3333 42:  833
  P6  30: 9166 31: 9166 32: 8333 33: 8333 34: 8333 35: 8333 36: 7500 37: 5833 38: 5833 39: 5833 40: 7500 41: 3333 42:    0   [mono-viol x1]
  DT  30: 5833 31: 5000 32: 5000 33: 5000 34: 4166 35: 5000 36: 5000 37: 4166 38: 4166 39: 4166 40: 3333 41: 2500 42:  833   [mono-viol x1]
  NT  30:10000 31: 7500 32: 7500 33: 7500 34: 8333 35: 6666 36: 6666 37: 6666 38: 6666 39: 6666 40: 5833 41: 5000 42: 3333   [mono-viol x1]
  (14.771s)

hand 14: [11 20 21 32 44 51 60]
  P0  30: 8333 31: 7500 32: 7500 33: 7500 34: 6666 35: 6666 36: 5000 37: 5000 38: 5000 39: 5000 40: 5000 41: 3333 42: 2500
  P1  30:10000 31:10000 32:10000 33:10000 34:10000 35:10000 36: 7500 37: 7500 38: 7500 39: 7500 40: 7500 41: 8333 42: 5000   [mono-viol x1]
  P2  30:10000 31:10000 32:10000 33:10000 34:10000 35:10000 36: 9166 37:10000 38:10000 39:10000 40: 8333 41: 4166 42: 2500   [mono-viol x1]
  P3  30: 6666 31: 7500 32: 6666 33: 6666 34: 7500 35: 7500 36: 5000 37: 5000 38: 5000 39: 5000 40: 3333 41: 2500 42: 2500   [mono-viol x2]
  P4  30: 5000 31: 3333 32: 3333 33: 3333 34: 3333 35: 2500 36: 2500 37: 1666 38: 1666 39: 1666 40: 1666 41:  833 42:    0
  P5  30: 5000 31: 5000 32: 2500 33: 2500 34: 2500 35: 2500 36: 2500 37: 2500 38: 2500 39: 2500 40: 2500 41: 1666 42:  833
  P6  30: 5000 31: 5000 32: 5000 33: 5000 34: 4166 35: 4166 36: 4166 37: 3333 38: 3333 39: 3333 40: 2500 41: 1666 42: 1666
  DT  30: 5000 31: 3333 32: 3333 33: 3333 34: 2500 35: 3333 36: 2500 37: 2500 38: 2500 39: 2500 40: 2500 41: 2500 42:    0   [mono-viol x1]
  NT  30: 9166 31: 7500 32: 6666 33: 6666 34: 6666 35: 5833 36: 6666 37: 5833 38: 5833 39: 5833 40: 5000 41: 5833 42: 5000   [mono-viol x2]
  (10.810s)

hand 15: [10 20 30 32 53 60 63]
  P0  30:10000 31:10000 32:10000 33:10000 34:10000 35: 8333 36: 5000 37: 5000 38: 5000 39: 5000 40: 5000 41: 3333 42: 1666
  P1  30: 5000 31: 4166 32: 3333 33: 4166 34: 4166 35: 2500 36: 1666 37: 1666 38: 1666 39: 1666 40: 1666 41:  833 42:    0   [mono-viol x1]
  P2  30: 5000 31: 5000 32: 5833 33: 5833 34: 4166 35: 3333 36: 4166 37: 2500 38: 2500 39: 2500 40: 1666 41:    0 42:    0   [mono-viol x2]
  P3  30:10000 31:10000 32:10000 33:10000 34:10000 35:10000 36:10000 37: 9166 38: 9166 39:10000 40: 8333 41: 5833 42: 2500   [mono-viol x1]
  P4  30: 5833 31: 5833 32: 5000 33: 4166 34: 3333 35: 3333 36: 3333 37: 3333 38: 2500 39: 2500 40: 1666 41:  833 42:    0
  P5  30: 2500 31: 2500 32: 2500 33: 2500 34: 2500 35: 2500 36: 2500 37: 1666 38: 1666 39: 1666 40: 1666 41: 1666 42:  833
  P6  30: 5833 31: 5000 32: 6666 33: 6666 34: 4166 35: 3333 36: 3333 37: 3333 38: 2500 39: 2500 40: 1666 41: 1666 42: 1666   [mono-viol x1]
  DT  30: 4166 31: 4166 32: 4166 33: 4166 34: 3333 35: 2500 36: 1666 37: 1666 38: 1666 39: 1666 40: 1666 41: 1666 42:  833
  NT  30: 5833 31: 4166 32: 4166 33: 4166 34: 4166 35: 5000 36: 5833 37: 5833 38: 5833 39: 5833 40: 5000 41: 3333 42: 1666   [mono-viol x2]
  (11.635s)

hand 16: [00 21 30 33 44 53 60]
  P0  30:10000 31:10000 32:10000 33:10000 34:10000 35:10000 36:10000 37:10000 38:10000 39:10000 40:10000 41:10000 42: 8333
  P1  30: 7500 31: 6666 32: 6666 33: 5833 34: 5833 35: 5833 36: 7500 37: 5833 38: 5833 39: 5833 40: 5833 41: 5000 42:  833   [mono-viol x1]
  P2  30: 6666 31: 7500 32: 7500 33: 7500 34: 5833 35: 6666 36: 5000 37: 6666 38: 6666 39: 6666 40: 5833 41: 2500 42: 1666   [mono-viol x3]
  P3  30:10000 31:10000 32:10000 33:10000 34:10000 35:10000 36:10000 37:10000 38:10000 39:10000 40:10000 41: 9166 42: 7500
  P4  30: 7500 31: 6666 32: 6666 33: 6666 34: 6666 35: 5833 36: 5833 37: 5000 38: 5000 39: 4166 40: 4166 41: 5000 42: 3333   [mono-viol x1]
  P5  30: 5833 31: 4166 32: 3333 33: 3333 34: 3333 35: 3333 36: 3333 37: 3333 38: 3333 39: 3333 40: 3333 41: 2500 42: 2500
  P6  30: 6666 31: 5000 32: 6666 33: 6666 34: 5833 35: 5000 36: 5000 37: 5000 38: 5000 39: 5000 40: 5000 41: 4166 42: 2500   [mono-viol x1]
  DT  30: 6666 31: 5000 32: 4166 33: 5000 34: 5833 35: 5000 36: 4166 37: 4166 38: 4166 39: 4166 40: 4166 41: 4166 42:  833   [mono-viol x2]
  NT  30:10000 31:10000 32: 9166 33: 9166 34: 9166 35: 9166 36: 8333 37: 9166 38: 9166 39: 9166 40: 9166 41: 9166 42: 7500   [mono-viol x1]
  (13.217s)

hand 17: [10 20 30 44 50 52 63]
  P0  30:10000 31:10000 32:10000 33:10000 34: 9166 35: 8333 36: 8333 37: 8333 38: 8333 39: 7500 40: 5833 41: 3333 42:  833
  P1  30: 5833 31: 6666 32: 6666 33: 5833 34: 5833 35: 5833 36: 5000 37: 3333 38: 3333 39: 2500 40: 2500 41: 1666 42:  833   [mono-viol x1]
  P2  30: 6666 31: 7500 32: 7500 33: 7500 34: 6666 35: 6666 36: 5000 37: 4166 38: 4166 39: 5000 40: 3333 41: 2500 42: 1666   [mono-viol x2]
  P3  30: 6666 31: 7500 32: 7500 33: 7500 34: 7500 35: 7500 36: 6666 37: 6666 38: 6666 39: 6666 40: 6666 41: 3333 42: 3333   [mono-viol x1]
  P4  30: 6666 31: 5833 32: 5833 33: 5833 34: 5833 35: 5000 36: 4166 37: 4166 38: 4166 39: 4166 40: 4166 41: 4166 42: 4166
  P5  30: 5000 31: 5833 32: 3333 33: 3333 34: 3333 35: 3333 36: 3333 37: 3333 38: 3333 39: 3333 40: 3333 41: 3333 42: 1666   [mono-viol x1]
  P6  30: 6666 31: 5000 32: 5000 33: 5000 34: 5000 35: 4166 36: 4166 37: 4166 38: 4166 39: 3333 40: 4166 41: 4166 42:  833   [mono-viol x1]
  DT  30: 3333 31: 3333 32: 3333 33: 3333 34: 3333 35: 3333 36: 3333 37: 2500 38: 2500 39: 2500 40: 2500 41:  833 42:    0
  NT  30: 7500 31: 8333 32: 7500 33: 8333 34: 8333 35: 7500 36: 5833 37: 7500 38: 7500 39: 6666 40: 6666 41: 6666 42: 5833   [mono-viol x3]
  (9.228s)

hand 18: [30 32 43 50 60 63 64]
  P0  30:10000 31:10000 32:10000 33:10000 34:10000 35:10000 36:10000 37:10000 38:10000 39:10000 40: 9166 41: 5833 42: 1666
  P1  30: 4166 31: 4166 32: 4166 33: 2500 34: 2500 35: 2500 36: 2500 37: 2500 38: 2500 39: 2500 40:  833 41:  833 42:    0
  P2  30: 7500 31: 7500 32: 8333 33: 8333 34: 7500 35: 6666 36: 5000 37: 5000 38: 5000 39: 5000 40: 3333 41: 2500 42: 2500   [mono-viol x1]
  P3  30: 9166 31: 9166 32: 9166 33: 9166 34: 9166 35:10000 36: 7500 37: 7500 38: 7500 39: 8333 40: 7500 41: 7500 42: 2500   [mono-viol x2]
  P4  30: 8333 31: 6666 32: 6666 33: 5833 34: 5833 35: 5833 36: 4166 37: 5833 38: 5833 39: 5833 40: 5833 41: 2500 42:  833   [mono-viol x1]
  P5  30: 2500 31:  833 32:    0 33:    0 34:    0 35:    0 36:    0 37:    0 38:    0 39:    0 40:    0 41:    0 42:    0
  P6  30: 7500 31: 8333 32: 7500 33: 7500 34: 7500 35: 6666 36: 6666 37: 6666 38: 6666 39: 6666 40: 5833 41: 4166 42: 1666   [mono-viol x1]
  DT  30: 4166 31: 3333 32: 3333 33: 3333 34: 3333 35: 3333 36: 2500 37: 1666 38: 1666 39: 1666 40: 2500 41:  833 42:    0   [mono-viol x1]
  NT  30: 7500 31: 5833 32: 5833 33: 5833 34: 5833 35: 5000 36: 5000 37: 4166 38: 4166 39: 3333 40: 3333 41: 3333 42: 2500
  (11.974s)

hand 19: [00 20 40 43 51 54 61]
  P0  30: 9166 31: 9166 32: 9166 33: 9166 34: 9166 35: 9166 36: 8333 37: 7500 38: 7500 39: 7500 40: 7500 41: 6666 42: 1666
  P1  30: 7500 31: 6666 32: 5833 33: 5833 34: 6666 35: 5000 36: 5000 37: 5000 38: 5000 39: 5000 40: 3333 41: 1666 42:    0   [mono-viol x1]
  P2  30: 4166 31: 4166 32: 3333 33: 3333 34: 3333 35: 2500 36: 2500 37: 2500 38: 2500 39: 2500 40: 2500 41: 1666 42: 1666
  P3  30: 5833 31: 5833 32: 4166 33: 4166 34: 4166 35: 5000 36: 3333 37: 3333 38: 3333 39: 2500 40: 2500 41: 1666 42:  833   [mono-viol x1]
  P4  30: 6666 31: 5833 32: 5833 33: 6666 34: 5833 35: 5833 36: 6666 37: 6666 38: 6666 39: 6666 40: 6666 41: 5833 42:  833   [mono-viol x2]
  P5  30: 5000 31: 3333 32: 1666 33: 1666 34: 1666 35: 1666 36: 1666 37: 1666 38: 1666 39: 1666 40: 1666 41: 1666 42:  833
  P6  30: 4166 31: 5833 32: 5000 33: 5000 34: 5000 35: 5000 36: 5000 37: 5000 38: 5000 39: 5000 40: 4166 41: 2500 42: 1666   [mono-viol x1]
  DT  30: 3333 31: 2500 32: 4166 33: 4166 34: 2500 35: 1666 36: 1666 37: 1666 38: 1666 39: 1666 40: 1666 41:  833 42:    0   [mono-viol x1]
  NT  30: 8333 31: 6666 32: 5833 33: 5833 34: 5833 35: 5833 36: 5000 37: 5833 38: 5833 39: 5833 40: 5833 41: 4166 42: 3333   [mono-viol x1]
  (10.969s)

hand 20: [00 11 30 31 32 50 61]
  P0  30:10000 31:10000 32:10000 33:10000 34:10000 35:10000 36:10000 37:10000 38:10000 39:10000 40:10000 41: 7500 42: 4166
  P1  30:10000 31:10000 32:10000 33:10000 34:10000 35: 9166 36: 9166 37: 8333 38: 8333 39: 8333 40: 8333 41: 8333 42: 5833
  P2  30: 6666 31: 6666 32: 5000 33: 5000 34: 5000 35: 3333 36: 3333 37: 2500 38: 2500 39: 2500 40: 4166 41: 1666 42:  833   [mono-viol x1]
  P3  30:10000 31:10000 32:10000 33:10000 34:10000 35:10000 36:10000 37: 9166 38: 9166 39: 9166 40: 8333 41: 3333 42:    0
  P4  30: 5000 31: 4166 32: 4166 33: 4166 34: 3333 35: 2500 36: 2500 37: 2500 38: 2500 39: 2500 40: 1666 41: 1666 42:  833
  P5  30: 4166 31: 2500 32: 2500 33: 2500 34: 2500 35: 1666 36: 1666 37: 1666 38: 1666 39: 1666 40: 1666 41: 1666 42:  833
  P6  30: 5833 31: 5833 32: 5833 33: 5833 34: 5833 35: 5000 36: 5833 37: 5833 38: 5833 39: 5833 40: 5000 41: 2500 42:  833   [mono-viol x1]
  DT  30: 5000 31: 5833 32: 5000 33: 5000 34: 5000 35: 3333 36: 4166 37: 3333 38: 3333 39: 3333 40: 1666 41: 1666 42:    0   [mono-viol x2]
  NT  30: 8333 31: 6666 32: 6666 33: 6666 34: 5833 35: 5833 36: 3333 37: 3333 38: 3333 39: 3333 40: 4166 41: 3333 42: 1666   [mono-viol x1]
  (13.022s)

hand 21: [00 11 20 32 50 55 64]
  P0  30:10000 31:10000 32:10000 33:10000 34:10000 35:10000 36:10000 37: 8333 38: 8333 39: 8333 40: 8333 41:10000 42: 5000   [mono-viol x1]
  P1  30: 7500 31: 7500 32: 7500 33: 7500 34: 7500 35: 6666 36: 5000 37: 5000 38: 5000 39: 5000 40: 5000 41: 5000 42: 1666
  P2  30:10000 31: 9166 32: 9166 33: 9166 34: 8333 35: 7500 36: 6666 37: 6666 38: 6666 39: 7500 40: 6666 41: 5833 42: 2500   [mono-viol x1]
  P3  30: 5000 31: 5833 32: 5833 33: 5833 34: 5833 35: 4166 36: 2500 37: 2500 38: 2500 39: 2500 40: 2500 41: 1666 42:    0   [mono-viol x1]
  P4  30: 9166 31: 9166 32: 8333 33: 8333 34:10000 35: 9166 36: 8333 37: 8333 38: 8333 39: 9166 40: 8333 41: 5000 42: 2500   [mono-viol x2]
  P5  30: 9166 31: 9166 32:10000 33:10000 34:10000 35:10000 36: 6666 37: 5833 38: 5833 39: 5833 40: 5833 41: 5833 42: 3333   [mono-viol x1]
  P6  30: 9166 31: 8333 32: 9166 33: 9166 34: 9166 35: 8333 36: 6666 37: 5833 38: 5833 39: 5833 40: 5833 41: 3333 42: 1666   [mono-viol x1]
  DT  30:10000 31:10000 32:10000 33:10000 34: 9166 35: 9166 36: 7500 37: 6666 38: 6666 39: 6666 40: 6666 41: 5000 42: 1666
  NT  30:10000 31:10000 32:10000 33:10000 34:10000 35:10000 36:10000 37: 8333 38: 8333 39: 8333 40: 8333 41: 7500 42: 7500
  (9.989s)

hand 22: [10 31 43 50 52 55 65]
  P0  30: 8333 31: 8333 32: 8333 33: 8333 34: 5833 35: 5833 36: 4166 37: 4166 38: 4166 39: 4166 40: 5000 41: 1666 42:    0   [mono-viol x1]
  P1  30: 8333 31: 9166 32: 8333 33: 8333 34: 9166 35: 9166 36: 7500 37: 6666 38: 6666 39: 6666 40: 5833 41: 5000 42: 4166   [mono-viol x2]
  P2  30: 7500 31: 6666 32: 7500 33: 7500 34: 5833 35: 5833 36: 5833 37: 3333 38: 3333 39: 3333 40: 3333 41: 3333 42: 2500   [mono-viol x1]
  P3  30: 7500 31: 6666 32: 6666 33: 6666 34: 6666 35: 6666 36: 5833 37: 5833 38: 5833 39: 5833 40: 5833 41: 5000 42: 3333
  P4  30: 5000 31: 4166 32: 4166 33: 4166 34: 4166 35: 4166 36: 4166 37: 3333 38: 3333 39: 3333 40: 3333 41: 2500 42: 1666
  P5  30:10000 31:10000 32:10000 33:10000 34:10000 35:10000 36:10000 37:10000 38:10000 39:10000 40:10000 41:10000 42: 8333
  P6  30: 6666 31: 5000 32: 5000 33: 5000 34: 5000 35: 4166 36: 5000 37: 5000 38: 5000 39: 5000 40: 3333 41: 2500 42: 1666   [mono-viol x1]
  DT  30: 9166 31:10000 32: 9166 33: 9166 34: 9166 35: 8333 36: 7500 37: 6666 38: 6666 39: 6666 40: 5833 41: 4166 42: 1666   [mono-viol x1]
  NT  30:10000 31:10000 32:10000 33:10000 34:10000 35: 9166 36: 8333 37: 7500 38: 7500 39: 7500 40: 8333 41: 6666 42: 5833   [mono-viol x1]
  (10.604s)

hand 23: [21 42 44 50 51 52 62]
  P0  30: 5833 31: 4166 32: 4166 33: 4166 34: 3333 35: 3333 36: 4166 37: 2500 38: 2500 39: 2500 40: 1666 41: 1666 42: 1666   [mono-viol x1]
  P1  30: 8333 31: 7500 32: 6666 33: 5833 34: 8333 35: 4166 36: 6666 37: 5833 38: 5833 39: 5833 40: 3333 41: 2500 42:  833   [mono-viol x2]
  P2  30:10000 31:10000 32:10000 33:10000 34:10000 35: 9166 36: 8333 37: 8333 38: 8333 39: 7500 40: 6666 41: 6666 42: 2500
  P3  30: 7500 31: 7500 32: 7500 33: 7500 34: 5833 35: 5833 36: 5000 37: 4166 38: 4166 39: 4166 40: 3333 41: 1666 42:    0
  P4  30: 8333 31: 8333 32: 9166 33: 9166 34: 9166 35: 7500 36: 8333 37: 7500 38: 7500 39: 6666 40: 5833 41: 5833 42: 3333   [mono-viol x2]
  P5  30: 7500 31: 5833 32: 4166 33: 4166 34: 4166 35: 4166 36: 4166 37: 4166 38: 4166 39: 4166 40: 4166 41: 4166 42: 2500
  P6  30: 5000 31: 4166 32: 3333 33: 3333 34: 3333 35: 4166 36: 3333 37: 1666 38: 1666 39: 1666 40: 1666 41:  833 42: 1666   [mono-viol x2]
  DT  30: 6666 31: 5000 32: 5000 33: 5000 34: 4166 35: 4166 36: 4166 37: 3333 38: 3333 39: 3333 40: 3333 41: 3333 42:  833
  NT  30: 8333 31: 8333 32: 8333 33: 8333 34: 8333 35: 7500 36: 5833 37: 5833 38: 5833 39: 6666 40: 5833 41: 5000 42: 4166   [mono-viol x1]
  (14.480s)

hand 24: [00 10 21 22 44 50 54]
  P0  30:10000 31:10000 32:10000 33:10000 34:10000 35:10000 36:10000 37:10000 38:10000 39:10000 40:10000 41:10000 42: 6666
  P1  30: 8333 31: 7500 32: 7500 33: 7500 34: 7500 35: 7500 36: 6666 37: 5833 38: 5833 39: 5833 40: 5833 41: 5833 42: 2500
  P2  30: 9166 31: 9166 32: 9166 33: 9166 34: 9166 35: 9166 36: 8333 37: 7500 38: 7500 39: 7500 40: 7500 41: 6666 42: 4166
  P3  30: 9166 31: 7500 32: 7500 33: 7500 34: 7500 35: 5833 36: 5000 37: 4166 38: 4166 39: 4166 40: 3333 41: 1666 42:    0
  P4  30:10000 31:10000 32:10000 33:10000 34:10000 35:10000 36: 9166 37: 9166 38: 9166 39: 9166 40: 8333 41: 8333 42: 7500
  P5  30: 7500 31: 4166 32: 3333 33: 3333 34: 3333 35: 3333 36: 3333 37: 3333 38: 3333 39: 3333 40: 3333 41: 3333 42: 2500
  P6  30: 6666 31: 6666 32: 6666 33: 6666 34: 6666 35: 6666 36: 5833 37: 5833 38: 5833 39: 5833 40: 5833 41: 3333 42:  833
  DT  30: 8333 31: 7500 32: 5000 33: 5000 34: 5000 35: 5833 36: 4166 37: 5000 38: 5000 39: 5000 40: 5833 41: 2500 42:  833   [mono-viol x3]
  NT  30:10000 31:10000 32:10000 33:10000 34:10000 35:10000 36:10000 37: 9166 38: 9166 39: 9166 40: 9166 41: 9166 42: 5833
  (14.040s)

hand 25: [33 42 43 54 60 62 65]
  P0  30: 6666 31: 5833 32: 6666 33: 6666 34: 5833 35: 4166 36: 4166 37: 4166 38: 4166 39: 5000 40: 4166 41: 4166 42: 1666   [mono-viol x2]
  P1  30: 5833 31: 5833 32: 5833 33: 5833 34: 4166 35: 3333 36: 3333 37: 3333 38: 3333 39: 3333 40: 3333 41: 1666 42:    0
  P2  30: 9166 31: 7500 32: 6666 33: 6666 34: 8333 35: 6666 36: 5000 37: 5833 38: 5833 39: 5833 40: 5833 41: 5000 42: 2500   [mono-viol x2]
  P3  30:10000 31: 9166 32: 8333 33: 8333 34: 8333 35: 7500 36: 6666 37: 7500 38: 7500 39: 7500 40: 7500 41: 6666 42: 4166   [mono-viol x1]
  P4  30: 9166 31: 6666 32: 5000 33: 5000 34: 5000 35: 5000 36: 4166 37: 4166 38: 4166 39: 4166 40: 4166 41: 3333 42: 1666
  P5  30: 5000 31: 5000 32: 2500 33: 2500 34: 2500 35: 2500 36: 2500 37: 2500 38: 2500 39: 2500 40: 2500 41: 2500 42: 2500
  P6  30:10000 31:10000 32:10000 33:10000 34:10000 35:10000 36: 9166 37: 8333 38: 8333 39: 8333 40: 7500 41: 5833 42: 2500
  DT  30: 5833 31: 5000 32: 4166 33: 4166 34: 4166 35: 4166 36: 5000 37: 4166 38: 4166 39: 4166 40: 3333 41: 3333 42: 1666   [mono-viol x1]
  NT  30: 7500 31: 7500 32: 7500 33: 7500 34: 7500 35: 7500 36: 6666 37: 6666 38: 6666 39: 6666 40: 7500 41: 7500 42: 4166   [mono-viol x1]
  (16.871s)

hand 26: [21 30 52 53 55 61 62]
  P0  30: 6666 31: 5000 32: 5000 33: 5000 34: 5000 35: 5000 36: 3333 37: 2500 38: 2500 39: 2500 40: 1666 41: 1666 42: 1666
  P1  30: 9166 31: 8333 32: 8333 33: 7500 34: 7500 35: 7500 36: 5833 37: 5833 38: 5833 39: 5833 40: 4166 41: 3333 42:    0
  P2  30:10000 31:10000 32:10000 33:10000 34:10000 35:10000 36: 8333 37: 8333 38: 8333 39: 9166 40: 8333 41: 6666 42: 3333   [mono-viol x1]
  P3  30:10000 31: 9166 32: 9166 33:10000 34: 8333 35: 6666 36: 7500 37: 6666 38: 6666 39: 5833 40: 7500 41: 3333 42: 1666   [mono-viol x3]
  P4  30: 5000 31: 5000 32: 5833 33: 5000 34: 5000 35: 4166 36: 3333 37: 4166 38: 4166 39: 4166 40: 3333 41: 3333 42:    0   [mono-viol x2]
  P5  30: 9166 31:10000 32:10000 33:10000 34:10000 35: 9166 36: 7500 37: 7500 38: 7500 39: 7500 40: 8333 41: 5833 42: 4166   [mono-viol x2]
  P6  30: 6666 31: 5833 32: 5833 33: 5833 34: 5833 35: 5000 36: 5000 37: 5000 38: 5000 39: 5000 40: 5000 41: 4166 42: 1666
  DT  30: 8333 31: 6666 32: 6666 33: 6666 34: 6666 35: 5833 36: 5000 37: 4166 38: 4166 39: 4166 40: 3333 41: 2500 42:  833
  NT  30: 9166 31: 9166 32: 8333 33: 8333 34: 9166 35: 8333 36: 7500 37: 7500 38: 7500 39: 7500 40: 6666 41: 5833 42: 3333   [mono-viol x1]
  (10.109s)

hand 27: [20 41 42 44 55 62 65]
  P0  30: 5000 31: 4166 32: 4166 33: 3333 34: 3333 35: 2500 36: 1666 37: 1666 38: 1666 39: 1666 40: 2500 41: 1666 42:  833   [mono-viol x1]
  P1  30: 8333 31: 9166 32: 9166 33: 8333 34: 7500 35: 7500 36: 5833 37: 5833 38: 5833 39: 5000 40: 3333 41: 1666 42:    0   [mono-viol x1]
  P2  30:10000 31:10000 32:10000 33:10000 34:10000 35:10000 36:10000 37:10000 38:10000 39:10000 40: 9166 41: 9166 42: 5000
  P3  30: 9166 31: 9166 32: 9166 33: 9166 34: 8333 35: 5833 36: 7500 37: 7500 38: 7500 39: 6666 40: 5000 41: 3333 42: 2500   [mono-viol x1]
  P4  30:10000 31:10000 32:10000 33:10000 34:10000 35:10000 36:10000 37:10000 38:10000 39:10000 40:10000 41: 9166 42: 5833
  P5  30:10000 31:10000 32:10000 33:10000 34:10000 35:10000 36:10000 37:10000 38:10000 39:10000 40:10000 41: 9166 42: 7500
  P6  30:10000 31: 9166 32: 8333 33: 8333 34: 9166 35: 8333 36: 9166 37: 8333 38: 8333 39: 8333 40: 8333 41: 7500 42: 2500   [mono-viol x2]
  DT  30:10000 31:10000 32: 9166 33: 9166 34: 9166 35: 9166 36: 9166 37: 7500 38: 7500 39: 7500 40: 6666 41: 5000 42: 1666
  NT  30:10000 31:10000 32:10000 33:10000 34:10000 35:10000 36:10000 37: 9166 38: 9166 39: 9166 40: 9166 41:10000 42: 7500   [mono-viol x1]
  (9.545s)

hand 28: [00 10 11 32 44 50 61]
  P0  30:10000 31:10000 32:10000 33:10000 34:10000 35:10000 36: 9166 37: 8333 38: 8333 39: 8333 40: 8333 41: 8333 42: 7500
  P1  30:10000 31:10000 32:10000 33:10000 34:10000 35:10000 36:10000 37: 9166 38: 9166 39: 9166 40: 8333 41: 9166 42: 8333   [mono-viol x1]
  P2  30: 7500 31: 7500 32: 7500 33: 7500 34: 7500 35: 5000 36: 5000 37: 5833 38: 5833 39: 5833 40: 5000 41: 2500 42:  833   [mono-viol x1]
  P3  30: 7500 31: 5833 32: 6666 33: 6666 34: 5833 35: 5000 36: 4166 37: 4166 38: 4166 39: 4166 40: 4166 41:  833 42:  833   [mono-viol x1]
  P4  30: 7500 31: 7500 32: 5833 33: 5833 34: 5833 35: 5000 36: 4166 37: 5000 38: 5000 39: 5000 40: 3333 41: 3333 42: 2500   [mono-viol x1]
  P5  30: 6666 31: 5833 32: 5000 33: 5000 34: 5000 35: 5000 36: 5000 37: 5000 38: 5000 39: 5000 40: 5000 41: 5000 42: 3333
  P6  30: 7500 31: 6666 32: 6666 33: 6666 34: 6666 35: 6666 36: 5833 37: 6666 38: 6666 39: 5833 40: 5833 41: 3333 42: 2500   [mono-viol x1]
  DT  30: 7500 31: 6666 32: 5833 33: 5833 34: 5833 35: 5833 36: 4166 37: 4166 38: 4166 39: 4166 40: 3333 41: 3333 42:  833
  NT  30:10000 31:10000 32:10000 33:10000 34:10000 35:10000 36: 8333 37: 8333 38: 8333 39: 8333 40: 8333 41: 8333 42: 6666
  (12.014s)

hand 29: [00 32 53 54 60 65 66]
  P0  30:10000 31:10000 32:10000 33:10000 34: 9166 35: 9166 36: 8333 37: 8333 38: 8333 39: 8333 40: 7500 41: 6666 42: 4166
  P1  30: 4166 31: 4166 32: 2500 33: 2500 34: 2500 35: 3333 36: 1666 37: 2500 38: 2500 39: 2500 40: 1666 41: 1666 42: 1666   [mono-viol x2]
  P2  30: 5833 31: 5833 32: 5000 33: 5833 34: 5000 35: 4166 36: 4166 37: 4166 38: 4166 39: 4166 40: 3333 41: 2500 42:  833   [mono-viol x1]
  P3  30:10000 31:10000 32:10000 33:10000 34:10000 35:10000 36:10000 37: 9166 38: 9166 39: 9166 40: 9166 41: 7500 42:  833
  P4  30: 5833 31: 3333 32: 3333 33: 3333 34: 3333 35: 3333 36: 3333 37: 3333 38: 3333 39: 3333 40: 3333 41: 3333 42: 2500
  P5  30: 9166 31: 9166 32: 5833 33: 5833 34: 5833 35: 5833 36: 5833 37: 5833 38: 5833 39: 5833 40: 5833 41: 5833 42: 5833
  P6  30:10000 31:10000 32:10000 33:10000 34:10000 35:10000 36:10000 37:10000 38:10000 39:10000 40: 9166 41: 9166 42: 8333
  DT  30:10000 31:10000 32:10000 33:10000 34:10000 35:10000 36: 9166 37: 9166 38: 9166 39: 9166 40: 9166 41: 8333 42: 6666
  NT  30:10000 31:10000 32: 8333 33: 8333 34: 8333 35: 8333 36: 8333 37: 8333 38: 8333 39: 8333 40: 8333 41: 8333 42: 8333
  (13.990s)

hand 30: [11 22 31 40 60 62 63]
  P0  30:10000 31:10000 32:10000 33:10000 34:10000 35: 9166 36: 8333 37: 7500 38: 7500 39: 6666 40: 6666 41: 6666 42: 1666
  P1  30: 9166 31:10000 32: 8333 33: 8333 34: 8333 35: 5833 36: 5000 37: 5000 38: 5000 39: 5000 40: 4166 41: 4166 42: 3333   [mono-viol x1]
  P2  30:10000 31: 9166 32:10000 33:10000 34: 9166 35: 9166 36: 8333 37: 8333 38: 8333 39: 8333 40: 9166 41: 7500 42: 6666   [mono-viol x2]
  P3  30: 9166 31: 9166 32: 8333 33: 8333 34: 8333 35: 6666 36: 5000 37: 5833 38: 5833 39: 5000 40: 3333 41: 4166 42: 1666   [mono-viol x2]
  P4  30: 6666 31: 6666 32: 6666 33: 6666 34: 6666 35: 5833 36: 5833 37: 5000 38: 5000 39: 5000 40: 5000 41: 5000 42: 3333
  P5  30: 4166 31: 3333 32: 3333 33: 3333 34: 3333 35: 3333 36: 3333 37: 3333 38: 3333 39: 3333 40: 3333 41: 2500 42: 1666
  P6  30:10000 31: 8333 32: 7500 33: 7500 34: 6666 35: 6666 36: 6666 37: 6666 38: 6666 39: 6666 40: 5833 41: 4166 42: 2500
  DT  30: 5833 31: 6666 32: 6666 33: 6666 34: 6666 35: 4166 36: 3333 37: 2500 38: 2500 39: 2500 40: 2500 41: 2500 42:  833   [mono-viol x1]
  NT  30: 8333 31: 8333 32: 7500 33: 7500 34: 7500 35: 7500 36: 6666 37: 9166 38: 9166 39: 9166 40: 8333 41: 6666 42: 5000   [mono-viol x1]
  (11.983s)

hand 31: [00 31 33 50 55 64 66]
  P0  30:10000 31:10000 32:10000 33:10000 34:10000 35:10000 36: 9166 37:10000 38:10000 39:10000 40: 9166 41: 8333 42: 6666   [mono-viol x1]
  P1  30: 7500 31: 5833 32: 5833 33: 5833 34: 5833 35: 5000 36: 4166 37: 4166 38: 4166 39: 4166 40: 4166 41: 3333 42: 2500
  P2  30: 7500 31: 7500 32: 7500 33: 7500 34: 6666 35: 5833 36: 5833 37: 5833 38: 5833 39: 5833 40: 5833 41: 5000 42: 1666
  P3  30:10000 31:10000 32: 9166 33: 9166 34: 9166 35: 9166 36:10000 37: 9166 38: 9166 39: 9166 40: 9166 41: 9166 42: 5833   [mono-viol x1]
  P4  30:10000 31:10000 32:10000 33:10000 34:10000 35: 9166 36: 7500 37: 9166 38: 9166 39: 9166 40: 9166 41: 5000 42: 2500   [mono-viol x1]
  P5  30:10000 31:10000 32:10000 33:10000 34:10000 35:10000 36:10000 37:10000 38:10000 39:10000 40:10000 41: 8333 42: 5833
  P6  30:10000 31:10000 32:10000 33:10000 34:10000 35:10000 36:10000 37:10000 38:10000 39:10000 40:10000 41: 9166 42: 5833
  DT  30:10000 31:10000 32:10000 33:10000 34:10000 35:10000 36:10000 37:10000 38:10000 39:10000 40:10000 41:10000 42: 9166
  NT  30:10000 31:10000 32:10000 33:10000 34:10000 35:10000 36:10000 37:10000 38:10000 39:10000 40:10000 41:10000 42: 9166
  (8.995s)

hand 32: [10 43 51 60 61 62 65]
  P0  30: 8333 31: 6666 32: 6666 33: 6666 34: 6666 35: 5833 36: 6666 37: 5833 38: 5833 39: 5833 40: 3333 41: 3333 42:  833   [mono-viol x1]
  P1  30: 8333 31: 9166 32: 8333 33: 8333 34: 8333 35: 7500 36: 8333 37: 7500 38: 7500 39: 7500 40: 7500 41: 5000 42: 2500   [mono-viol x2]
  P2  30: 4166 31: 4166 32: 3333 33: 3333 34: 2500 35: 3333 36: 2500 37: 1666 38: 1666 39: 1666 40: 2500 41:  833 42:    0   [mono-viol x2]
  P3  30: 5833 31: 5000 32: 4166 33: 4166 34: 4166 35: 5000 36: 2500 37: 3333 38: 3333 39: 3333 40: 1666 41: 1666 42:    0   [mono-viol x2]
  P4  30: 4166 31: 2500 32: 2500 33: 2500 34: 3333 35: 2500 36: 2500 37: 2500 38: 2500 39: 2500 40: 2500 41: 2500 42: 1666   [mono-viol x1]
  P5  30: 5000 31: 4166 32: 3333 33: 3333 34: 3333 35: 3333 36: 2500 37: 2500 38: 2500 39: 2500 40: 2500 41: 2500 42: 1666
  P6  30:10000 31: 9166 32: 9166 33: 9166 34: 9166 35: 8333 36: 8333 37: 7500 38: 7500 39: 7500 40: 8333 41: 7500 42: 4166   [mono-viol x1]
  DT  30: 6666 31: 5833 32: 5833 33: 5000 34: 5000 35: 5833 36: 5833 37: 5000 38: 5000 39: 5000 40: 5000 41: 3333 42: 1666   [mono-viol x1]
  NT  30: 5833 31: 5833 32: 5833 33: 5833 34: 6666 35: 6666 36: 5000 37: 5833 38: 5833 39: 5833 40: 5833 41: 5833 42: 3333   [mono-viol x2]
  (11.994s)

hand 33: [22 40 42 50 51 60 61]
  P0  30:10000 31:10000 32:10000 33:10000 34: 9166 35:10000 36: 8333 37: 8333 38: 8333 39: 8333 40: 9166 41: 9166 42: 3333   [mono-viol x2]
  P1  30: 7500 31: 7500 32: 7500 33: 7500 34: 6666 35: 6666 36: 6666 37: 6666 38: 6666 39: 6666 40: 6666 41: 5000 42: 2500
  P2  30: 9166 31: 8333 32: 7500 33: 7500 34: 6666 35: 5833 36: 5833 37: 5833 38: 5833 39: 5000 40: 5833 41: 4166 42: 1666   [mono-viol x1]
  P3  30: 5833 31: 5000 32: 5000 33: 5000 34: 5000 35: 3333 36: 3333 37: 3333 38: 3333 39: 3333 40: 3333 41: 2500 42: 1666
  P4  30: 5833 31: 5833 32: 5000 33: 5000 34: 5000 35: 5000 36: 5000 37: 5000 38: 5000 39: 5000 40: 5000 41: 4166 42: 3333
  P5  30: 5000 31: 4166 32: 2500 33: 2500 34: 2500 35: 2500 36: 2500 37: 2500 38: 2500 39: 2500 40: 2500 41: 1666 42: 1666
  P6  30: 8333 31: 7500 32: 7500 33: 6666 34: 6666 35: 6666 36: 6666 37: 5833 38: 5833 39: 5833 40: 5833 41: 4166 42: 3333
  DT  30: 5000 31: 5833 32: 5833 33: 5833 34: 5000 35: 4166 36: 3333 37: 2500 38: 2500 39: 2500 40: 3333 41: 1666 42:  833   [mono-viol x2]
  NT  30:10000 31:10000 32:10000 33:10000 34:10000 35: 8333 36: 8333 37: 6666 38: 6666 39: 6666 40: 5833 41: 5000 42: 4166
  (12.389s)

hand 34: [10 31 33 40 41 51 54]
  P0  30: 6666 31: 6666 32: 5833 33: 5833 34: 5000 35: 6666 36: 6666 37: 4166 38: 4166 39: 4166 40: 4166 41: 3333 42:  833   [mono-viol x1]
  P1  30:10000 31:10000 32:10000 33:10000 34:10000 35:10000 36:10000 37: 8333 38: 8333 39: 8333 40: 9166 41: 5833 42: 3333   [mono-viol x1]
  P2  30: 6666 31: 6666 32: 5833 33: 5000 34: 5000 35: 4166 36: 3333 37: 2500 38: 2500 39: 3333 40: 2500 41: 1666 42:    0   [mono-viol x1]
  P3  30: 8333 31: 9166 32: 8333 33: 8333 34: 8333 35: 7500 36: 6666 37: 5833 38: 5833 39: 6666 40: 5833 41: 4166 42: 2500   [mono-viol x2]
  P4  30: 6666 31: 5000 32: 5000 33: 5000 34: 5000 35: 5000 36: 4166 37: 4166 38: 4166 39: 4166 40: 4166 41: 3333 42:  833
  P5  30: 5833 31: 5833 32: 5000 33: 5000 34: 5000 35: 5000 36: 5000 37: 4166 38: 4166 39: 4166 40: 4166 41: 2500 42:  833
  P6  30: 5833 31: 5833 32: 5000 33: 5000 34: 5000 35: 5000 36: 5000 37: 4166 38: 4166 39: 4166 40: 4166 41: 3333 42: 1666
  DT  30: 6666 31: 6666 32: 5000 33: 5000 34: 3333 35: 3333 36: 4166 37: 4166 38: 4166 39: 4166 40: 3333 41: 2500 42:  833   [mono-viol x1]
  NT  30: 9166 31: 7500 32: 7500 33: 7500 34: 7500 35: 7500 36: 5000 37: 5000 38: 5000 39: 5000 40: 5833 41: 5000 42: 3333   [mono-viol x1]
  (14.057s)

hand 35: [10 21 41 50 60 64 65]
  P0  30:10000 31:10000 32:10000 33:10000 34:10000 35: 8333 36: 8333 37: 9166 38: 9166 39: 9166 40: 9166 41: 5833 42: 2500   [mono-viol x1]
  P1  30:10000 31: 8333 32: 7500 33: 6666 34: 6666 35: 8333 36: 8333 37: 8333 38: 8333 39: 7500 40: 5000 41: 4166 42: 1666   [mono-viol x1]
  P2  30: 6666 31: 5833 32: 6666 33: 5833 34: 5833 35: 5000 36: 5000 37: 5000 38: 5000 39: 4166 40: 3333 41: 3333 42: 1666   [mono-viol x1]
  P3  30: 4166 31: 3333 32: 2500 33: 2500 34: 2500 35: 2500 36: 2500 37: 2500 38: 2500 39: 2500 40: 2500 41: 1666 42:  833
  P4  30: 5833 31: 5833 32: 5833 33: 5833 34: 5833 35: 5833 36: 5000 37: 5000 38: 5000 39: 5000 40: 3333 41: 2500 42: 2500
  P5  30: 4166 31: 3333 32: 1666 33: 1666 34: 1666 35: 1666 36: 1666 37:  833 38:  833 39: 1666 40: 1666 41: 1666 42: 1666   [mono-viol x1]
  P6  30: 9166 31: 9166 32: 9166 33: 9166 34: 9166 35: 7500 36: 6666 37: 5833 38: 5833 39: 6666 40: 5000 41: 3333 42: 2500   [mono-viol x1]
  DT  30: 4166 31: 4166 32: 3333 33: 3333 34: 3333 35: 3333 36: 3333 37: 2500 38: 2500 39: 2500 40: 2500 41:  833 42:    0
  NT  30: 5833 31: 5833 32: 5000 33: 5000 34: 5833 35: 5833 36: 4166 37: 2500 38: 2500 39: 2500 40: 3333 41: 2500 42: 1666   [mono-viol x2]
  (12.415s)

hand 36: [21 32 40 42 55 62 64]
  P0  30: 8333 31: 8333 32: 7500 33: 7500 34: 5833 35: 4166 36: 4166 37: 4166 38: 4166 39: 3333 40: 3333 41: 1666 42:  833
  P1  30: 7500 31: 7500 32: 7500 33: 8333 34: 7500 35: 6666 36: 5833 37: 5833 38: 5833 39: 5833 40: 4166 41: 5000 42: 1666   [mono-viol x2]
  P2  30:10000 31: 9166 32: 9166 33: 9166 34: 8333 35: 8333 36: 8333 37: 8333 38: 8333 39: 7500 40: 8333 41: 5833 42: 3333   [mono-viol x1]
  P3  30: 6666 31: 7500 32: 7500 33: 7500 34: 7500 35: 4166 36: 5833 37: 6666 38: 6666 39: 6666 40: 4166 41: 2500 42: 1666   [mono-viol x3]
  P4  30:10000 31:10000 32:10000 33:10000 34:10000 35:10000 36: 9166 37: 9166 38: 9166 39: 9166 40: 9166 41: 8333 42: 3333
  P5  30: 9166 31: 8333 32: 8333 33: 7500 34: 7500 35: 6666 36: 5833 37: 5833 38: 5833 39: 6666 40: 4166 41: 2500 42:    0   [mono-viol x1]
  P6  30:10000 31:10000 32: 9166 33:10000 34: 9166 35:10000 36: 8333 37: 9166 38: 9166 39: 9166 40: 8333 41: 5833 42: 2500   [mono-viol x3]
  DT  30: 8333 31: 7500 32: 7500 33: 7500 34: 6666 35: 5833 36: 5000 37: 5000 38: 5000 39: 5000 40: 5000 41: 3333 42: 2500
  NT  30: 8333 31: 7500 32: 8333 33: 7500 34: 7500 35: 7500 36: 7500 37: 7500 38: 7500 39: 7500 40: 8333 41: 6666 42: 5833   [mono-viol x2]
  (10.192s)

hand 37: [10 20 41 43 53 55 61]
  P0  30: 6666 31: 5833 32: 5000 33: 5000 34: 5833 35: 5000 36: 4166 37: 4166 38: 4166 39: 4166 40: 4166 41: 3333 42: 2500   [mono-viol x1]
  P1  30:10000 31:10000 32:10000 33:10000 34:10000 35:10000 36: 8333 37: 9166 38: 9166 39: 9166 40: 8333 41: 8333 42: 4166   [mono-viol x1]
  P2  30: 7500 31: 8333 32: 8333 33: 8333 34: 4166 35: 4166 36: 3333 37: 2500 38: 2500 39: 1666 40: 2500 41: 1666 42: 1666   [mono-viol x2]
  P3  30: 9166 31: 9166 32:10000 33:10000 34:10000 35: 7500 36: 7500 37: 6666 38: 6666 39: 6666 40: 6666 41: 3333 42:  833   [mono-viol x1]
  P4  30: 9166 31: 7500 32: 8333 33: 8333 34: 7500 35: 8333 36: 7500 37: 7500 38: 7500 39: 6666 40: 6666 41: 3333 42:  833   [mono-viol x2]
  P5  30: 8333 31: 8333 32: 8333 33: 8333 34: 7500 35: 8333 36: 6666 37: 8333 38: 8333 39: 8333 40: 5833 41: 3333 42: 1666   [mono-viol x2]
  P6  30: 8333 31: 8333 32: 8333 33: 8333 34: 8333 35: 6666 36: 5833 37: 6666 38: 6666 39: 6666 40: 4166 41: 4166 42:  833   [mono-viol x1]
  DT  30: 9166 31:10000 32: 9166 33: 9166 34: 8333 35: 7500 36: 6666 37: 6666 38: 6666 39: 5833 40: 5000 41: 3333 42:  833   [mono-viol x1]
  NT  30: 9166 31: 8333 32: 9166 33: 9166 34:10000 35: 7500 36: 7500 37: 7500 38: 7500 39: 8333 40: 7500 41: 5833 42: 4166   [mono-viol x3]
  (10.064s)

hand 38: [11 21 22 50 52 53 63]
  P0  30: 6666 31: 5833 32: 5833 33: 5833 34: 5833 35: 3333 36: 3333 37: 2500 38: 2500 39: 2500 40: 2500 41: 1666 42:  833
  P1  30: 9166 31: 7500 32: 6666 33: 6666 34: 6666 35: 6666 36: 6666 37: 6666 38: 6666 39: 6666 40: 7500 41: 6666 42: 3333   [mono-viol x1]
  P2  30:10000 31:10000 32: 9166 33: 9166 34:10000 35: 9166 36: 8333 37: 7500 38: 7500 39: 7500 40: 6666 41: 6666 42: 3333   [mono-viol x1]
  P3  30: 9166 31: 9166 32: 9166 33: 9166 34: 8333 35: 8333 36: 6666 37: 5833 38: 5833 39: 5833 40: 5833 41: 5000 42: 1666
  P4  30: 5833 31: 5000 32: 5000 33: 5000 34: 4166 35: 2500 36: 2500 37: 2500 38: 2500 39: 2500 40: 2500 41: 1666 42:    0
  P5  30: 8333 31: 5000 32: 2500 33: 2500 34: 2500 35: 2500 36: 2500 37: 2500 38: 2500 39: 2500 40: 2500 41: 2500 42: 1666
  P6  30: 7500 31: 5833 32: 4166 33: 4166 34: 4166 35: 5000 36: 5000 37: 4166 38: 4166 39: 4166 40: 3333 41: 1666 42:  833   [mono-viol x1]
  DT  30: 5000 31: 4166 32: 4166 33: 4166 34: 3333 35: 4166 36: 4166 37: 3333 38: 3333 39: 2500 40: 2500 41: 1666 42:    0   [mono-viol x1]
  NT  30: 9166 31: 9166 32: 7500 33: 7500 34: 5833 35: 6666 36: 5833 37: 5833 38: 5833 39: 5833 40: 5000 41: 3333 42: 2500   [mono-viol x1]
  (14.652s)

hand 39: [11 22 32 41 51 52 55]
  P0  30: 8333 31: 8333 32: 7500 33: 7500 34: 6666 35: 5833 36: 5833 37: 5833 38: 5833 39: 5833 40: 5833 41: 5000 42: 1666
  P1  30:10000 31:10000 32:10000 33:10000 34:10000 35:10000 36:10000 37:10000 38:10000 39:10000 40:10000 41: 9166 42: 9166
  P2  30:10000 31:10000 32:10000 33:10000 34:10000 35:10000 36:10000 37: 9166 38: 9166 39: 9166 40: 9166 41: 9166 42: 8333
  P3  30: 7500 31: 7500 32: 7500 33: 7500 34: 6666 35: 6666 36: 7500 37: 7500 38: 7500 39: 6666 40: 5000 41: 5000 42: 1666   [mono-viol x1]
  P4  30: 5000 31: 3333 32: 4166 33: 4166 34: 4166 35: 3333 36: 3333 37: 3333 38: 3333 39: 3333 40: 3333 41: 3333 42: 2500   [mono-viol x1]
  P5  30:10000 31:10000 32:10000 33:10000 34:10000 35:10000 36: 9166 37:10000 38:10000 39: 9166 40: 9166 41: 7500 42: 5833   [mono-viol x1]
  P6  30: 8333 31: 7500 32: 7500 33: 7500 34: 7500 35: 7500 36: 6666 37: 7500 38: 7500 39: 7500 40: 5833 41: 3333 42:  833   [mono-viol x1]
  DT  30: 8333 31: 9166 32: 9166 33: 9166 34: 8333 35: 8333 36: 5000 37: 5000 38: 5000 39: 5000 40: 4166 41: 4166 42: 2500   [mono-viol x1]
  NT  30:10000 31:10000 32:10000 33:10000 34:10000 35: 9166 36:10000 37: 9166 38: 9166 39: 9166 40: 9166 41: 9166 42: 7500   [mono-viol x1]
  (12.616s)

hand 40: [00 20 31 32 41 52 62]
  P0  30: 6666 31: 5833 32: 5833 33: 5833 34: 5833 35: 4166 36: 4166 37: 3333 38: 3333 39: 3333 40: 3333 41: 1666 42: 1666
  P1  30: 8333 31: 8333 32: 9166 33: 9166 34: 7500 35: 6666 36: 5833 37: 5000 38: 5000 39: 5000 40: 5000 41: 5000 42: 1666   [mono-viol x1]
  P2  30:10000 31:10000 32:10000 33:10000 34:10000 35:10000 36: 9166 37: 9166 38: 9166 39: 9166 40: 9166 41: 6666 42: 2500
  P3  30: 9166 31: 9166 32: 8333 33: 8333 34: 7500 35: 6666 36: 5833 37: 4166 38: 4166 39: 4166 40: 4166 41: 1666 42:    0
  P4  30: 6666 31: 6666 32: 7500 33: 7500 34: 5833 35: 5000 36: 5833 37: 5833 38: 5833 39: 5000 40: 3333 41:  833 42:    0   [mono-viol x2]
  P5  30: 4166 31: 4166 32: 4166 33: 4166 34: 4166 35: 3333 36: 4166 37: 3333 38: 3333 39: 3333 40: 1666 41: 1666 42: 1666   [mono-viol x1]
  P6  30: 3333 31: 3333 32: 3333 33: 3333 34: 2500 35: 2500 36: 2500 37: 2500 38: 2500 39: 2500 40: 1666 41:  833 42:    0
  DT  30: 5000 31: 4166 32: 5000 33: 5000 34: 3333 35: 1666 36: 1666 37: 1666 38: 1666 39:  833 40: 1666 41:    0 42:    0   [mono-viol x2]
  NT  30: 8333 31: 8333 32: 8333 33: 8333 34: 7500 35: 7500 36: 7500 37: 8333 38: 8333 39: 8333 40: 8333 41: 3333 42: 2500   [mono-viol x1]
  (8.653s)

hand 41: [10 20 21 32 41 64 66]
  P0  30: 7500 31: 6666 32: 6666 33: 6666 34: 6666 35: 6666 36: 3333 37: 3333 38: 3333 39: 3333 40: 2500 41: 4166 42: 3333   [mono-viol x1]
  P1  30: 8333 31: 7500 32: 8333 33: 8333 34: 8333 35: 5833 36: 5833 37: 5833 38: 5833 39: 5833 40: 4166 41: 1666 42:  833   [mono-viol x1]
  P2  30:10000 31:10000 32:10000 33: 9166 34: 9166 35: 8333 36: 8333 37: 8333 38: 8333 39: 8333 40: 8333 41: 7500 42: 3333
  P3  30: 5833 31: 5833 32: 5000 33: 5000 34: 5000 35: 6666 36: 3333 37: 4166 38: 4166 39: 4166 40: 2500 41:  833 42:  833   [mono-viol x2]
  P4  30:10000 31:10000 32:10000 33:10000 34: 9166 35: 8333 36: 9166 37: 5000 38: 5000 39: 5000 40: 5000 41: 3333 42: 1666   [mono-viol x1]
  P5  30: 1666 31:  833 32:  833 33:  833 34:  833 35:  833 36:  833 37:  833 38:  833 39:  833 40:  833 41:    0 42:    0
  P6  30:10000 31:10000 32:10000 33:10000 34: 9166 35: 8333 36: 5833 37: 6666 38: 6666 39: 6666 40: 5833 41: 4166 42: 2500   [mono-viol x1]
  DT  30: 3333 31: 2500 32: 1666 33: 1666 34: 1666 35: 1666 36:  833 37:  833 38:  833 39:  833 40:  833 41:  833 42:    0
  NT  30: 5833 31: 5833 32: 6666 33: 6666 34: 6666 35: 5833 36: 5000 37: 5000 38: 5000 39: 5000 40: 5000 41: 3333 42: 3333   [mono-viol x1]
  (9.160s)

hand 42: [11 20 22 31 42 51 66]
  P0  30: 5833 31: 5833 32: 5000 33: 5000 34: 5000 35: 3333 36: 3333 37: 2500 38: 2500 39: 2500 40: 2500 41: 2500 42:    0
  P1  30:10000 31:10000 32:10000 33:10000 34:10000 35:10000 36:10000 37:10000 38:10000 39:10000 40:10000 41: 9166 42: 7500
  P2  30:10000 31:10000 32:10000 33:10000 34:10000 35:10000 36:10000 37:10000 38:10000 39:10000 40: 8333 41: 6666 42: 6666
  P3  30: 8333 31: 7500 32: 7500 33: 7500 34: 7500 35: 6666 36: 3333 37: 4166 38: 4166 39: 4166 40: 4166 41: 1666 42: 2500   [mono-viol x2]
  P4  30: 7500 31: 5833 32: 6666 33: 6666 34: 5833 35: 5000 36: 4166 37: 4166 38: 4166 39: 4166 40: 5000 41: 2500 42:    0   [mono-viol x2]
  P5  30: 5833 31: 3333 32: 2500 33: 2500 34: 2500 35: 2500 36: 2500 37: 2500 38: 2500 39: 2500 40: 2500 41: 2500 42:  833
  P6  30: 9166 31: 7500 32: 7500 33: 7500 34: 8333 35: 7500 36: 6666 37: 6666 38: 6666 39: 6666 40: 6666 41: 6666 42: 2500   [mono-viol x1]
  DT  30: 9166 31: 9166 32: 9166 33: 9166 34: 9166 35: 8333 36: 6666 37: 6666 38: 6666 39: 6666 40: 5833 41: 4166 42:  833
  NT  30:10000 31:10000 32:10000 33:10000 34:10000 35: 9166 36: 8333 37: 9166 38: 9166 39: 9166 40: 8333 41: 9166 42: 4166   [mono-viol x2]
  (12.471s)

hand 43: [00 20 31 50 52 61 63]
  P0  30:10000 31: 9166 32: 9166 33: 9166 34: 9166 35: 9166 36: 8333 37: 8333 38: 8333 39: 8333 40: 6666 41: 5833 42: 4166
  P1  30: 8333 31: 8333 32: 7500 33: 7500 34: 7500 35: 5000 36: 5833 37: 5000 38: 5000 39: 5000 40: 4166 41: 3333 42: 1666   [mono-viol x1]
  P2  30: 7500 31: 8333 32: 7500 33: 6666 34: 6666 35: 5833 36: 5833 37: 5000 38: 5000 39: 4166 40: 2500 41: 1666 42:  833   [mono-viol x1]
  P3  30: 8333 31: 8333 32: 6666 33: 6666 34: 5833 35: 7500 36: 4166 37: 4166 38: 4166 39: 4166 40: 4166 41: 2500 42: 1666   [mono-viol x1]
  P4  30: 1666 31: 1666 32: 1666 33: 1666 34: 1666 35: 1666 36: 2500 37: 1666 38: 1666 39: 1666 40: 1666 41: 1666 42:    0   [mono-viol x1]
  P5  30: 5000 31: 3333 32: 1666 33: 1666 34: 1666 35: 1666 36: 1666 37: 1666 38: 1666 39: 1666 40: 1666 41:  833 42:  833
  P6  30: 6666 31: 9166 32: 8333 33: 8333 34: 8333 35: 7500 36: 4166 37: 4166 38: 4166 39: 3333 40: 4166 41: 3333 42: 1666   [mono-viol x2]
  DT  30: 5833 31: 4166 32: 3333 33: 3333 34: 3333 35: 3333 36: 3333 37: 2500 38: 2500 39: 2500 40: 2500 41: 3333 42:  833   [mono-viol x1]
  NT  30: 7500 31: 7500 32: 5833 33: 5833 34: 5000 35: 5000 36: 5833 37: 5833 38: 5833 39: 5833 40: 4166 41: 3333 42: 1666   [mono-viol x1]
  (11.036s)

hand 44: [22 40 51 54 55 60 66]
  P0  30: 9166 31: 8333 32: 8333 33: 8333 34: 8333 35: 8333 36: 9166 37: 7500 38: 7500 39: 7500 40: 7500 41: 5833 42: 3333   [mono-viol x1]
  P1  30:10000 31: 9166 32: 9166 33: 9166 34: 9166 35: 7500 36: 7500 37: 6666 38: 6666 39: 6666 40: 5833 41: 5833 42: 2500
  P2  30:10000 31:10000 32:10000 33:10000 34: 9166 35: 8333 36: 7500 37: 7500 38: 7500 39: 6666 40: 5833 41: 4166 42: 1666
  P3  30: 8333 31: 8333 32: 8333 33: 8333 34: 9166 35: 7500 36: 5833 37: 5833 38: 5833 39: 5833 40: 3333 41: 2500 42: 2500   [mono-viol x1]
  P4  30: 9166 31: 6666 32: 5000 33: 5000 34: 5000 35: 5000 36: 5000 37: 5000 38: 5000 39: 5000 40: 5000 41: 5000 42: 2500
  P5  30:10000 31:10000 32:10000 33:10000 34:10000 35:10000 36:10000 37:10000 38:10000 39:10000 40:10000 41: 9166 42: 7500
  P6  30: 9166 31: 9166 32: 9166 33: 9166 34: 9166 35:10000 36: 9166 37: 9166 38: 9166 39: 9166 40: 5833 41: 5833 42: 5000   [mono-viol x1]
  DT  30:10000 31:10000 32:10000 33:10000 34:10000 35:10000 36: 9166 37: 9166 38: 9166 39: 9166 40: 9166 41: 8333 42: 4166
  NT  30:10000 31: 9166 32:10000 33:10000 34: 9166 35: 9166 36: 8333 37: 9166 38: 9166 39: 9166 40: 9166 41: 9166 42: 7500   [mono-viol x2]
  (15.344s)

hand 45: [42 50 54 55 61 62 65]
  P0  30: 6666 31: 6666 32: 5833 33: 5833 34: 6666 35: 4166 36: 4166 37: 4166 38: 4166 39: 4166 40: 2500 41: 1666 42:    0   [mono-viol x1]
  P1  30: 5000 31: 5000 32: 5000 33: 5000 34: 5000 35: 4166 36: 4166 37: 5000 38: 5000 39: 5000 40: 3333 41: 2500 42:  833   [mono-viol x1]
  P2  30:10000 31: 8333 32: 7500 33: 7500 34: 8333 35: 7500 36: 6666 37: 7500 38: 7500 39: 7500 40: 7500 41: 5833 42: 4166   [mono-viol x2]
  P3  30: 7500 31: 6666 32: 6666 33: 6666 34: 5833 35: 6666 36: 6666 37: 5833 38: 5833 39: 5000 40: 5000 41: 4166 42: 1666   [mono-viol x1]
  P4  30: 6666 31: 5000 32: 3333 33: 3333 34: 3333 35: 3333 36: 3333 37: 3333 38: 3333 39: 3333 40: 2500 41: 2500 42: 1666
  P5  30:10000 31:10000 32:10000 33:10000 34:10000 35:10000 36: 9166 37: 9166 38: 9166 39: 9166 40: 9166 41: 8333 42: 6666
  P6  30:10000 31:10000 32:10000 33:10000 34:10000 35:10000 36:10000 37:10000 38:10000 39:10000 40:10000 41:10000 42: 3333
  DT  30: 9166 31:10000 32:10000 33:10000 34: 9166 35: 9166 36: 8333 37: 7500 38: 7500 39: 7500 40: 7500 41: 6666 42: 1666   [mono-viol x1]
  NT  30:10000 31: 9166 32:10000 33:10000 34:10000 35: 9166 36: 9166 37: 9166 38: 9166 39: 9166 40: 9166 41: 9166 42: 5000   [mono-viol x1]
  (11.307s)

hand 46: [21 22 33 43 44 55 61]
  P0  30: 9166 31:10000 32:10000 33:10000 34:10000 35: 5833 36: 5000 37: 5000 38: 5000 39: 5000 40: 4166 41: 4166 42:  833   [mono-viol x1]
  P1  30:10000 31:10000 32:10000 33:10000 34:10000 35: 9166 36: 9166 37: 9166 38: 9166 39: 8333 40: 8333 41: 8333 42: 2500
  P2  30:10000 31:10000 32:10000 33:10000 34:10000 35:10000 36:10000 37:10000 38:10000 39:10000 40:10000 41: 8333 42: 7500
  P3  30:10000 31: 9166 32: 9166 33: 9166 34: 9166 35: 9166 36: 9166 37: 9166 38: 9166 39: 9166 40: 9166 41: 8333 42: 5000
  P4  30:10000 31:10000 32:10000 33:10000 34:10000 35:10000 36:10000 37:10000 38:10000 39: 9166 40: 9166 41: 7500 42: 4166
  P5  30: 9166 31: 9166 32: 8333 33: 8333 34: 8333 35: 8333 36: 8333 37: 8333 38: 8333 39: 8333 40: 7500 41: 5833 42: 2500
  P6  30: 7500 31: 5833 32: 5833 33: 5833 34: 5833 35: 5833 36: 5833 37: 5833 38: 5833 39: 5833 40: 5833 41: 4166 42: 1666
  DT  30:10000 31:10000 32:10000 33:10000 34:10000 35:10000 36:10000 37: 9166 38: 9166 39: 9166 40: 8333 41: 7500 42: 4166
  NT  30:10000 31:10000 32:10000 33:10000 34:10000 35:10000 36:10000 37:10000 38:10000 39:10000 40:10000 41: 9166 42: 9166
  (13.069s)

hand 47: [00 10 31 60 62 64 66]
  P0  30:10000 31:10000 32:10000 33:10000 34:10000 35:10000 36:10000 37:10000 38:10000 39:10000 40:10000 41:10000 42: 8333
  P1  30: 7500 31: 6666 32: 6666 33: 7500 34: 5833 35: 5000 36: 5000 37: 4166 38: 4166 39: 3333 40: 3333 41: 2500 42: 1666   [mono-viol x1]
  P2  30: 9166 31: 8333 32: 8333 33: 8333 34: 8333 35: 5833 36: 6666 37: 7500 38: 7500 39: 6666 40: 5833 41: 4166 42: 1666   [mono-viol x2]
  P3  30: 8333 31: 6666 32: 6666 33: 6666 34: 7500 35: 6666 36: 7500 37: 6666 38: 6666 39: 6666 40: 6666 41: 4166 42: 2500   [mono-viol x2]
  P4  30: 9166 31: 9166 32: 8333 33: 8333 34: 8333 35: 6666 36: 5833 37: 6666 38: 6666 39: 6666 40: 4166 41: 2500 42: 1666   [mono-viol x1]
  P5  30: 5000 31: 3333 32: 2500 33: 2500 34: 2500 35: 2500 36: 2500 37: 2500 38: 2500 39: 2500 40: 1666 41: 1666 42:    0
  P6  30:10000 31:10000 32:10000 33:10000 34:10000 35:10000 36:10000 37:10000 38:10000 39:10000 40:10000 41:10000 42:10000
  DT  30:10000 31:10000 32: 9166 33: 9166 34: 9166 35: 8333 36: 8333 37: 7500 38: 7500 39: 6666 40: 8333 41: 5000 42: 1666   [mono-viol x1]
  NT  30:10000 31: 9166 32:10000 33:10000 34:10000 35: 9166 36: 9166 37: 9166 38: 9166 39: 9166 40: 9166 41: 8333 42: 7500   [mono-viol x1]
  (11.952s)

hand 48: [00 21 33 42 50 51 62]
  P0  30:10000 31: 9166 32:10000 33:10000 34:10000 35: 9166 36: 8333 37: 9166 38: 9166 39: 9166 40: 7500 41: 8333 42: 5833   [mono-viol x3]
  P1  30: 9166 31: 9166 32:10000 33:10000 34: 9166 35: 7500 36: 5833 37: 4166 38: 4166 39: 4166 40: 5833 41: 1666 42:  833   [mono-viol x2]
  P2  30:10000 31: 9166 32: 8333 33: 8333 34: 9166 35: 9166 36: 7500 37: 7500 38: 7500 39: 7500 40: 7500 41: 7500 42: 2500   [mono-viol x1]
  P3  30: 6666 31: 6666 32: 7500 33: 7500 34: 6666 35: 5000 36: 4166 37: 5000 38: 5000 39: 5000 40: 3333 41: 3333 42: 2500   [mono-viol x2]
  P4  30: 5833 31: 5000 32: 5000 33: 5000 34: 5000 35: 5000 36: 4166 37: 3333 38: 3333 39: 3333 40: 3333 41: 2500 42:  833
  P5  30: 5000 31: 3333 32: 2500 33: 2500 34: 2500 35: 2500 36: 2500 37: 2500 38: 2500 39: 2500 40: 2500 41: 2500 42:  833
  P6  30: 7500 31: 5833 32: 6666 33: 6666 34: 6666 35: 5833 36: 5000 37: 5000 38: 5000 39: 5000 40: 5833 41: 4166 42: 2500   [mono-viol x2]
  DT  30: 6666 31: 5833 32: 5000 33: 5000 34: 5000 35: 5833 36: 4166 37: 4166 38: 4166 39: 4166 40: 3333 41: 1666 42:  833   [mono-viol x1]
  NT  30: 8333 31: 7500 32: 6666 33: 6666 34: 6666 35: 6666 36: 5833 37: 6666 38: 6666 39: 6666 40: 6666 41: 5000 42: 5000   [mono-viol x1]
  (10.135s)

hand 49: [11 40 44 50 53 54 65]
  P0  30:10000 31: 9166 32: 8333 33: 8333 34: 7500 35: 6666 36: 6666 37: 6666 38: 6666 39: 5833 40: 5833 41: 4166 42: 3333
  P1  30: 5000 31: 5833 32: 5833 33: 5833 34: 5833 35: 4166 36: 3333 37: 3333 38: 3333 39: 3333 40: 3333 41: 1666 42:  833   [mono-viol x1]
  P2  30: 6666 31: 6666 32: 7500 33: 7500 34: 5833 35: 4166 36: 3333 37: 4166 38: 4166 39: 3333 40: 3333 41: 3333 42:  833   [mono-viol x2]
  P3  30: 8333 31:10000 32:10000 33:10000 34:10000 35: 8333 36: 7500 37: 6666 38: 6666 39: 6666 40: 5833 41: 5000 42: 3333   [mono-viol x1]
  P4  30:10000 31:10000 32: 8333 33: 8333 34: 8333 35: 8333 36: 7500 37: 8333 38: 8333 39: 8333 40: 8333 41: 7500 42: 5833   [mono-viol x1]
  P5  30:10000 31:10000 32: 1666 33: 1666 34: 1666 35: 1666 36: 1666 37: 1666 38: 1666 39: 1666 40: 1666 41: 1666 42: 1666
  P6  30: 7500 31: 5833 32: 6666 33: 6666 34: 7500 35: 6666 36: 7500 37: 6666 38: 6666 39: 6666 40: 5833 41: 6666 42:  833   [mono-viol x4]
  DT  30: 6666 31: 5000 32: 3333 33: 3333 34: 3333 35: 3333 36: 3333 37: 3333 38: 3333 39: 3333 40: 3333 41: 3333 42:  833
  NT  30:10000 31: 8333 32: 7500 33: 7500 34: 8333 35: 6666 36: 7500 37: 7500 38: 7500 39: 7500 40: 6666 41: 6666 42: 5833   [mono-viol x2]
  (15.678s)

hand 50: [11 20 33 52 53 61 63]
  P0  30: 6666 31: 5000 32: 5000 33: 5000 34: 5000 35: 5000 36: 3333 37: 4166 38: 4166 39: 4166 40: 3333 41: 1666 42:    0   [mono-viol x1]
  P1  30:10000 31: 9166 32:10000 33:10000 34: 9166 35: 9166 36: 8333 37: 6666 38: 6666 39: 6666 40: 5833 41: 5000 42:  833   [mono-viol x1]
  P2  30: 9166 31: 9166 32: 9166 33: 9166 34: 8333 35: 8333 36: 8333 37: 8333 38: 8333 39: 8333 40: 5000 41: 3333 42:  833
  P3  30:10000 31:10000 32:10000 33:10000 34:10000 35:10000 36:10000 37:10000 38:10000 39:10000 40:10000 41: 9166 42: 7500
  P4  30: 5833 31: 5000 32: 5000 33: 5000 34: 5000 35: 4166 36: 3333 37: 1666 38: 1666 39: 1666 40:  833 41:  833 42:    0
  P5  30: 7500 31: 5000 32: 4166 33: 4166 34: 4166 35: 4166 36: 4166 37: 3333 38: 3333 39: 3333 40: 3333 41: 3333 42: 1666
  P6  30: 8333 31: 6666 32: 6666 33: 6666 34: 6666 35: 6666 36: 6666 37: 5833 38: 5833 39: 5833 40: 5000 41: 3333 42:  833
  DT  30: 6666 31: 5000 32: 5000 33: 5000 34: 5000 35: 5000 36: 4166 37: 3333 38: 3333 39: 3333 40: 3333 41: 2500 42:    0
  NT  30: 9166 31: 8333 32: 8333 33: 8333 34: 8333 35: 7500 36: 7500 37: 6666 38: 6666 39: 6666 40: 6666 41: 6666 42: 2500
  (13.581s)

hand 51: [00 10 31 32 62 63 64]
  P0  30: 9166 31: 8333 32: 7500 33: 7500 34: 6666 35: 7500 36: 5833 37: 5833 38: 5833 39: 5000 40: 5000 41: 4166 42: 1666   [mono-viol x1]
  P1  30: 7500 31: 5833 32: 5833 33: 5833 34: 5000 35: 5833 36: 4166 37: 5833 38: 5833 39: 5833 40: 5000 41: 2500 42:  833   [mono-viol x2]
  P2  30: 9166 31: 9166 32: 9166 33: 9166 34: 8333 35: 7500 36: 7500 37: 6666 38: 6666 39: 6666 40: 6666 41: 5000 42: 2500
  P3  30:10000 31:10000 32:10000 33:10000 34: 9166 35:10000 36:10000 37: 9166 38:10000 39: 9166 40:10000 41: 7500 42: 3333   [mono-viol x3]
  P4  30: 9166 31: 8333 32: 6666 33: 6666 34: 6666 35: 6666 36: 5000 37: 5000 38: 5000 39: 5000 40: 3333 41: 2500 42: 1666
  P5  30: 4166 31: 3333 32: 1666 33: 1666 34: 1666 35: 1666 36: 1666 37: 1666 38: 1666 39: 1666 40: 1666 41:  833 42:  833
  P6  30:10000 31: 9166 32:10000 33:10000 34:10000 35: 8333 36: 8333 37: 8333 38: 8333 39: 8333 40: 6666 41: 3333 42: 2500   [mono-viol x1]
  DT  30: 5000 31: 5000 32: 5000 33: 5000 34: 4166 35: 4166 36: 3333 37: 2500 38: 2500 39: 2500 40: 1666 41: 2500 42:  833   [mono-viol x1]
  NT  30: 7500 31: 5833 32: 5000 33: 5000 34: 6666 35: 7500 36: 6666 37: 7500 38: 7500 39: 7500 40: 7500 41: 5000 42: 4166   [mono-viol x3]
  (10.574s)

hand 52: [11 20 32 40 52 54 55]
  P0  30: 7500 31: 7500 32: 7500 33: 7500 34: 5833 35: 5833 36: 4166 37: 5000 38: 5000 39: 5000 40: 5000 41: 2500 42:    0   [mono-viol x1]
  P1  30: 7500 31: 9166 32: 8333 33: 8333 34: 6666 35: 5833 36: 5833 37: 4166 38: 4166 39: 4166 40: 4166 41: 4166 42: 2500   [mono-viol x1]
  P2  30:10000 31:10000 32:10000 33:10000 34:10000 35:10000 36: 9166 37: 8333 38: 8333 39: 8333 40: 8333 41: 5833 42: 2500
  P3  30: 8333 31: 8333 32: 9166 33: 9166 34: 9166 35: 7500 36: 7500 37: 8333 38: 8333 39: 7500 40: 5833 41: 4166 42:  833   [mono-viol x2]
  P4  30: 5833 31: 5000 32: 5000 33: 5000 34: 5000 35: 5000 36: 5000 37: 5000 38: 5000 39: 5000 40: 4166 41: 3333 42:    0
  P5  30:10000 31:10000 32:10000 33:10000 34:10000 35:10000 36:10000 37:10000 38:10000 39:10000 40:10000 41:10000 42: 5833
  P6  30: 5833 31: 5833 32: 5833 33: 5833 34: 5833 35: 5833 36: 5833 37: 4166 38: 4166 39: 4166 40: 4166 41: 2500 42:    0
  DT  30: 8333 31: 7500 32: 8333 33: 8333 34: 8333 35: 6666 36: 6666 37: 5833 38: 5833 39: 5833 40: 5833 41: 3333 42:  833   [mono-viol x1]
  NT  30: 9166 31:10000 32:10000 33:10000 34:10000 35: 9166 36: 8333 37: 8333 38: 8333 39: 8333 40: 7500 41: 6666 42: 6666   [mono-viol x1]
  (11.733s)

hand 53: [10 11 22 41 43 61 62]
  P0  30: 4166 31: 5000 32: 5000 33: 5000 34: 3333 35: 3333 36: 3333 37: 2500 38: 2500 39: 1666 40: 1666 41:  833 42:  833   [mono-viol x1]
  P1  30:10000 31:10000 32:10000 33:10000 34:10000 35:10000 36:10000 37:10000 38:10000 39:10000 40:10000 41:10000 42: 9166
  P2  30:10000 31:10000 32:10000 33:10000 34:10000 35:10000 36: 9166 37: 9166 38: 9166 39: 9166 40: 9166 41: 8333 42: 5833
  P3  30: 5833 31: 5833 32: 5833 33: 5833 34: 5833 35: 5000 36: 5000 37: 3333 38: 3333 39: 4166 40: 2500 41: 2500 42: 2500   [mono-viol x1]
  P4  30: 8333 31: 7500 32: 7500 33: 7500 34: 7500 35: 7500 36: 6666 37: 6666 38: 6666 39: 6666 40: 5000 41: 3333 42: 2500
  P5  30: 5000 31: 3333 32: 3333 33: 3333 34: 3333 35: 3333 36: 2500 37: 3333 38: 3333 39: 2500 40: 3333 41:  833 42:  833   [mono-viol x2]
  P6  30: 8333 31: 5000 32: 4166 33: 4166 34: 4166 35: 4166 36: 4166 37: 4166 38: 4166 39: 4166 40: 4166 41: 3333 42:  833
  DT  30: 5833 31: 4166 32: 5000 33: 5000 34: 5000 35: 4166 36: 4166 37: 5000 38: 5000 39: 4166 40: 3333 41: 1666 42:  833   [mono-viol x2]
  NT  30: 9166 31: 9166 32: 7500 33: 7500 34: 7500 35: 8333 36: 8333 37: 8333 38: 8333 39: 8333 40: 8333 41: 7500 42: 5000   [mono-viol x1]
  (15.035s)

hand 54: [30 33 44 53 54 55 65]
  P0  30: 8333 31: 7500 32: 7500 33: 7500 34: 7500 35: 5833 36: 5000 37: 5000 38: 5000 39: 4166 40: 4166 41: 3333 42: 1666
  P1  30: 8333 31: 8333 32: 9166 33: 9166 34: 7500 35: 6666 36: 5833 37: 5833 38: 5833 39: 5833 40: 5000 41: 3333 42: 1666   [mono-viol x1]
  P2  30: 8333 31: 8333 32: 8333 33: 8333 34: 8333 35: 7500 36: 6666 37: 6666 38: 6666 39: 6666 40: 5833 41: 4166 42:  833
  P3  30:10000 31:10000 32:10000 33:10000 34:10000 35:10000 36:10000 37:10000 38:10000 39:10000 40:10000 41:10000 42: 8333
  P4  30:10000 31:10000 32: 9166 33: 9166 34: 9166 35: 9166 36:10000 37:10000 38:10000 39:10000 40: 9166 41: 9166 42: 7500   [mono-viol x1]
  P5  30:10000 31:10000 32:10000 33:10000 34:10000 35:10000 36:10000 37:10000 38:10000 39:10000 40:10000 41:10000 42:10000
  P6  30: 9166 31: 8333 32: 7500 33: 7500 34: 7500 35: 7500 36: 6666 37: 6666 38: 6666 39: 6666 40: 7500 41: 5000 42:  833   [mono-viol x1]
  DT  30:10000 31:10000 32:10000 33:10000 34:10000 35:10000 36:10000 37:10000 38:10000 39:10000 40:10000 41: 9166 42: 2500
  NT  30:10000 31:10000 32:10000 33:10000 34:10000 35:10000 36:10000 37:10000 38:10000 39:10000 40:10000 41:10000 42:10000
  (15.650s)

hand 55: [20 22 33 43 52 55 65]
  P0  30: 9166 31: 8333 32: 8333 33: 8333 34: 6666 35: 5833 36: 5000 37: 3333 38: 3333 39: 3333 40: 3333 41: 3333 42: 1666
  P1  30: 7500 31: 7500 32: 7500 33: 7500 34: 5833 35: 5833 36: 5000 37: 5000 38: 5000 39: 5000 40: 5000 41: 3333 42:  833
  P2  30:10000 31:10000 32:10000 33:10000 34:10000 35:10000 36:10000 37:10000 38:10000 39:10000 40:10000 41: 9166 42: 6666
  P3  30:10000 31:10000 32:10000 33:10000 34:10000 35:10000 36:10000 37:10000 38:10000 39:10000 40:10000 41: 9166 42: 5833
  P4  30: 8333 31: 5000 32: 4166 33: 4166 34: 4166 35: 4166 36: 3333 37: 3333 38: 3333 39: 3333 40: 3333 41: 3333 42: 2500
  P5  30:10000 31:10000 32:10000 33:10000 34:10000 35:10000 36:10000 37:10000 38:10000 39:10000 40:10000 41:10000 42:10000
  P6  30: 8333 31: 9166 32: 8333 33: 8333 34: 8333 35: 8333 36: 7500 37: 7500 38: 7500 39: 7500 40: 7500 41: 7500 42: 5000   [mono-viol x1]
  DT  30:10000 31:10000 32:10000 33:10000 34:10000 35:10000 36:10000 37:10000 38:10000 39:10000 40: 9166 41: 8333 42: 4166
  NT  30:10000 31:10000 32:10000 33:10000 34:10000 35:10000 36:10000 37:10000 38:10000 39:10000 40:10000 41: 9166 42: 9166
  (12.470s)

hand 56: [22 41 44 52 54 55 65]
  P0  30: 8333 31: 8333 32: 7500 33: 7500 34: 6666 35: 5000 36: 5000 37: 5000 38: 5000 39: 5000 40: 4166 41:  833 42:  833
  P1  30: 7500 31: 6666 32: 6666 33: 6666 34: 6666 35: 5833 36: 5833 37: 5000 38: 5000 39: 5000 40: 4166 41: 2500 42:    0
  P2  30:10000 31:10000 32:10000 33:10000 34:10000 35:10000 36: 9166 37: 7500 38: 7500 39: 7500 40: 8333 41: 7500 42: 5833   [mono-viol x1]
  P3  30:10000 31:10000 32: 9166 33: 9166 34: 9166 35: 8333 36: 8333 37: 8333 38: 8333 39: 8333 40: 7500 41: 5833 42: 1666
  P4  30:10000 31:10000 32:10000 33:10000 34:10000 35:10000 36:10000 37:10000 38:10000 39:10000 40:10000 41: 9166 42: 8333
  P5  30:10000 31:10000 32:10000 33:10000 34:10000 35:10000 36:10000 37:10000 38:10000 39:10000 40:10000 41:10000 42:10000
  P6  30:10000 31: 9166 32:10000 33:10000 34:10000 35:10000 36: 8333 37: 9166 38: 9166 39: 9166 40: 9166 41: 8333 42: 3333   [mono-viol x2]
  DT  30:10000 31:10000 32:10000 33:10000 34:10000 35:10000 36: 9166 37: 8333 38: 8333 39: 8333 40: 9166 41: 9166 42: 5000   [mono-viol x1]
  NT  30:10000 31:10000 32:10000 33:10000 34:10000 35:10000 36:10000 37:10000 38:10000 39:10000 40:10000 41:10000 42: 9166
  (13.241s)

hand 57: [20 31 41 50 53 54 61]
  P0  30: 7500 31: 6666 32: 6666 33: 5833 34: 5833 35: 4166 36: 4166 37: 5000 38: 5000 39: 5000 40: 4166 41: 1666 42:  833   [mono-viol x1]
  P1  30: 8333 31: 8333 32: 8333 33: 8333 34: 7500 35: 7500 36: 6666 37: 6666 38: 6666 39: 6666 40: 6666 41: 6666 42: 3333
  P2  30: 4166 31: 4166 32: 4166 33: 4166 34: 2500 35: 2500 36: 1666 37: 2500 38: 2500 39: 2500 40: 1666 41:    0 42:    0   [mono-viol x1]
  P3  30: 4166 31: 5000 32: 5000 33: 5000 34: 3333 35: 2500 36: 2500 37: 3333 38: 3333 39: 3333 40: 2500 41: 2500 42: 1666   [mono-viol x2]
  P4  30: 5833 31: 5000 32: 5833 33: 5833 34: 5833 35: 5000 36: 5833 37: 4166 38: 4166 39: 4166 40: 4166 41: 3333 42:  833   [mono-viol x2]
  P5  30: 5833 31: 5833 32: 3333 33: 3333 34: 3333 35: 3333 36: 3333 37: 3333 38: 3333 39: 3333 40: 3333 41: 2500 42: 2500
  P6  30: 5833 31: 6666 32: 5833 33: 5833 34: 5833 35: 5000 36: 5000 37: 4166 38: 4166 39: 4166 40: 4166 41: 3333 42: 2500   [mono-viol x1]
  DT  30: 7500 31: 6666 32: 6666 33: 6666 34: 5833 35: 5833 36: 4166 37: 5000 38: 5000 39: 5000 40: 5000 41: 3333 42: 2500   [mono-viol x1]
  NT  30: 8333 31: 6666 32: 5833 33: 5833 34: 5833 35: 5833 36: 5000 37: 4166 38: 4166 39: 4166 40: 4166 41: 3333 42: 4166   [mono-viol x1]
  (9.857s)

hand 58: [00 30 40 52 55 61 66]
  P0  30:10000 31:10000 32:10000 33:10000 34:10000 35:10000 36:10000 37:10000 38:10000 39:10000 40:10000 41: 9166 42: 5000
  P1  30: 9166 31: 8333 32: 7500 33: 7500 34: 7500 35: 6666 36: 5833 37: 5833 38: 5833 39: 5833 40: 5833 41: 3333 42:  833
  P2  30: 7500 31: 9166 32: 9166 33: 8333 34: 7500 35: 6666 36: 5000 37: 5833 38: 5833 39: 5833 40: 4166 41: 3333 42: 1666   [mono-viol x2]
  P3  30: 8333 31: 8333 32: 8333 33: 7500 34: 6666 35: 5833 36: 5833 37: 5833 38: 5833 39: 5833 40: 5000 41: 3333 42:  833
  P4  30:10000 31: 7500 32: 6666 33: 6666 34: 5833 35: 5833 36: 5833 37: 5000 38: 5000 39: 5000 40: 4166 41: 3333 42:    0
  P5  30:10000 31:10000 32:10000 33:10000 34:10000 35:10000 36:10000 37:10000 38:10000 39:10000 40: 9166 41: 6666 42: 3333
  P6  30:10000 31:10000 32:10000 33:10000 34:10000 35: 9166 36: 9166 37: 9166 38: 9166 39: 9166 40: 9166 41: 7500 42: 5000
  DT  30:10000 31:10000 32:10000 33:10000 34:10000 35:10000 36: 9166 37: 8333 38: 8333 39: 8333 40: 8333 41: 8333 42: 5000
  NT  30:10000 31:10000 32:10000 33:10000 34:10000 35:10000 36:10000 37: 9166 38: 9166 39: 9166 40: 9166 41: 7500 42: 5000
  (8.972s)

hand 59: [11 20 31 41 42 51 62]
  P0  30: 4166 31: 3333 32: 3333 33: 3333 34: 2500 35: 4166 36: 3333 37: 3333 38: 3333 39: 2500 40: 2500 41: 1666 42:  833   [mono-viol x1]
  P1  30:10000 31:10000 32:10000 33:10000 34:10000 35:10000 36:10000 37:10000 38:10000 39:10000 40:10000 41: 8333 42: 6666
  P2  30: 9166 31: 9166 32: 9166 33: 9166 34: 8333 35: 8333 36: 8333 37: 7500 38: 7500 39: 7500 40: 7500 41: 5000 42: 3333
  P3  30: 2500 31: 2500 32: 2500 33: 2500 34: 2500 35:  833 36: 1666 37:  833 38:  833 39:  833 40:  833 41:    0 42:    0   [mono-viol x1]
  P4  30: 5000 31: 4166 32: 4166 33: 3333 34: 3333 35: 4166 36: 2500 37: 2500 38: 2500 39: 2500 40: 2500 41: 1666 42: 1666   [mono-viol x1]
  P5  30: 4166 31: 1666 32:  833 33:  833 34:  833 35:  833 36:  833 37:  833 38:  833 39:  833 40:  833 41:  833 42:  833
  P6  30: 6666 31: 6666 32: 6666 33: 6666 34: 6666 35: 5000 36: 3333 37: 4166 38: 4166 39: 3333 40: 4166 41: 2500 42:  833   [mono-viol x2]
  DT  30: 2500 31: 2500 32: 2500 33: 2500 34: 2500 35: 2500 36: 1666 37: 1666 38: 1666 39: 1666 40: 1666 41: 1666 42:    0
  NT  30: 6666 31: 5833 32: 5000 33: 5000 34: 4166 35: 4166 36: 3333 37: 5000 38: 5000 39: 5000 40: 4166 41: 2500 42: 2500   [mono-viol x1]
  (8.550s)

hand 60: [00 10 11 40 50 62 65]
  P0  30:10000 31:10000 32:10000 33:10000 34:10000 35:10000 36:10000 37:10000 38:10000 39:10000 40:10000 41:10000 42: 9166
  P1  30:10000 31: 9166 32: 8333 33: 8333 34: 8333 35: 8333 36: 9166 37: 8333 38: 8333 39: 8333 40: 7500 41: 7500 42: 2500   [mono-viol x1]
  P2  30: 8333 31: 9166 32: 8333 33: 8333 34: 8333 35: 6666 36: 5833 37: 5833 38: 5833 39: 5833 40: 5000 41: 5000 42: 5000   [mono-viol x1]
  P3  30: 5833 31: 5000 32: 4166 33: 4166 34: 3333 35: 3333 36: 3333 37: 2500 38: 2500 39: 2500 40: 1666 41: 1666 42: 1666
  P4  30: 6666 31: 5000 32: 4166 33: 4166 34: 4166 35: 3333 36: 3333 37: 3333 38: 3333 39: 3333 40: 2500 41: 1666 42:  833
  P5  30: 7500 31: 3333 32: 1666 33: 1666 34: 1666 35: 1666 36: 1666 37: 1666 38: 1666 39: 1666 40: 1666 41: 1666 42:  833
  P6  30: 9166 31: 7500 32: 9166 33: 8333 34: 8333 35: 7500 36: 8333 37: 8333 38: 8333 39: 8333 40: 8333 41: 5833 42: 2500   [mono-viol x2]
  DT  30: 6666 31: 5000 32: 5000 33: 5000 34: 5000 35: 5000 36: 5000 37: 5000 38: 5000 39: 5000 40: 5000 41: 4166 42: 1666
  NT  30:10000 31: 9166 32: 8333 33: 8333 34: 7500 35: 9166 36: 6666 37: 6666 38: 6666 39: 6666 40: 6666 41: 7500 42: 5000   [mono-viol x2]
  (15.996s)

hand 61: [20 41 42 52 54 61 65]
  P0  30: 3333 31: 4166 32: 3333 33: 3333 34: 3333 35: 3333 36: 2500 37: 2500 38: 2500 39: 1666 40: 1666 41:  833 42:    0   [mono-viol x1]
  P1  30: 9166 31: 7500 32: 7500 33: 7500 34: 7500 35: 6666 36: 5000 37: 5000 38: 5000 39: 5000 40: 4166 41: 1666 42:    0
  P2  30: 8333 31: 9166 32: 9166 33: 8333 34: 7500 35: 7500 36: 6666 37: 6666 38: 6666 39: 6666 40: 6666 41: 5000 42: 2500   [mono-viol x1]
  P3  30: 5833 31: 5833 32: 5833 33: 5000 34: 4166 35: 4166 36: 3333 37: 2500 38: 2500 39: 2500 40: 1666 41: 1666 42:  833
  P4  30:10000 31: 8333 32: 8333 33: 8333 34:10000 35: 8333 36: 8333 37: 8333 38: 7500 39: 7500 40: 6666 41: 5000 42:  833   [mono-viol x1]
  P5  30: 4166 31: 4166 32: 2500 33: 2500 34: 2500 35: 2500 36: 2500 37: 1666 38: 1666 39: 1666 40: 1666 41: 1666 42: 1666
  P6  30:10000 31: 9166 32: 9166 33: 9166 34: 7500 35: 6666 36: 5833 37: 5833 38: 5833 39: 5000 40: 4166 41: 3333 42: 2500
  DT  30: 5833 31: 5000 32: 5000 33: 5000 34: 5000 35: 5000 36: 3333 37: 3333 38: 3333 39: 3333 40: 3333 41: 3333 42:  833
  NT  30: 7500 31: 7500 32: 6666 33: 6666 34: 5833 35: 5833 36: 4166 37: 5000 38: 5000 39: 5000 40: 5000 41: 5000 42: 3333   [mono-viol x1]
  (12.332s)

hand 62: [20 30 42 51 55 62 63]
  P0  30: 5833 31: 5000 32: 5000 33: 5000 34: 5833 35: 5000 36: 5000 37: 5000 38: 5000 39: 5833 40: 3333 41: 1666 42:  833   [mono-viol x2]
  P1  30: 5833 31: 5000 32: 5000 33: 5000 34: 4166 35: 3333 36: 3333 37: 3333 38: 3333 39: 3333 40: 3333 41: 2500 42: 1666
  P2  30:10000 31: 9166 32: 9166 33: 9166 34: 9166 35: 9166 36: 9166 37: 9166 38: 9166 39: 9166 40: 8333 41: 8333 42: 3333
  P3  30: 9166 31: 8333 32: 8333 33: 9166 34: 9166 35: 9166 36: 9166 37: 9166 38: 9166 39: 8333 40: 8333 41: 6666 42: 2500   [mono-viol x1]
  P4  30: 6666 31: 6666 32: 5833 33: 5833 34: 5833 35: 5000 36: 5833 37: 5000 38: 5000 39: 3333 40: 3333 41:  833 42:  833   [mono-viol x1]
  P5  30:10000 31:10000 32:10000 33:10000 34: 9166 35: 8333 36: 6666 37: 5833 38: 5833 39: 5833 40: 5833 41: 4166 42: 1666
  P6  30: 9166 31: 6666 32: 6666 33: 5833 34: 5833 35: 5833 36: 6666 37: 5833 38: 5833 39: 5833 40: 5000 41: 3333 42: 2500   [mono-viol x1]
  DT  30: 6666 31: 6666 32: 7500 33: 7500 34: 5833 35: 5833 36: 4166 37: 5833 38: 5833 39: 5000 40: 4166 41: 2500 42:  833   [mono-viol x2]
  NT  30: 7500 31: 7500 32: 7500 33: 7500 34:10000 35: 9166 36: 7500 37: 7500 38: 7500 39: 7500 40: 9166 41: 6666 42: 5000   [mono-viol x2]
  (8.223s)

hand 63: [20 33 42 44 51 53 64]
  P0  30: 5000 31: 5833 32: 5000 33: 5000 34: 4166 35: 5833 36: 4166 37: 3333 38: 3333 39: 3333 40: 2500 41: 2500 42: 1666   [mono-viol x2]
  P1  30: 5833 31: 6666 32: 5833 33: 5833 34: 5000 35: 4166 36: 5000 37: 5000 38: 5000 39: 5000 40: 4166 41: 3333 42: 1666   [mono-viol x2]
  P2  30: 5833 31: 5833 32: 6666 33: 6666 34: 5833 35: 5000 36: 4166 37: 4166 38: 4166 39: 4166 40: 5000 41: 2500 42: 1666   [mono-viol x2]
  P3  30: 8333 31: 7500 32: 7500 33: 7500 34: 7500 35: 7500 36: 7500 37: 7500 38: 7500 39: 8333 40: 6666 41: 5833 42: 4166   [mono-viol x1]
  P4  30:10000 31:10000 32:10000 33:10000 34:10000 35:10000 36:10000 37: 9166 38: 9166 39: 9166 40: 9166 41: 9166 42: 6666
  P5  30: 8333 31: 7500 32: 2500 33: 2500 34: 2500 35: 2500 36: 2500 37: 2500 38: 2500 39: 2500 40: 2500 41: 2500 42: 1666
  P6  30: 6666 31: 6666 32: 7500 33: 7500 34: 5833 35: 6666 36: 5833 37: 5000 38: 5000 39: 5000 40: 4166 41: 1666 42: 1666   [mono-viol x2]
  DT  30: 6666 31: 3333 32: 3333 33: 3333 34: 2500 35: 3333 36: 2500 37: 2500 38: 2500 39: 2500 40: 1666 41:  833 42:    0   [mono-viol x1]
  NT  30: 8333 31: 8333 32: 6666 33: 6666 34: 6666 35: 6666 36: 6666 37: 6666 38: 6666 39: 6666 40: 6666 41: 6666 42: 5000
  (9.297s)

hand 64: [11 32 40 41 44 62 64]
  P0  30: 5000 31: 5833 32: 5833 33: 5833 34: 5000 35: 5000 36: 2500 37: 3333 38: 3333 39: 3333 40: 3333 41: 1666 42:  833   [mono-viol x2]
  P1  30: 9166 31: 9166 32: 9166 33: 9166 34: 9166 35: 8333 36: 7500 37: 7500 38: 7500 39: 7500 40: 6666 41: 5000 42: 1666
  P2  30: 9166 31: 9166 32: 9166 33: 9166 34: 9166 35: 8333 36: 7500 37: 7500 38: 7500 39: 7500 40: 7500 41: 4166 42: 1666
  P3  30: 9166 31: 8333 32: 8333 33: 8333 34: 8333 35: 6666 36: 6666 37: 5833 38: 5833 39: 5833 40: 5833 41: 3333 42:  833
  P4  30:10000 31:10000 32:10000 33:10000 34:10000 35:10000 36:10000 37:10000 38:10000 39:10000 40:10000 41:10000 42:10000
  P5  30: 5000 31: 5000 32: 2500 33: 2500 34: 2500 35: 2500 36: 2500 37: 2500 38: 2500 39: 2500 40: 2500 41:  833 42:    0
  P6  30:10000 31:10000 32:10000 33:10000 34:10000 35:10000 36: 9166 37: 8333 38: 8333 39: 8333 40: 8333 41: 7500 42: 2500
  DT  30: 5000 31: 5000 32: 5000 33: 5000 34: 5000 35: 3333 36: 3333 37: 2500 38: 2500 39: 2500 40: 2500 41: 2500 42: 1666
  NT  30:10000 31:10000 32: 9166 33: 9166 34: 9166 35: 9166 36: 9166 37: 8333 38: 8333 39: 8333 40: 8333 41: 8333 42: 7500
  (12.005s)

hand 65: [20 32 33 43 51 53 64]
  P0  30: 3333 31: 2500 32: 2500 33: 2500 34: 1666 35: 1666 36: 2500 37: 3333 38: 3333 39: 3333 40: 3333 41:  833 42:    0   [mono-viol x2]
  P1  30: 5000 31: 5833 32: 5833 33: 5833 34: 5000 35: 4166 36: 4166 37: 4166 38: 4166 39: 4166 40: 4166 41: 2500 42: 1666   [mono-viol x1]
  P2  30: 5833 31: 5833 32: 5000 33: 5000 34: 5000 35: 5000 36: 5000 37: 4166 38: 4166 39: 4166 40: 3333 41: 2500 42:  833
  P3  30:10000 31:10000 32:10000 33:10000 34:10000 35:10000 36: 8333 37: 9166 38: 9166 39: 9166 40: 9166 41: 7500 42: 6666   [mono-viol x1]
  P4  30: 7500 31: 8333 32: 8333 33: 7500 34: 6666 35: 5833 36: 5833 37: 6666 38: 6666 39: 6666 40: 5000 41: 4166 42: 1666   [mono-viol x2]
  P5  30: 5000 31: 3333 32: 2500 33: 2500 34: 2500 35: 2500 36: 2500 37: 2500 38: 2500 39: 2500 40: 2500 41: 2500 42: 1666
  P6  30: 7500 31: 6666 32: 6666 33: 6666 34: 6666 35: 6666 36: 4166 37: 5000 38: 5000 39: 5000 40: 3333 41: 2500 42:  833   [mono-viol x1]
  DT  30: 4166 31: 3333 32: 3333 33: 3333 34: 2500 35: 2500 36: 2500 37: 2500 38: 2500 39: 2500 40: 1666 41: 1666 42:  833
  NT  30: 7500 31: 7500 32: 6666 33: 6666 34: 7500 35: 5833 36: 5833 37: 5000 38: 5000 39: 5000 40: 5000 41: 5000 42: 2500   [mono-viol x1]
  (11.178s)

hand 66: [00 10 33 40 52 61 64]
  P0  30:10000 31:10000 32:10000 33:10000 34: 8333 35: 9166 36: 7500 37: 7500 38: 7500 39: 7500 40: 9166 41: 6666 42: 3333   [mono-viol x2]
  P1  30: 8333 31: 6666 32: 6666 33: 6666 34: 6666 35: 6666 36: 5833 37: 5000 38: 5000 39: 5000 40: 5833 41: 3333 42: 2500   [mono-viol x1]
  P2  30: 5000 31: 5833 32: 5000 33: 5000 34: 5833 35: 3333 36: 3333 37: 2500 38: 2500 39: 2500 40: 1666 41:  833 42:    0   [mono-viol x2]
  P3  30: 6666 31: 7500 32: 7500 33: 7500 34: 6666 35: 5000 36: 4166 37: 4166 38: 4166 39: 4166 40: 4166 41: 3333 42: 2500   [mono-viol x1]
  P4  30: 9166 31: 8333 32: 7500 33: 8333 34: 8333 35: 6666 36: 8333 37: 5833 38: 5833 39: 5833 40: 4166 41: 4166 42:  833   [mono-viol x2]
  P5  30: 5000 31: 3333 32: 2500 33: 2500 34: 2500 35: 2500 36: 2500 37: 2500 38: 2500 39: 2500 40: 2500 41: 2500 42: 1666
  P6  30: 9166 31: 8333 32: 8333 33: 8333 34: 8333 35: 6666 36: 6666 37: 6666 38: 6666 39: 5833 40: 3333 41: 3333 42: 1666
  DT  30: 5000 31: 5000 32: 5000 33: 5000 34: 4166 35: 4166 36: 2500 37: 2500 38: 2500 39: 2500 40: 1666 41: 1666 42:    0
  NT  30: 9166 31: 9166 32: 8333 33: 8333 34: 7500 35: 5833 36: 6666 37: 7500 38: 7500 39: 7500 40: 8333 41: 5833 42: 3333   [mono-viol x3]
  (10.800s)

hand 67: [10 11 33 53 61 62 63]
  P0  30: 5000 31: 5833 32: 5833 33: 5833 34: 5000 35: 2500 36: 3333 37: 3333 38: 3333 39: 3333 40: 2500 41: 1666 42:  833   [mono-viol x2]
  P1  30:10000 31:10000 32:10000 33:10000 34:10000 35: 9166 36:10000 37:10000 38:10000 39:10000 40: 9166 41: 8333 42: 5000   [mono-viol x1]
  P2  30: 6666 31: 5833 32: 6666 33: 6666 34: 5833 35: 5000 36: 5000 37: 4166 38: 4166 39: 4166 40: 4166 41: 4166 42:  833   [mono-viol x1]
  P3  30:10000 31:10000 32:10000 33:10000 34:10000 35:10000 36:10000 37:10000 38:10000 39:10000 40:10000 41:10000 42: 7500
  P4  30: 5000 31: 5000 32: 5000 33: 5000 34: 5000 35: 4166 36: 4166 37: 4166 38: 4166 39: 4166 40: 4166 41: 2500 42: 1666
  P5  30: 5833 31: 1666 32:  833 33:  833 34:  833 35:  833 36:  833 37:  833 38:  833 39:  833 40:  833 41:  833 42:    0
  P6  30: 8333 31: 8333 32: 8333 33: 8333 34: 8333 35: 8333 36: 7500 37: 7500 38: 7500 39: 7500 40: 7500 41: 5833 42: 3333
  DT  30: 6666 31: 4166 32: 4166 33: 4166 34: 4166 35: 4166 36: 2500 37: 2500 38: 2500 39: 2500 40: 2500 41: 1666 42:  833
  NT  30:10000 31: 9166 32: 9166 33: 9166 34: 9166 35: 9166 36: 7500 37: 6666 38: 6666 39: 6666 40: 7500 41: 5833 42: 5000   [mono-viol x1]
  (13.973s)

hand 68: [30 32 40 42 53 55 64]
  P0  30: 5833 31: 5833 32: 5833 33: 5833 34: 5833 35: 5000 36: 5833 37: 5833 38: 5833 39: 5833 40: 5000 41: 5000 42: 1666   [mono-viol x1]
  P1  30: 7500 31: 6666 32: 6666 33: 6666 34: 5833 35: 5833 36: 5000 37: 5000 38: 5000 39: 5000 40: 4166 41: 1666 42:  833
  P2  30: 9166 31: 8333 32: 8333 33: 7500 34: 6666 35: 6666 36: 6666 37: 6666 38: 6666 39: 5833 40: 5833 41: 4166 42:  833
  P3  30:10000 31:10000 32:10000 33:10000 34:10000 35: 9166 36: 8333 37: 9166 38: 9166 39:10000 40: 7500 41: 5000 42: 1666   [mono-viol x2]
  P4  30:10000 31:10000 32:10000 33:10000 34:10000 35:10000 36: 9166 37: 9166 38: 9166 39: 9166 40: 9166 41: 8333 42: 2500
  P5  30:10000 31: 9166 32:10000 33: 9166 34: 9166 35: 7500 36: 8333 37: 6666 38: 6666 39: 6666 40: 6666 41: 5000 42: 4166   [mono-viol x2]
  P6  30: 8333 31: 9166 32:10000 33: 8333 34: 8333 35: 7500 36: 7500 37: 8333 38: 8333 39: 7500 40: 6666 41: 5000 42: 2500   [mono-viol x3]
  DT  30: 8333 31: 8333 32: 8333 33: 8333 34: 8333 35: 7500 36: 6666 37: 6666 38: 6666 39: 6666 40: 6666 41: 6666 42: 2500
  NT  30:10000 31:10000 32:10000 33:10000 34:10000 35: 9166 36: 9166 37:10000 38:10000 39: 9166 40: 6666 41: 5000 42: 4166   [mono-viol x1]
  (10.409s)

hand 69: [10 21 32 42 51 64 66]
  P0  30: 4166 31: 3333 32: 4166 33: 4166 34: 3333 35: 2500 36: 1666 37: 1666 38: 1666 39: 1666 40:  833 41: 1666 42: 1666   [mono-viol x2]
  P1  30: 9166 31: 9166 32: 9166 33: 9166 34: 9166 35: 8333 36: 8333 37: 8333 38: 8333 39: 8333 40: 8333 41: 7500 42: 5000
  P2  30: 9166 31: 9166 32: 9166 33: 9166 34:10000 35: 9166 36: 7500 37: 8333 38: 8333 39: 8333 40: 7500 41: 5000 42: 2500   [mono-viol x2]
  P3  30: 7500 31: 6666 32: 6666 33: 6666 34: 5833 35: 7500 36: 4166 37: 3333 38: 3333 39: 2500 40: 3333 41:  833 42:    0   [mono-viol x2]
  P4  30: 8333 31: 9166 32: 7500 33: 7500 34: 7500 35: 9166 36: 5833 37: 5833 38: 5833 39: 5833 40: 4166 41: 2500 42: 1666   [mono-viol x2]
  P5  30: 5000 31: 4166 32: 3333 33: 3333 34: 3333 35: 3333 36: 2500 37: 3333 38: 3333 39: 3333 40: 3333 41: 2500 42: 1666   [mono-viol x1]
  P6  30:10000 31: 9166 32:10000 33:10000 34:10000 35: 9166 36: 8333 37: 6666 38: 6666 39: 6666 40: 5000 41: 5000 42: 3333   [mono-viol x1]
  DT  30: 7500 31: 5833 32: 5000 33: 5000 34: 5000 35: 4166 36: 4166 37: 3333 38: 3333 39: 3333 40: 3333 41: 4166 42: 1666   [mono-viol x1]
  NT  30: 8333 31: 8333 32: 7500 33: 7500 34: 7500 35: 7500 36: 8333 37: 6666 38: 6666 39: 6666 40: 5833 41: 5000 42: 3333   [mono-viol x1]
  (10.502s)

hand 70: [11 20 21 33 50 54 63]
  P0  30: 9166 31: 8333 32: 8333 33: 8333 34: 7500 35: 7500 36: 6666 37: 5833 38: 5833 39: 5833 40: 5833 41: 3333 42: 1666
  P1  30: 8333 31: 6666 32: 6666 33: 6666 34: 6666 35: 6666 36: 5833 37: 5000 38: 5000 39: 5833 40: 5000 41: 2500 42:  833   [mono-viol x1]
  P2  30: 6666 31: 6666 32: 5833 33: 5833 34: 5833 35: 5833 36: 5000 37: 5000 38: 5000 39: 5000 40: 5000 41: 3333 42: 1666
  P3  30:10000 31:10000 32:10000 33:10000 34:10000 35: 9166 36:10000 37: 9166 38: 9166 39: 9166 40: 8333 41: 5833 42: 4166   [mono-viol x1]
  P4  30: 8333 31: 5833 32: 5833 33: 5833 34: 5833 35: 5833 36: 5000 37: 5000 38: 5000 39: 4166 40: 4166 41: 3333 42:  833
  P5  30: 8333 31: 5833 32: 4166 33: 4166 34: 4166 35: 4166 36: 4166 37: 4166 38: 4166 39: 4166 40: 4166 41: 3333 42:  833
  P6  30: 7500 31: 7500 32: 7500 33: 7500 34: 7500 35: 7500 36: 5833 37: 5833 38: 5833 39: 5833 40: 5833 41: 2500 42:  833
  DT  30: 4166 31: 5000 32: 5000 33: 5000 34: 5000 35: 2500 36: 2500 37: 1666 38: 1666 39: 1666 40: 1666 41: 1666 42:  833   [mono-viol x1]
  NT  30: 9166 31: 9166 32: 9166 33: 9166 34: 9166 35: 7500 36: 7500 37: 6666 38: 6666 39: 6666 40: 6666 41: 6666 42: 1666
  (10.541s)

hand 71: [44 54 61 62 64 65 66]
  P0  30: 7500 31: 8333 32: 7500 33: 7500 34: 5000 35: 5833 36: 5833 37: 5000 38: 5000 39: 4166 40: 4166 41: 2500 42: 1666   [mono-viol x2]
  P1  30: 7500 31: 6666 32: 6666 33: 6666 34: 6666 35: 5833 36: 5000 37: 5000 38: 5000 39: 5000 40: 3333 41: 3333 42: 2500
  P2  30: 8333 31: 8333 32: 8333 33: 8333 34: 8333 35: 7500 36: 5833 37: 5833 38: 5833 39: 5000 40: 5000 41: 4166 42: 3333
  P3  30: 8333 31: 9166 32: 9166 33: 9166 34: 8333 35: 6666 36: 5833 37: 5000 38: 5000 39: 5000 40: 3333 41: 2500 42:  833   [mono-viol x1]
  P4  30:10000 31:10000 32:10000 33:10000 34:10000 35:10000 36:10000 37:10000 38:10000 39:10000 40:10000 41:10000 42:10000
  P5  30: 9166 31: 8333 32: 1666 33: 1666 34: 1666 35: 1666 36: 1666 37: 1666 38: 1666 39: 1666 40: 1666 41: 1666 42: 1666
  P6  30:10000 31:10000 32:10000 33:10000 34:10000 35:10000 36:10000 37:10000 38:10000 39:10000 40:10000 41:10000 42: 9166
  DT  30:10000 31:10000 32:10000 33:10000 34:10000 35:10000 36:10000 37:10000 38:10000 39:10000 40:10000 41: 8333 42: 7500
  NT  30:10000 31:10000 32:10000 33:10000 34:10000 35: 9166 36:10000 37: 9166 38: 9166 39: 9166 40: 9166 41: 9166 42: 9166   [mono-viol x1]
  (20.945s)

hand 72: [00 31 43 51 53 65 66]
  P0  30: 8333 31: 8333 32: 8333 33: 8333 34: 7500 35: 7500 36: 5000 37: 5833 38: 5833 39: 5833 40: 5000 41: 3333 42: 1666   [mono-viol x1]
  P1  30: 7500 31: 8333 32: 6666 33: 6666 34: 6666 35: 5833 36: 5833 37: 5833 38: 5833 39: 5833 40: 5000 41: 2500 42: 1666   [mono-viol x1]
  P2  30: 5833 31: 6666 32: 6666 33: 6666 34: 5833 35: 5000 36: 5000 37: 5000 38: 5000 39: 5000 40: 4166 41: 3333 42:  833   [mono-viol x1]
  P3  30:10000 31:10000 32:10000 33:10000 34:10000 35:10000 36:10000 37: 9166 38: 9166 39: 9166 40: 9166 41: 8333 42: 1666
  P4  30: 6666 31: 5833 32: 5000 33: 5000 34: 5000 35: 5000 36: 5833 37: 5833 38: 5833 39: 5833 40: 5833 41: 4166 42:  833   [mono-viol x1]
  P5  30:10000 31: 8333 32: 3333 33: 3333 34: 3333 35: 3333 36: 3333 37: 3333 38: 3333 39: 3333 40: 3333 41: 3333 42: 3333
  P6  30:10000 31:10000 32:10000 33:10000 34:10000 35: 9166 36: 9166 37: 9166 38: 9166 39: 9166 40: 9166 41: 6666 42: 4166
  DT  30: 8333 31: 8333 32: 8333 33: 8333 34: 7500 35: 7500 36: 7500 37: 7500 38: 7500 39: 7500 40: 7500 41: 6666 42: 3333
  NT  30:10000 31:10000 32:10000 33:10000 34:10000 35:10000 36:10000 37: 9166 38: 9166 39: 9166 40: 9166 41: 9166 42: 6666
  (14.241s)

hand 73: [20 22 32 41 43 54 61]
  P0  30: 6666 31: 6666 32: 5833 33: 5000 34: 4166 35: 4166 36: 3333 37: 3333 38: 3333 39: 3333 40: 3333 41:  833 42:    0
  P1  30: 9166 31: 9166 32: 9166 33: 9166 34: 8333 35: 7500 36: 6666 37: 6666 38: 6666 39: 6666 40: 6666 41: 2500 42:  833
  P2  30:10000 31:10000 32:10000 33:10000 34:10000 35: 9166 36: 9166 37: 8333 38: 8333 39: 9166 40: 7500 41: 6666 42: 1666   [mono-viol x1]
  P3  30: 6666 31: 6666 32: 6666 33: 5833 34: 4166 35: 4166 36: 4166 37: 3333 38: 3333 39: 3333 40: 2500 41:  833 42:    0
  P4  30: 8333 31: 5833 32: 5833 33: 5833 34: 5833 35: 5833 36: 5833 37: 5833 38: 5833 39: 5833 40: 5833 41: 4166 42: 3333
  P5  30: 8333 31: 6666 32: 5833 33: 5833 34: 5833 35: 5833 36: 5000 37: 4166 38: 4166 39: 4166 40: 3333 41: 3333 42: 2500
  P6  30: 5833 31: 5000 32: 5000 33: 5000 34: 5000 35: 4166 36: 4166 37: 3333 38: 3333 39: 3333 40: 2500 41: 2500 42:  833
  DT  30: 5000 31: 5833 32: 5833 33: 5833 34: 5833 35: 5000 36: 4166 37: 4166 38: 4166 39: 3333 40: 2500 41: 3333 42:    0   [mono-viol x2]
  NT  30: 8333 31: 9166 32: 9166 33: 9166 34: 8333 35: 6666 36: 5833 37: 5000 38: 5000 39: 5000 40: 4166 41: 4166 42: 3333   [mono-viol x1]
  (11.732s)

hand 74: [10 30 43 50 51 62 64]
  P0  30: 7500 31: 5833 32: 5833 33: 5833 34: 5833 35: 5833 36: 5000 37: 4166 38: 4166 39: 4166 40: 3333 41: 2500 42:  833
  P1  30: 3333 31: 2500 32: 3333 33: 2500 34: 2500 35: 2500 36: 2500 37: 2500 38: 2500 39: 2500 40: 1666 41:    0 42:    0   [mono-viol x1]
  P2  30: 5000 31: 4166 32: 4166 33: 4166 34: 4166 35: 4166 36: 4166 37: 3333 38: 3333 39: 3333 40: 2500 41: 1666 42:  833
  P3  30: 7500 31: 5000 32: 6666 33: 6666 34: 5833 35: 5000 36: 4166 37: 4166 38: 4166 39: 4166 40: 3333 41: 2500 42:  833   [mono-viol x1]
  P4  30: 8333 31: 7500 32: 7500 33: 7500 34: 7500 35: 6666 36: 5000 37: 5000 38: 5000 39: 5000 40: 4166 41: 3333 42: 1666
  P5  30: 7500 31: 7500 32: 5000 33: 5000 34: 5000 35: 4166 36: 4166 37: 4166 38: 4166 39: 4166 40: 4166 41: 2500 42: 1666
  P6  30: 9166 31: 9166 32: 9166 33: 9166 34: 7500 35: 6666 36: 5000 37: 5000 38: 5000 39: 5000 40: 5000 41: 5000 42: 3333
  DT  30: 5833 31: 5000 32: 5000 33: 5000 34: 5833 35: 5000 36: 4166 37: 4166 38: 4166 39: 3333 40: 3333 41: 1666 42:  833   [mono-viol x1]
  NT  30: 6666 31: 6666 32: 7500 33: 7500 34: 7500 35: 5833 36: 5000 37: 5833 38: 5833 39: 5833 40: 5000 41: 4166 42: 3333   [mono-viol x2]
  (8.802s)

hand 75: [21 32 33 40 53 54 62]
  P0  30: 4166 31: 5000 32: 4166 33: 4166 34: 5000 35: 5000 36: 3333 37: 3333 38: 3333 39: 3333 40: 4166 41: 1666 42:  833   [mono-viol x3]
  P1  30: 5833 31: 4166 32: 4166 33: 3333 34: 3333 35: 3333 36: 2500 37: 1666 38: 1666 39: 1666 40: 1666 41: 1666 42:    0
  P2  30: 9166 31: 9166 32: 9166 33: 9166 34: 9166 35: 8333 36: 7500 37: 8333 38: 8333 39: 8333 40: 8333 41: 6666 42: 1666   [mono-viol x1]
  P3  30:10000 31: 9166 32: 8333 33: 8333 34: 8333 35: 8333 36: 9166 37: 8333 38: 8333 39: 8333 40: 7500 41: 6666 42: 5000   [mono-viol x1]
  P4  30: 7500 31: 7500 32: 7500 33: 7500 34: 7500 35: 6666 36: 5833 37: 5833 38: 5833 39: 5833 40: 5000 41: 3333 42: 3333
  P5  30: 5833 31: 5000 32: 4166 33: 4166 34: 4166 35: 3333 36: 4166 37: 4166 38: 4166 39: 4166 40: 3333 41: 3333 42: 1666   [mono-viol x1]
  P6  30: 5833 31: 5000 32: 5833 33: 5833 34: 5833 35: 5000 36: 4166 37: 3333 38: 3333 39: 4166 40: 2500 41: 1666 42:  833   [mono-viol x2]
  DT  30: 4166 31: 4166 32: 4166 33: 4166 34: 3333 35: 3333 36: 4166 37: 3333 38: 3333 39: 3333 40: 1666 41:  833 42:    0   [mono-viol x1]
  NT  30: 6666 31: 6666 32: 6666 33: 6666 34: 6666 35: 5833 36: 5833 37: 5833 38: 5833 39: 5000 40: 5833 41: 4166 42: 1666   [mono-viol x1]
  (11.288s)

hand 76: [32 41 51 52 53 60 65]
  P0  30: 5833 31: 5000 32: 5833 33: 5833 34: 4166 35: 4166 36: 4166 37: 5000 38: 5000 39: 5000 40: 4166 41: 4166 42: 1666   [mono-viol x2]
  P1  30: 7500 31: 6666 32: 6666 33: 6666 34: 5000 35: 5833 36: 4166 37: 4166 38: 4166 39: 3333 40: 3333 41: 3333 42: 1666   [mono-viol x1]
  P2  30: 5833 31: 5833 32: 5833 33: 5833 34: 5000 35: 5833 36: 3333 37: 2500 38: 2500 39: 2500 40: 1666 41: 2500 42:  833   [mono-viol x2]
  P3  30: 5833 31: 5833 32: 5833 33: 5833 34: 6666 35: 5833 36: 5000 37: 5000 38: 5000 39: 5000 40: 4166 41: 3333 42: 1666   [mono-viol x1]
  P4  30: 2500 31: 1666 32: 1666 33: 1666 34: 1666 35: 1666 36:  833 37:  833 38:  833 39:  833 40:  833 41:  833 42:    0
  P5  30: 5833 31: 5000 32: 1666 33: 1666 34: 1666 35: 1666 36: 1666 37: 1666 38: 1666 39: 1666 40: 1666 41: 1666 42: 1666
  P6  30: 6666 31: 5833 32: 6666 33: 6666 34: 6666 35: 5000 36: 4166 37: 4166 38: 4166 39: 4166 40: 4166 41: 4166 42: 2500   [mono-viol x1]
  DT  30: 5000 31: 4166 32: 3333 33: 3333 34: 3333 35: 3333 36: 3333 37: 3333 38: 3333 39: 3333 40: 2500 41: 1666 42: 2500   [mono-viol x1]
  NT  30: 6666 31: 5833 32: 6666 33: 6666 34: 7500 35: 6666 36: 5833 37: 5000 38: 5000 39: 5000 40: 5000 41: 5000 42: 3333   [mono-viol x2]
  (10.561s)

hand 77: [22 30 40 53 54 60 62]
  P0  30: 9166 31: 9166 32: 9166 33: 9166 34: 9166 35: 9166 36: 8333 37: 5833 38: 5833 39: 6666 40: 5833 41: 5000 42: 2500   [mono-viol x1]
  P1  30: 5000 31: 4166 32: 4166 33: 4166 34: 4166 35: 3333 36: 2500 37: 2500 38: 2500 39: 2500 40: 2500 41: 1666 42:  833
  P2  30: 7500 31: 7500 32: 6666 33: 6666 34: 7500 35: 7500 36: 5833 37: 5000 38: 5000 39: 5000 40: 5000 41: 5000 42: 3333   [mono-viol x1]
  P3  30: 6666 31: 5833 32: 5833 33: 5833 34: 5833 35: 5833 36: 5833 37: 5833 38: 5833 39: 5833 40: 5833 41: 3333 42:  833
  P4  30: 5833 31: 5833 32: 5833 33: 5833 34: 5000 35: 5000 36: 3333 37: 3333 38: 3333 39: 3333 40: 3333 41: 3333 42: 1666
  P5  30: 5833 31: 3333 32: 3333 33: 3333 34: 3333 35: 2500 36: 1666 37: 2500 38: 2500 39: 2500 40: 2500 41: 1666 42:  833   [mono-viol x1]
  P6  30: 5833 31: 5000 32: 5000 33: 5000 34: 5000 35: 5000 36: 4166 37: 4166 38: 4166 39: 4166 40: 4166 41: 3333 42:    0
  DT  30: 4166 31: 4166 32: 3333 33: 3333 34: 2500 35: 2500 36: 1666 37: 1666 38: 1666 39: 1666 40:  833 41:  833 42:  833
  NT  30: 6666 31: 5833 32: 5833 33: 5833 34: 5833 35: 5833 36: 5000 37: 5833 38: 5833 39: 5833 40: 5833 41: 4166 42:  833   [mono-viol x1]
  (11.482s)

hand 78: [00 40 41 53 54 64 65]
  P0  30: 8333 31: 8333 32: 7500 33: 7500 34: 7500 35: 6666 36: 7500 37: 6666 38: 6666 39: 6666 40: 5833 41: 5000 42: 1666   [mono-viol x1]
  P1  30: 5833 31: 5833 32: 5000 33: 5000 34: 5833 35: 3333 36: 3333 37: 3333 38: 3333 39: 2500 40:  833 41:  833 42:  833   [mono-viol x1]
  P2  30: 6666 31: 6666 32: 6666 33: 6666 34: 5833 35: 5000 36: 5833 37: 4166 38: 4166 39: 3333 40: 3333 41: 3333 42:    0   [mono-viol x1]
  P3  30: 5833 31: 5833 32: 5833 33: 5833 34: 5000 35: 5000 36: 4166 37: 4166 38: 4166 39: 4166 40: 3333 41: 2500 42:  833
  P4  30:10000 31:10000 32:10000 33:10000 34:10000 35:10000 36:10000 37:10000 38:10000 39:10000 40:10000 41: 9166 42: 2500
  P5  30: 7500 31: 5000 32: 3333 33: 3333 34: 3333 35: 3333 36: 3333 37: 3333 38: 3333 39: 3333 40: 3333 41: 3333 42: 2500
  P6  30:10000 31: 7500 32: 9166 33: 9166 34: 9166 35: 8333 36: 7500 37: 7500 38: 7500 39: 6666 40: 6666 41: 3333 42:  833   [mono-viol x1]
  DT  30: 4166 31: 3333 32: 3333 33: 3333 34: 3333 35: 3333 36: 3333 37: 3333 38: 3333 39: 2500 40: 2500 41: 1666 42:    0
  NT  30: 7500 31: 8333 32: 8333 33: 8333 34: 7500 35: 6666 36: 5833 37: 5833 38: 5833 39: 5833 40: 6666 41: 5833 42: 4166   [mono-viol x2]
  (13.491s)

hand 79: [21 41 50 53 54 63 66]
  P0  30: 5833 31: 4166 32: 4166 33: 4166 34: 3333 35: 3333 36: 2500 37: 3333 38: 3333 39: 3333 40: 2500 41: 1666 42:    0   [mono-viol x1]
  P1  30: 7500 31: 6666 32: 6666 33: 6666 34: 5000 35: 5000 36: 5833 37: 6666 38: 6666 39: 6666 40: 5833 41: 5000 42: 1666   [mono-viol x2]
  P2  30: 5000 31: 5000 32: 4166 33: 4166 34: 3333 35: 3333 36: 3333 37: 4166 38: 4166 39: 3333 40: 1666 41: 2500 42:  833   [mono-viol x2]
  P3  30:10000 31:10000 32:10000 33:10000 34:10000 35:10000 36: 9166 37: 8333 38: 8333 39: 8333 40: 6666 41: 5833 42:  833
  P4  30: 5833 31: 4166 32: 4166 33: 4166 34: 4166 35: 4166 36: 4166 37: 4166 38: 4166 39: 4166 40: 4166 41: 3333 42: 3333
  P5  30: 7500 31: 8333 32: 3333 33: 3333 34: 3333 35: 3333 36: 3333 37: 3333 38: 3333 39: 3333 40: 3333 41: 3333 42: 3333   [mono-viol x1]
  P6  30: 9166 31: 7500 32: 7500 33: 7500 34: 7500 35: 6666 36: 5833 37: 5833 38: 5833 39: 5833 40: 5000 41: 5000 42: 3333
  DT  30: 6666 31: 6666 32: 5833 33: 5833 34: 6666 35: 5000 36: 4166 37: 4166 38: 4166 39: 4166 40: 3333 41: 2500 42: 2500   [mono-viol x1]
  NT  30: 9166 31: 9166 32: 8333 33: 8333 34: 8333 35: 8333 36: 6666 37: 5833 38: 5833 39: 5833 40: 6666 41: 5000 42: 4166   [mono-viol x1]
  (10.860s)

hand 80: [11 20 31 32 33 51 55]
  P0  30: 6666 31: 5833 32: 5833 33: 5833 34: 5833 35: 5000 36: 4166 37: 4166 38: 4166 39: 4166 40: 4166 41: 2500 42:  833
  P1  30:10000 31:10000 32:10000 33:10000 34:10000 35:10000 36:10000 37:10000 38:10000 39:10000 40:10000 41:10000 42: 9166
  P2  30:10000 31:10000 32:10000 33:10000 34:10000 35:10000 36:10000 37: 9166 38: 9166 39: 9166 40: 7500 41: 5833 42: 2500
  P3  30:10000 31:10000 32:10000 33:10000 34:10000 35:10000 36:10000 37:10000 38:10000 39:10000 40:10000 41: 9166 42: 4166
  P4  30: 4166 31: 4166 32: 3333 33: 3333 34: 3333 35: 3333 36: 3333 37: 2500 38: 2500 39: 2500 40: 2500 41: 1666 42:    0
  P5  30:10000 31:10000 32:10000 33:10000 34:10000 35:10000 36: 9166 37: 9166 38: 9166 39: 9166 40: 8333 41: 6666 42: 5000
  P6  30: 6666 31: 5833 32: 5833 33: 5833 34: 5833 35: 5000 36: 5000 37: 5000 38: 5000 39: 5000 40: 5000 41: 3333 42:  833
  DT  30:10000 31:10000 32:10000 33:10000 34:10000 35: 9166 36: 8333 37: 7500 38: 7500 39: 6666 40: 5833 41: 5000 42: 3333
  NT  30:10000 31:10000 32:10000 33:10000 34:10000 35:10000 36:10000 37:10000 38:10000 39:10000 40:10000 41:10000 42: 7500
  (10.459s)

hand 81: [11 32 40 42 54 55 65]
  P0  30: 5000 31: 5000 32: 5000 33: 5000 34: 3333 35: 2500 36: 2500 37: 2500 38: 2500 39: 3333 40: 2500 41: 1666 42:  833   [mono-viol x1]
  P1  30: 7500 31: 6666 32: 7500 33: 7500 34: 7500 35: 5833 36: 5833 37: 5000 38: 5000 39: 5000 40: 5000 41: 3333 42: 2500   [mono-viol x1]
  P2  30: 8333 31: 8333 32: 9166 33: 9166 34: 8333 35: 8333 36: 8333 37: 9166 38: 9166 39: 8333 40: 6666 41: 4166 42: 1666   [mono-viol x2]
  P3  30: 8333 31: 9166 32: 9166 33: 9166 34: 9166 35: 7500 36: 8333 37: 7500 38: 7500 39: 6666 40: 5833 41: 3333 42:  833   [mono-viol x2]
  P4  30: 9166 31: 8333 32: 6666 33: 6666 34: 5833 35: 6666 36: 5833 37: 5833 38: 5833 39: 5833 40: 5000 41: 5000 42: 2500   [mono-viol x1]
  P5  30:10000 31:10000 32:10000 33:10000 34:10000 35:10000 36:10000 37:10000 38:10000 39:10000 40:10000 41: 9166 42: 8333
  P6  30:10000 31: 7500 32: 7500 33: 7500 34: 7500 35: 6666 36: 7500 37: 7500 38: 7500 39: 7500 40: 6666 41: 5000 42: 2500   [mono-viol x1]
  DT  30:10000 31:10000 32: 9166 33: 9166 34: 9166 35: 9166 36: 7500 37: 8333 38: 8333 39: 8333 40: 8333 41: 4166 42: 1666   [mono-viol x1]
  NT  30:10000 31:10000 32: 9166 33: 9166 34: 9166 35: 9166 36: 8333 37: 7500 38: 7500 39: 7500 40: 7500 41: 5833 42: 6666   [mono-viol x1]
  (12.579s)

hand 82: [00 10 53 55 62 65 66]
  P0  30:10000 31:10000 32:10000 33:10000 34:10000 35:10000 36:10000 37: 9166 38: 9166 39: 9166 40: 8333 41: 7500 42: 5000
  P1  30: 8333 31: 6666 32: 6666 33: 5833 34: 5000 35: 5833 36: 5000 37: 5000 38: 5000 39: 4166 40: 4166 41: 2500 42:  833   [mono-viol x1]
  P2  30:10000 31: 9166 32: 9166 33: 9166 34: 9166 35: 7500 36: 6666 37: 5833 38: 5833 39: 5833 40: 5000 41: 3333 42:  833
  P3  30: 9166 31: 9166 32: 9166 33: 9166 34: 9166 35: 8333 36: 7500 37: 7500 38: 7500 39: 6666 40: 6666 41: 2500 42:  833
  P4  30: 8333 31: 7500 32: 7500 33: 7500 34: 7500 35: 7500 36: 6666 37: 5833 38: 5833 39: 5833 40: 5833 41: 5000 42:  833
  P5  30:10000 31:10000 32:10000 33:10000 34:10000 35:10000 36:10000 37:10000 38:10000 39:10000 40:10000 41:10000 42:10000
  P6  30:10000 31:10000 32:10000 33:10000 34:10000 35:10000 36:10000 37:10000 38:10000 39:10000 40:10000 41:10000 42: 9166
  DT  30:10000 31:10000 32:10000 33:10000 34:10000 35:10000 36:10000 37:10000 38:10000 39:10000 40:10000 41: 9166 42: 6666
  NT  30:10000 31:10000 32:10000 33:10000 34:10000 35:10000 36:10000 37:10000 38:10000 39:10000 40:10000 41:10000 42: 9166
  (11.714s)

hand 83: [00 22 30 32 52 60 66]
  P0  30:10000 31:10000 32:10000 33:10000 34:10000 35:10000 36: 9166 37: 9166 38: 9166 39: 9166 40: 9166 41: 9166 42: 8333
  P1  30: 7500 31: 7500 32: 7500 33: 7500 34: 5833 35: 5000 36: 4166 37: 4166 38: 4166 39: 4166 40: 3333 41: 1666 42: 1666
  P2  30:10000 31:10000 32:10000 33:10000 34:10000 35:10000 36:10000 37:10000 38:10000 39:10000 40:10000 41:10000 42: 6666
  P3  30:10000 31:10000 32:10000 33:10000 34:10000 35: 8333 36: 7500 37: 5833 38: 5833 39: 6666 40: 6666 41: 4166 42: 1666   [mono-viol x1]
  P4  30: 4166 31: 4166 32: 4166 33: 4166 34: 4166 35: 3333 36: 4166 37: 4166 38: 4166 39: 4166 40: 3333 41: 2500 42:    0   [mono-viol x1]
  P5  30: 5833 31: 5000 32: 3333 33: 3333 34: 3333 35: 3333 36: 3333 37: 3333 38: 3333 39: 3333 40: 3333 41: 3333 42: 1666
  P6  30: 9166 31: 8333 32: 8333 33: 8333 34: 7500 35: 6666 36: 6666 37: 5833 38: 5833 39: 5833 40: 5833 41: 5000 42: 1666
  DT  30:10000 31: 8333 32: 8333 33: 8333 34: 9166 35: 8333 36: 8333 37: 7500 38: 7500 39: 6666 40: 7500 41: 5833 42: 2500   [mono-viol x2]
  NT  30:10000 31:10000 32:10000 33:10000 34:10000 35:10000 36:10000 37: 9166 38: 9166 39: 9166 40: 9166 41: 9166 42: 6666
  (15.523s)

hand 84: [10 20 32 33 43 52 65]
  P0  30: 5833 31: 5000 32: 6666 33: 6666 34: 6666 35: 5833 36: 4166 37: 4166 38: 4166 39: 4166 40: 3333 41: 2500 42:    0   [mono-viol x1]
  P1  30: 3333 31: 3333 32: 2500 33: 2500 34: 2500 35: 3333 36: 2500 37: 2500 38: 2500 39: 2500 40: 1666 41: 1666 42: 1666   [mono-viol x1]
  P2  30: 9166 31: 9166 32: 9166 33:10000 34: 9166 35: 7500 36: 7500 37: 7500 38: 7500 39: 7500 40: 5833 41: 4166 42:  833   [mono-viol x1]
  P3  30:10000 31:10000 32:10000 33:10000 34:10000 35:10000 36:10000 37: 9166 38: 9166 39: 9166 40: 8333 41: 6666 42: 4166
  P4  30: 4166 31: 3333 32: 3333 33: 3333 34: 3333 35: 2500 36: 1666 37: 2500 38: 2500 39: 2500 40: 1666 41: 1666 42:    0   [mono-viol x1]
  P5  30: 7500 31: 5000 32: 3333 33: 3333 34: 3333 35: 3333 36: 2500 37: 2500 38: 2500 39: 2500 40: 2500 41: 2500 42: 1666
  P6  30: 5833 31: 4166 32: 5000 33: 5000 34: 4166 35: 4166 36: 5000 37: 4166 38: 4166 39: 4166 40: 4166 41: 2500 42:  833   [mono-viol x2]
  DT  30: 5000 31: 5000 32: 5000 33: 5000 34: 5000 35: 4166 36: 4166 37: 3333 38: 3333 39: 3333 40: 2500 41: 1666 42:  833
  NT  30: 9166 31: 7500 32: 8333 33: 8333 34: 8333 35: 7500 36: 7500 37: 6666 38: 6666 39: 6666 40: 6666 41: 5833 42: 5000   [mono-viol x1]
  (10.841s)

hand 85: [22 32 33 42 44 50 54]
  P0  30: 6666 31: 5000 32: 5833 33: 5833 34: 4166 35: 5000 36: 5000 37: 5833 38: 5833 39: 5000 40: 3333 41: 2500 42:  833   [mono-viol x3]
  P1  30: 5833 31: 5000 32: 5000 33: 5000 34: 4166 35: 3333 36: 4166 37: 3333 38: 3333 39: 2500 40: 2500 41:  833 42:    0   [mono-viol x1]
  P2  30:10000 31:10000 32:10000 33:10000 34:10000 35:10000 36:10000 37:10000 38:10000 39:10000 40:10000 41: 9166 42: 6666
  P3  30:10000 31:10000 32:10000 33:10000 34:10000 35:10000 36: 9166 37:10000 38:10000 39:10000 40: 9166 41: 8333 42: 5833   [mono-viol x1]
  P4  30:10000 31:10000 32:10000 33:10000 34:10000 35:10000 36:10000 37:10000 38:10000 39:10000 40:10000 41:10000 42:10000
  P5  30: 9166 31: 5833 32: 1666 33: 1666 34: 1666 35: 1666 36: 1666 37: 1666 38: 1666 39: 1666 40: 1666 41: 1666 42: 1666
  P6  30: 6666 31: 6666 32: 6666 33: 6666 34: 6666 35: 6666 36: 6666 37: 6666 38: 6666 39: 5833 40: 5000 41: 5000 42:    0
  DT  30: 9166 31: 5000 32: 3333 33: 3333 34: 3333 35: 3333 36: 2500 37: 1666 38: 1666 39: 1666 40: 1666 41: 1666 42:  833
  NT  30:10000 31:10000 32: 8333 33: 8333 34: 8333 35: 8333 36: 9166 37: 9166 38: 9166 39: 9166 40: 9166 41: 8333 42: 7500   [mono-viol x1]
  (11.986s)

hand 86: [21 30 33 40 52 63 65]
  P0  30: 6666 31: 5833 32: 5000 33: 5000 34: 5833 35: 4166 36: 4166 37: 4166 38: 4166 39: 4166 40: 3333 41: 2500 42:  833   [mono-viol x1]
  P1  30: 5000 31: 6666 32: 5833 33: 5833 34: 5833 35: 5000 36: 5000 37: 5000 38: 5000 39: 4166 40: 4166 41: 2500 42: 1666   [mono-viol x1]
  P2  30: 7500 31: 6666 32: 6666 33: 6666 34: 5833 35: 4166 36: 3333 37: 2500 38: 2500 39: 2500 40:  833 41: 1666 42:    0   [mono-viol x1]
  P3  30:10000 31:10000 32:10000 33:10000 34:10000 35:10000 36: 9166 37: 9166 38: 9166 39: 9166 40:10000 41: 9166 42: 5833   [mono-viol x1]
  P4  30: 5000 31: 5000 32: 4166 33: 4166 34: 4166 35: 4166 36: 3333 37: 4166 38: 4166 39: 4166 40: 3333 41: 3333 42: 2500   [mono-viol x1]
  P5  30: 7500 31: 4166 32: 2500 33: 2500 34: 2500 35: 2500 36: 2500 37: 2500 38: 2500 39: 2500 40: 2500 41: 2500 42:  833
  P6  30: 9166 31: 7500 32: 7500 33: 7500 34: 7500 35: 7500 36: 7500 37: 6666 38: 6666 39: 6666 40: 5000 41: 5000 42: 3333
  DT  30: 5000 31: 5000 32: 4166 33: 4166 34: 4166 35: 3333 36: 1666 37: 1666 38: 1666 39: 1666 40: 1666 41: 1666 42: 1666
  NT  30: 8333 31: 8333 32: 7500 33: 7500 34: 7500 35: 8333 36: 6666 37: 5833 38: 5833 39: 5833 40: 6666 41: 5833 42: 5000   [mono-viol x2]
  (13.720s)

hand 87: [00 22 40 41 50 53 61]
  P0  30:10000 31: 9166 32:10000 33:10000 34: 9166 35: 9166 36: 7500 37: 7500 38: 7500 39: 7500 40: 7500 41: 5833 42: 4166   [mono-viol x1]
  P1  30: 8333 31: 7500 32: 6666 33: 6666 34: 6666 35: 6666 36: 5833 37: 6666 38: 6666 39: 6666 40: 5833 41: 3333 42: 1666   [mono-viol x1]
  P2  30: 5833 31: 4166 32: 4166 33: 4166 34: 4166 35: 4166 36: 4166 37: 4166 38: 4166 39: 3333 40: 3333 41: 2500 42:  833
  P3  30: 5833 31: 5833 32: 5833 33: 5833 34: 4166 35: 4166 36: 3333 37: 4166 38: 4166 39: 4166 40: 3333 41: 2500 42: 1666   [mono-viol x1]
  P4  30: 5833 31: 4166 32: 4166 33: 4166 34: 4166 35: 4166 36: 3333 37: 4166 38: 4166 39: 1666 40: 2500 41:  833 42:    0   [mono-viol x2]
  P5  30: 6666 31: 4166 32: 1666 33: 1666 34: 1666 35: 1666 36: 1666 37: 1666 38: 1666 39: 1666 40: 1666 41: 1666 42:    0
  P6  30: 5833 31: 5000 32: 5000 33: 5000 34: 5000 35: 4166 36: 3333 37: 4166 38: 4166 39: 3333 40: 2500 41: 1666 42:  833   [mono-viol x1]
  DT  30: 3333 31: 2500 32: 2500 33: 2500 34: 2500 35: 2500 36: 2500 37: 2500 38: 2500 39: 2500 40: 2500 41: 2500 42:    0
  NT  30: 5833 31: 5000 32: 5000 33: 5000 34: 5833 35: 5000 36: 5000 37: 5833 38: 5833 39: 5833 40: 5000 41: 5000 42: 2500   [mono-viol x2]
  (10.620s)

hand 88: [22 30 31 40 50 55 64]
  P0  30: 9166 31: 9166 32: 8333 33: 7500 34: 7500 35: 9166 36: 8333 37: 6666 38: 6666 39: 6666 40: 7500 41: 5000 42: 2500   [mono-viol x2]
  P1  30: 6666 31: 6666 32: 7500 33: 7500 34: 6666 35: 5833 36: 5833 37: 5000 38: 5000 39: 5833 40: 5833 41: 4166 42: 1666   [mono-viol x2]
  P2  30: 9166 31: 7500 32: 6666 33: 6666 34: 5833 35: 5833 36: 5833 37: 5833 38: 5833 39: 6666 40: 5000 41: 2500 42:  833   [mono-viol x1]
  P3  30: 7500 31: 6666 32: 6666 33: 6666 34: 5833 35: 5000 36: 5000 37: 5000 38: 5000 39: 5000 40: 5000 41: 2500 42:  833
  P4  30: 9166 31: 9166 32: 9166 33: 9166 34: 8333 35: 7500 36: 8333 37: 8333 38: 8333 39: 8333 40: 6666 41: 5833 42: 2500   [mono-viol x1]
  P5  30: 9166 31: 8333 32: 9166 33: 9166 34: 8333 35: 6666 36: 5833 37: 5833 38: 5833 39: 5833 40: 5000 41: 3333 42:  833   [mono-viol x1]
  P6  30: 9166 31: 6666 32: 7500 33: 7500 34: 7500 35: 6666 36: 2500 37: 3333 38: 3333 39: 3333 40: 3333 41: 1666 42: 1666   [mono-viol x2]
  DT  30: 8333 31: 8333 32: 7500 33: 7500 34: 7500 35: 6666 36: 5000 37: 6666 38: 6666 39: 5833 40: 2500 41: 1666 42:    0   [mono-viol x1]
  NT  30: 8333 31: 7500 32: 8333 33: 8333 34: 8333 35: 8333 36: 7500 37: 6666 38: 6666 39: 6666 40: 5833 41: 5000 42: 4166   [mono-viol x1]
  (9.584s)

hand 89: [10 42 50 51 52 62 64]
  P0  30: 8333 31: 7500 32: 5833 33: 6666 34: 6666 35: 5000 36: 4166 37: 4166 38: 4166 39: 3333 40: 2500 41: 2500 42:  833   [mono-viol x1]
  P1  30: 5833 31: 4166 32: 4166 33: 4166 34: 4166 35: 4166 36: 3333 37: 2500 38: 2500 39: 2500 40: 1666 41: 1666 42:  833
  P2  30:10000 31: 9166 32: 8333 33: 8333 34: 8333 35: 9166 36: 8333 37: 8333 38: 8333 39: 8333 40: 9166 41: 8333 42: 4166   [mono-viol x2]
  P3  30: 4166 31: 3333 32: 3333 33: 3333 34: 4166 35: 3333 36: 3333 37: 3333 38: 3333 39: 3333 40: 1666 41: 1666 42:  833   [mono-viol x1]
  P4  30: 5833 31: 5833 32: 5833 33: 5833 34: 5000 35: 3333 36: 4166 37: 4166 38: 4166 39: 3333 40: 2500 41: 1666 42:  833   [mono-viol x1]
  P5  30: 9166 31: 5833 32: 4166 33: 4166 34: 4166 35: 4166 36: 4166 37: 4166 38: 4166 39: 4166 40: 4166 41: 4166 42: 3333
  P6  30: 9166 31: 8333 32: 7500 33: 7500 34: 6666 35: 6666 36: 5833 37: 4166 38: 4166 39: 4166 40: 4166 41: 2500 42:    0
  DT  30: 5833 31: 5000 32: 5000 33: 5000 34: 4166 35: 3333 36: 3333 37: 3333 38: 3333 39: 3333 40: 2500 41: 1666 42:    0
  NT  30: 6666 31: 6666 32: 7500 33: 6666 34: 5833 35: 6666 36: 5000 37: 4166 38: 4166 39: 3333 40: 3333 41: 3333 42: 1666   [mono-viol x2]
  (10.902s)

hand 90: [33 40 41 44 50 62 64]
  P0  30: 9166 31: 9166 32: 9166 33: 9166 34: 9166 35: 6666 36: 3333 37: 3333 38: 3333 39: 2500 40: 3333 41: 1666 42:    0   [mono-viol x1]
  P1  30: 5000 31: 5000 32: 5000 33: 5000 34: 5833 35: 5000 36: 3333 37: 3333 38: 3333 39: 3333 40: 5000 41: 1666 42: 1666   [mono-viol x2]
  P2  30: 6666 31: 5833 32: 6666 33: 6666 34: 6666 35: 6666 36: 5833 37: 4166 38: 4166 39: 4166 40: 5000 41: 3333 42: 1666   [mono-viol x2]
  P3  30: 5833 31: 5833 32: 5833 33: 5833 34: 5833 35: 5000 36: 3333 37: 5833 38: 5833 39: 5833 40: 5833 41: 2500 42: 1666   [mono-viol x1]
  P4  30:10000 31:10000 32:10000 33:10000 34:10000 35:10000 36:10000 37:10000 38:10000 39:10000 40:10000 41:10000 42: 6666
  P5  30: 5000 31: 2500 32: 1666 33: 1666 34: 1666 35: 1666 36: 1666 37:  833 38:  833 39:  833 40:  833 41:  833 42:  833
  P6  30: 8333 31: 7500 32: 7500 33: 7500 34: 7500 35: 6666 36: 5000 37: 5000 38: 5000 39: 5000 40: 4166 41: 2500 42: 1666
  DT  30: 4166 31: 2500 32: 2500 33: 2500 34: 2500 35: 2500 36:  833 37:  833 38:  833 39:  833 40: 1666 41:  833 42:    0   [mono-viol x1]
  NT  30: 6666 31: 7500 32: 8333 33: 8333 34: 8333 35: 7500 36: 5833 37: 4166 38: 4166 39: 4166 40: 4166 41: 4166 42: 2500   [mono-viol x2]
  (12.599s)

hand 91: [21 31 42 52 53 61 66]
  P0  30: 5000 31: 4166 32: 4166 33: 4166 34: 2500 35: 1666 36: 1666 37: 1666 38: 1666 39: 1666 40: 1666 41: 1666 42:    0
  P1  30:10000 31:10000 32:10000 33:10000 34:10000 35: 9166 36: 8333 37: 6666 38: 6666 39: 5833 40: 6666 41: 5000 42: 2500   [mono-viol x1]
  P2  30:10000 31:10000 32:10000 33:10000 34: 9166 35: 7500 36: 7500 37: 6666 38: 6666 39: 6666 40: 5833 41: 3333 42: 1666
  P3  30: 7500 31: 7500 32: 7500 33: 7500 34: 6666 35: 4166 36: 4166 37: 6666 38: 6666 39: 6666 40: 5000 41: 2500 42: 1666   [mono-viol x1]
  P4  30: 5833 31: 4166 32: 3333 33: 3333 34: 3333 35: 3333 36: 3333 37: 3333 38: 3333 39: 3333 40: 2500 41: 2500 42:    0
  P5  30: 6666 31: 6666 32: 5833 33: 5833 34: 5833 35: 5000 36: 5000 37: 4166 38: 4166 39: 4166 40: 4166 41: 3333 42: 3333
  P6  30: 7500 31: 6666 32: 6666 33: 6666 34: 6666 35: 5833 36: 5833 37: 5000 38: 5000 39: 5000 40: 3333 41: 3333 42: 1666
  DT  30: 6666 31: 5833 32: 5833 33: 5833 34: 4166 35: 4166 36: 4166 37: 4166 38: 4166 39: 4166 40: 3333 41: 3333 42: 2500
  NT  30: 8333 31: 8333 32: 6666 33: 6666 34: 7500 35: 6666 36: 5833 37: 4166 38: 4166 39: 4166 40: 5000 41: 4166 42: 3333   [mono-viol x2]
  (11.882s)

hand 92: [21 30 31 42 54 65 66]
  P0  30: 6666 31: 6666 32: 5000 33: 5000 34: 5000 35: 5000 36: 4166 37: 5000 38: 5000 39: 5000 40: 4166 41:  833 42:    0   [mono-viol x1]
  P1  30: 5833 31: 5833 32: 5000 33: 5000 34: 5833 35: 5000 36: 4166 37: 3333 38: 3333 39: 3333 40: 3333 41: 2500 42: 1666   [mono-viol x1]
  P2  30: 8333 31: 5833 32: 5833 33: 5833 34: 6666 35: 5833 36: 5000 37: 5000 38: 5000 39: 5000 40: 4166 41: 3333 42:  833   [mono-viol x1]
  P3  30: 8333 31: 7500 32: 7500 33: 7500 34: 7500 35: 5833 36: 5833 37: 5000 38: 5000 39: 5000 40: 5000 41: 3333 42:  833
  P4  30: 5833 31: 4166 32: 4166 33: 4166 34: 4166 35: 3333 36: 4166 37: 3333 38: 3333 39: 3333 40: 3333 41: 3333 42:    0   [mono-viol x1]
  P5  30: 7500 31: 6666 32: 4166 33: 4166 34: 4166 35: 4166 36: 3333 37: 3333 38: 3333 39: 3333 40: 3333 41: 3333 42: 1666
  P6  30: 8333 31: 9166 32: 8333 33: 8333 34: 8333 35: 7500 36: 6666 37: 5833 38: 5833 39: 5833 40: 5000 41: 4166 42: 5000   [mono-viol x2]
  DT  30: 5833 31: 5000 32: 4166 33: 4166 34: 4166 35: 3333 36: 3333 37: 2500 38: 2500 39: 2500 40: 2500 41: 1666 42:  833
  NT  30:10000 31: 8333 32: 8333 33: 8333 34: 8333 35: 6666 36: 7500 37: 7500 38: 7500 39: 7500 40: 6666 41: 6666 42: 5000   [mono-viol x1]
  (11.573s)

hand 93: [11 30 31 32 40 54 61]
  P0  30: 5000 31: 4166 32: 4166 33: 5000 34: 5000 35: 4166 36: 3333 37: 3333 38: 3333 39: 4166 40: 4166 41: 2500 42:  833   [mono-viol x2]
  P1  30:10000 31:10000 32:10000 33:10000 34:10000 35:10000 36:10000 37:10000 38:10000 39:10000 40:10000 41: 9166 42: 7500
  P2  30: 5000 31: 5000 32: 4166 33: 4166 34: 4166 35: 4166 36: 2500 37: 2500 38: 2500 39: 3333 40: 2500 41: 3333 42: 1666   [mono-viol x2]
  P3  30:10000 31:10000 32: 9166 33: 9166 34: 7500 35: 7500 36: 5833 37: 6666 38: 6666 39: 5000 40: 4166 41:  833 42:    0   [mono-viol x1]
  P4  30: 6666 31: 5000 32: 5000 33: 5000 34: 5000 35: 4166 36: 4166 37: 4166 38: 4166 39: 4166 40: 4166 41: 3333 42:  833
  P5  30: 5000 31: 3333 32: 3333 33: 3333 34: 3333 35: 3333 36: 3333 37: 3333 38: 3333 39: 3333 40: 3333 41: 3333 42: 3333
  P6  30: 5000 31: 5000 32: 4166 33: 4166 34: 4166 35: 4166 36: 5000 37: 5000 38: 5000 39: 4166 40: 3333 41: 2500 42: 2500   [mono-viol x1]
  DT  30: 5000 31: 4166 32: 3333 33: 3333 34: 4166 35: 3333 36: 2500 37: 2500 38: 2500 39: 2500 40: 2500 41:  833 42:  833   [mono-viol x1]
  NT  30: 8333 31: 8333 32: 8333 33: 8333 34: 7500 35: 7500 36: 7500 37: 7500 38: 7500 39: 7500 40: 6666 41: 6666 42: 5833
  (10.343s)

hand 94: [10 32 33 41 44 61 66]
  P0  30: 5833 31: 5833 32: 6666 33: 6666 34: 5000 35: 5000 36: 4166 37: 3333 38: 3333 39: 3333 40: 2500 41: 1666 42:  833   [mono-viol x1]
  P1  30:10000 31:10000 32:10000 33:10000 34:10000 35:10000 36:10000 37:10000 38:10000 39:10000 40:10000 41:10000 42: 4166
  P2  30: 8333 31: 7500 32: 7500 33: 7500 34: 7500 35: 6666 36: 7500 37: 7500 38: 7500 39: 7500 40: 6666 41: 1666 42:    0   [mono-viol x1]
  P3  30:10000 31:10000 32:10000 33:10000 34:10000 35:10000 36:10000 37:10000 38:10000 39:10000 40:10000 41: 8333 42: 5833
  P4  30: 9166 31: 8333 32: 8333 33: 8333 34: 8333 35: 8333 36: 7500 37: 7500 38: 7500 39: 7500 40: 7500 41: 7500 42: 5833
  P5  30: 7500 31: 6666 32: 5000 33: 5000 34: 5000 35: 5000 36: 5000 37: 5000 38: 5000 39: 5000 40: 5000 41: 3333 42:  833
  P6  30:10000 31:10000 32:10000 33:10000 34:10000 35:10000 36: 8333 37: 8333 38: 8333 39: 8333 40: 8333 41: 8333 42: 5000
  DT  30:10000 31:10000 32:10000 33:10000 34:10000 35:10000 36: 9166 37: 8333 38: 8333 39: 8333 40: 9166 41: 7500 42: 4166   [mono-viol x1]
  NT  30:10000 31:10000 32:10000 33:10000 34:10000 35:10000 36: 9166 37: 8333 38: 8333 39: 8333 40: 8333 41: 9166 42: 6666   [mono-viol x1]
  (10.831s)

hand 95: [00 30 50 60 62 64 66]
  P0  30:10000 31:10000 32:10000 33:10000 34:10000 35:10000 36:10000 37:10000 38:10000 39:10000 40:10000 41:10000 42:10000
  P1  30: 5000 31: 4166 32: 4166 33: 3333 34: 2500 35: 2500 36: 2500 37: 2500 38: 2500 39: 2500 40: 2500 41: 1666 42: 1666
  P2  30: 5833 31: 5000 32: 5000 33: 5000 34: 5833 35: 4166 36: 3333 37: 4166 38: 4166 39: 4166 40: 3333 41: 2500 42: 1666   [mono-viol x2]
  P3  30:10000 31: 8333 32: 9166 33: 9166 34: 8333 35: 7500 36: 7500 37: 6666 38: 6666 39: 6666 40: 6666 41: 5000 42:  833   [mono-viol x1]
  P4  30: 9166 31: 7500 32: 8333 33: 8333 34: 8333 35: 5833 36: 7500 37: 5833 38: 5833 39: 5000 40: 3333 41: 1666 42:    0   [mono-viol x2]
  P5  30: 5833 31: 5000 32: 4166 33: 4166 34: 4166 35: 3333 36: 4166 37: 4166 38: 4166 39: 4166 40: 3333 41: 3333 42: 2500   [mono-viol x1]
  P6  30:10000 31:10000 32:10000 33:10000 34:10000 35:10000 36:10000 37:10000 38:10000 39:10000 40:10000 41:10000 42: 8333
  DT  30: 8333 31: 7500 32: 8333 33: 8333 34: 8333 35: 7500 36: 6666 37: 6666 38: 6666 39: 5833 40: 5833 41: 5833 42: 2500   [mono-viol x1]
  NT  30:10000 31: 9166 32: 9166 33: 9166 34: 9166 35: 9166 36: 9166 37: 9166 38: 9166 39: 9166 40: 9166 41:10000 42: 7500   [mono-viol x1]
  (13.411s)

hand 96: [10 20 31 40 62 65 66]
  P0  30:10000 31: 9166 32: 9166 33: 8333 34: 9166 35: 6666 36: 5000 37: 5000 38: 5000 39: 5000 40: 5833 41: 4166 42: 2500   [mono-viol x2]
  P1  30: 8333 31: 5833 32: 5833 33: 5833 34: 5000 35: 4166 36: 3333 37: 2500 38: 2500 39: 3333 40: 2500 41:    0 42:    0   [mono-viol x1]
  P2  30:10000 31:10000 32:10000 33:10000 34:10000 35: 9166 36: 8333 37: 7500 38: 7500 39: 7500 40: 7500 41: 8333 42: 2500   [mono-viol x1]
  P3  30: 6666 31: 5833 32: 5833 33: 5000 34: 5000 35: 5000 36: 5000 37: 4166 38: 4166 39: 4166 40: 5000 41: 1666 42:  833   [mono-viol x1]
  P4  30: 5000 31: 4166 32: 5000 33: 5000 34: 5000 35: 5000 36: 2500 37: 2500 38: 2500 39: 2500 40: 2500 41:  833 42:    0   [mono-viol x1]
  P5  30: 6666 31: 5833 32: 5000 33: 5000 34: 5000 35: 5000 36: 4166 37: 4166 38: 4166 39: 4166 40: 4166 41: 2500 42: 1666
  P6  30:10000 31:10000 32:10000 33:10000 34:10000 35: 9166 36: 9166 37: 9166 38: 9166 39: 8333 40: 8333 41: 8333 42: 4166
  DT  30: 7500 31: 6666 32: 5833 33: 5833 34: 5833 35: 5833 36: 5000 37: 5000 38: 5000 39: 5000 40: 5000 41: 4166 42: 2500
  NT  30:10000 31: 9166 32: 8333 33: 8333 34: 9166 35: 8333 36: 8333 37: 7500 38: 7500 39: 7500 40: 7500 41: 7500 42: 4166   [mono-viol x1]
  (9.644s)

hand 97: [10 11 21 30 32 53 65]
  P0  30: 4166 31: 4166 32: 4166 33: 4166 34: 3333 35: 3333 36: 2500 37: 2500 38: 2500 39: 2500 40: 1666 41:  833 42:    0
  P1  30: 9166 31: 9166 32: 9166 33: 9166 34:10000 35: 9166 36: 8333 37: 6666 38: 6666 39: 6666 40: 5833 41: 5000 42: 1666   [mono-viol x1]
  P2  30: 9166 31: 9166 32: 9166 33: 9166 34: 9166 35: 8333 36: 8333 37: 7500 38: 7500 39: 7500 40: 8333 41: 5000 42: 2500   [mono-viol x1]
  P3  30:10000 31:10000 32:10000 33:10000 34: 9166 35: 9166 36: 8333 37: 8333 38: 8333 39: 7500 40: 7500 41: 7500 42: 2500
  P4  30: 4166 31: 2500 32: 2500 33: 2500 34: 2500 35: 2500 36: 1666 37: 2500 38: 2500 39: 1666 40: 1666 41:  833 42:    0   [mono-viol x1]
  P5  30: 7500 31: 5000 32: 2500 33: 2500 34: 2500 35: 2500 36: 2500 37: 1666 38: 1666 39: 1666 40: 1666 41: 1666 42: 1666
  P6  30: 7500 31: 6666 32: 6666 33: 6666 34: 7500 35: 5833 36: 5833 37: 5833 38: 5833 39: 5000 40: 3333 41: 2500 42:  833   [mono-viol x1]
  DT  30: 5833 31: 5000 32: 5000 33: 5000 34: 5000 35: 4166 36: 3333 37: 3333 38: 3333 39: 3333 40: 2500 41: 1666 42:  833
  NT  30: 9166 31: 9166 32: 9166 33: 9166 34: 8333 35: 8333 36: 8333 37: 7500 38: 7500 39: 7500 40: 6666 41: 5833 42: 4166
  (13.839s)

hand 98: [11 20 31 44 50 51 61]
  P0  30: 8333 31: 7500 32: 7500 33: 7500 34: 7500 35: 7500 36: 7500 37: 6666 38: 6666 39: 5833 40: 5833 41: 5833 42: 3333
  P1  30:10000 31:10000 32:10000 33:10000 34:10000 35:10000 36:10000 37:10000 38:10000 39:10000 40:10000 41:10000 42: 9166
  P2  30: 5833 31: 5833 32: 5833 33: 5833 34: 5833 35: 5000 36: 5000 37: 4166 38: 4166 39: 3333 40: 2500 41: 1666 42:  833
  P3  30: 5833 31: 6666 32: 5833 33: 5833 34: 5833 35: 5000 36: 4166 37: 4166 38: 4166 39: 4166 40: 4166 41: 2500 42: 1666   [mono-viol x1]
  P4  30: 4166 31: 3333 32: 3333 33: 3333 34: 3333 35: 2500 36: 2500 37: 2500 38: 2500 39: 2500 40: 2500 41: 2500 42: 1666
  P5  30: 8333 31: 5833 32: 5000 33: 4166 34: 4166 35: 4166 36: 3333 37: 3333 38: 3333 39: 3333 40: 3333 41: 2500 42: 1666
  P6  30: 5000 31: 5000 32: 5000 33: 5000 34: 5000 35: 5000 36: 4166 37: 4166 38: 4166 39: 3333 40: 3333 41: 1666 42:  833
  DT  30: 5833 31: 5000 32: 5000 33: 5000 34: 4166 35: 4166 36: 2500 37: 3333 38: 3333 39: 3333 40: 1666 41:  833 42:    0   [mono-viol x1]
  NT  30: 9166 31: 9166 32: 8333 33: 8333 34: 8333 35: 8333 36: 8333 37: 7500 38: 7500 39: 7500 40: 5833 41: 5833 42: 1666
  (10.869s)

hand 99: [20 21 33 50 51 64 65]
  P0  30: 7500 31: 7500 32: 5833 33: 5833 34: 5833 35: 7500 36: 4166 37: 5833 38: 5833 39: 5833 40: 4166 41: 3333 42:  833   [mono-viol x2]
  P1  30: 5833 31: 5833 32: 5000 33: 5000 34: 4166 35: 4166 36: 3333 37: 3333 38: 3333 39: 3333 40: 3333 41: 2500 42: 2500
  P2  30: 7500 31: 6666 32: 6666 33: 6666 34: 5833 35: 5833 36: 3333 37: 3333 38: 3333 39: 3333 40: 4166 41: 1666 42: 1666   [mono-viol x1]
  P3  30: 5833 31: 5833 32: 5833 33: 5833 34: 5000 35: 5000 36: 5000 37: 4166 38: 4166 39: 4166 40: 4166 41: 3333 42: 2500
  P4  30: 9166 31: 9166 32: 9166 33: 9166 34: 7500 35: 7500 36: 5833 37: 5833 38: 5833 39: 5833 40: 4166 41: 2500 42: 2500
  P5  30: 9166 31: 8333 32: 5000 33: 5000 34: 5000 35: 5000 36: 5000 37: 5000 38: 5000 39: 5000 40: 5000 41: 5000 42: 3333
  P6  30:10000 31:10000 32:10000 33:10000 34:10000 35: 8333 36: 9166 37: 8333 38: 8333 39: 8333 40: 7500 41: 4166 42:  833   [mono-viol x1]
  DT  30: 6666 31: 5000 32: 5000 33: 5000 34: 4166 35: 3333 36: 4166 37: 4166 38: 4166 39: 3333 40: 3333 41:  833 42:    0   [mono-viol x1]
  NT  30: 8333 31: 7500 32: 6666 33: 6666 34: 7500 35: 8333 36: 7500 37: 6666 38: 6666 39: 6666 40: 7500 41: 5833 42: 5000   [mono-viol x3]
  (9.661s)

hand 100: [00 10 22 40 42 54 61]
  P0  30:10000 31:10000 32: 9166 33: 9166 34: 9166 35: 9166 36: 9166 37: 8333 38: 8333 39: 8333 40: 8333 41: 7500 42: 5833
  P1  30: 8333 31: 7500 32: 7500 33: 7500 34: 6666 35: 6666 36: 5000 37: 3333 38: 3333 39: 4166 40: 3333 41: 3333 42:  833   [mono-viol x1]
  P2  30: 8333 31: 7500 32: 7500 33: 7500 34: 6666 35: 8333 36: 5000 37: 5000 38: 5000 39: 5000 40: 5000 41: 3333 42:    0   [mono-viol x1]
  P3  30: 4166 31: 4166 32: 4166 33: 4166 34: 3333 35: 4166 36: 4166 37: 3333 38: 3333 39: 1666 40: 1666 41: 1666 42:    0   [mono-viol x1]
  P4  30: 7500 31: 6666 32: 4166 33: 4166 34: 4166 35: 4166 36: 4166 37: 4166 38: 4166 39: 4166 40: 4166 41: 3333 42:  833
  P5  30: 5833 31: 4166 32: 3333 33: 3333 34: 3333 35: 3333 36: 3333 37: 3333 38: 3333 39: 3333 40: 3333 41: 1666 42:  833
  P6  30: 6666 31: 5833 32: 5833 33: 5833 34: 5833 35: 4166 36: 4166 37: 4166 38: 4166 39: 4166 40: 4166 41: 2500 42: 1666
  DT  30: 4166 31: 3333 32: 4166 33: 4166 34: 3333 35: 3333 36: 3333 37: 2500 38: 2500 39: 2500 40: 2500 41:  833 42:  833   [mono-viol x1]
  NT  30: 7500 31: 8333 32: 7500 33: 7500 34: 7500 35: 6666 36: 5833 37: 6666 38: 6666 39: 6666 40: 6666 41: 6666 42: 4166   [mono-viol x2]
  (17.824s)

hand 101: [40 44 53 54 55 61 65]
  P0  30: 7500 31: 8333 32: 8333 33: 8333 34: 7500 35: 5833 36: 5833 37: 5833 38: 5833 39: 5833 40: 5833 41: 4166 42: 1666   [mono-viol x1]
  P1  30: 6666 31: 6666 32: 6666 33: 5833 34: 5000 35: 5833 36: 5000 37: 5833 38: 5833 39: 5833 40: 3333 41: 2500 42:  833   [mono-viol x2]
  P2  30: 6666 31: 5833 32: 6666 33: 6666 34: 5833 35: 5833 36: 5833 37: 5833 38: 5833 39: 4166 40: 3333 41: 2500 42:    0   [mono-viol x1]
  P3  30: 9166 31:10000 32:10000 33:10000 34: 9166 35: 9166 36: 9166 37: 9166 38: 9166 39: 9166 40: 9166 41: 5833 42: 1666   [mono-viol x1]
  P4  30:10000 31:10000 32:10000 33:10000 34:10000 35:10000 36:10000 37:10000 38:10000 39:10000 40:10000 41:10000 42: 8333
  P5  30:10000 31:10000 32:10000 33:10000 34:10000 35:10000 36:10000 37:10000 38:10000 39:10000 40:10000 41:10000 42:10000
  P6  30:10000 31:10000 32: 9166 33: 9166 34: 9166 35: 8333 36: 9166 37: 9166 38: 9166 39: 8333 40: 9166 41: 6666 42: 5833   [mono-viol x2]
  DT  30:10000 31:10000 32:10000 33:10000 34:10000 35:10000 36:10000 37: 9166 38: 9166 39: 9166 40: 8333 41: 6666 42: 2500
  NT  30:10000 31:10000 32:10000 33:10000 34:10000 35:10000 36:10000 37:10000 38:10000 39:10000 40:10000 41:10000 42:10000
  (12.745s)

hand 102: [30 40 42 44 52 53 66]
  P0  30: 8333 31: 7500 32: 7500 33: 7500 34: 7500 35: 6666 36: 5833 37: 5833 38: 5833 39: 5833 40: 5833 41: 5000 42: 4166
  P1  30: 4166 31: 5000 32: 4166 33: 4166 34: 4166 35: 4166 36: 3333 37: 3333 38: 3333 39: 3333 40: 2500 41: 2500 42:  833   [mono-viol x1]
  P2  30: 8333 31: 8333 32: 9166 33: 9166 34: 9166 35: 8333 36: 5000 37: 5833 38: 5833 39: 5833 40: 5000 41: 3333 42: 1666   [mono-viol x2]
  P3  30: 9166 31: 9166 32: 9166 33: 9166 34: 9166 35: 9166 36: 8333 37: 8333 38: 8333 39: 7500 40: 7500 41: 6666 42: 1666
  P4  30:10000 31: 9166 32: 9166 33: 9166 34: 9166 35: 9166 36: 7500 37: 6666 38: 6666 39: 6666 40: 6666 41: 7500 42: 4166   [mono-viol x1]
  P5  30: 7500 31: 5833 32: 5000 33: 5000 34: 5000 35: 5000 36: 5000 37: 5000 38: 5000 39: 5000 40: 5000 41: 5000 42: 4166
  P6  30: 8333 31: 8333 32: 7500 33: 7500 34: 7500 35: 7500 36: 6666 37: 7500 38: 7500 39: 7500 40: 5833 41: 5000 42:  833   [mono-viol x1]
  DT  30: 9166 31:10000 32:10000 33:10000 34: 8333 35: 7500 36: 6666 37: 6666 38: 6666 39: 6666 40: 4166 41: 3333 42:  833   [mono-viol x1]
  NT  30: 9166 31:10000 32:10000 33:10000 34:10000 35: 9166 36: 9166 37: 8333 38: 8333 39: 8333 40: 8333 41: 7500 42: 5833   [mono-viol x1]
  (13.089s)

hand 103: [00 31 41 44 54 62 64]
  P0  30: 5833 31: 5000 32: 5833 33: 5833 34: 4166 35: 3333 36: 2500 37: 2500 38: 2500 39: 2500 40: 3333 41: 1666 42: 1666   [mono-viol x2]
  P1  30: 6666 31: 6666 32: 6666 33: 6666 34: 6666 35: 5833 36: 5000 37: 5000 38: 5000 39: 5000 40: 5000 41: 1666 42:  833
  P2  30: 7500 31: 5833 32: 7500 33: 7500 34: 6666 35: 6666 36: 5833 37: 5000 38: 5000 39: 5000 40: 5000 41: 3333 42: 1666   [mono-viol x1]
  P3  30: 6666 31: 7500 32: 7500 33: 7500 34: 5833 35: 5000 36: 4166 37: 5000 38: 5000 39: 5000 40: 4166 41: 4166 42: 3333   [mono-viol x2]
  P4  30:10000 31:10000 32:10000 33:10000 34:10000 35:10000 36:10000 37:10000 38:10000 39:10000 40:10000 41:10000 42:10000
  P5  30: 6666 31: 4166 32: 3333 33: 3333 34: 3333 35: 3333 36: 3333 37: 3333 38: 3333 39: 3333 40: 3333 41: 3333 42: 3333
  P6  30:10000 31: 9166 32: 9166 33: 9166 34: 9166 35: 9166 36: 8333 37: 7500 38: 7500 39: 7500 40: 6666 41: 5000 42: 4166
  DT  30: 6666 31: 5833 32: 5000 33: 5000 34: 5000 35: 5000 36: 5000 37: 4166 38: 4166 39: 4166 40: 4166 41: 3333 42: 2500
  NT  30:10000 31:10000 32:10000 33:10000 34:10000 35:10000 36:10000 37: 9166 38: 9166 39: 9166 40:10000 41:10000 42: 7500   [mono-viol x1]
  (12.037s)

hand 104: [44 52 53 60 62 63 66]
  P0  30: 8333 31: 5833 32: 5000 33: 5000 34: 5000 35: 5000 36: 4166 37: 4166 38: 4166 39: 4166 40: 2500 41: 2500 42: 1666
  P1  30: 6666 31: 6666 32: 7500 33: 7500 34: 6666 35: 4166 36: 2500 37: 2500 38: 2500 39: 2500 40: 1666 41:  833 42:  833   [mono-viol x1]
  P2  30:10000 31:10000 32:10000 33:10000 34:10000 35:10000 36: 9166 37:10000 38:10000 39:10000 40:10000 41: 9166 42: 5000   [mono-viol x1]
  P3  30:10000 31: 9166 32: 9166 33: 9166 34: 9166 35: 9166 36: 7500 37: 7500 38: 7500 39: 8333 40: 7500 41: 5000 42: 1666   [mono-viol x1]
  P4  30: 8333 31: 6666 32: 6666 33: 6666 34: 5833 35: 5000 36: 4166 37: 5000 38: 5000 39: 5000 40: 4166 41: 4166 42: 3333   [mono-viol x1]
  P5  30:10000 31: 8333 32: 6666 33: 6666 34: 6666 35: 5833 36: 5833 37: 6666 38: 6666 39: 5833 40: 5000 41: 4166 42: 1666   [mono-viol x1]
  P6  30:10000 31:10000 32:10000 33:10000 34:10000 35:10000 36:10000 37:10000 38:10000 39:10000 40:10000 41: 9166 42: 5833
  DT  30:10000 31: 8333 32: 8333 33: 8333 34: 8333 35: 9166 36: 8333 37: 6666 38: 6666 39: 5833 40: 6666 41: 5833 42: 3333   [mono-viol x2]
  NT  30:10000 31:10000 32:10000 33:10000 34:10000 35: 9166 36: 8333 37: 8333 38: 8333 39: 8333 40: 7500 41: 6666 42: 7500   [mono-viol x1]
  (14.529s)

hand 105: [11 20 33 42 53 64 66]
  P0  30: 7500 31: 7500 32: 8333 33: 8333 34: 7500 35: 5833 36: 5000 37: 5833 38: 5833 39: 5833 40: 5000 41: 5000 42: 2500   [mono-viol x2]
  P1  30: 9166 31: 8333 32: 8333 33: 8333 34: 8333 35: 6666 36: 6666 37: 5833 38: 5833 39: 5833 40: 5833 41: 5000 42: 3333
  P2  30: 9166 31: 6666 32: 7500 33: 7500 34: 6666 35: 5000 36: 4166 37: 3333 38: 3333 39: 3333 40: 3333 41: 1666 42:  833   [mono-viol x1]
  P3  30:10000 31:10000 32:10000 33:10000 34:10000 35:10000 36: 9166 37: 9166 38: 9166 39: 9166 40: 8333 41: 9166 42: 6666   [mono-viol x1]
  P4  30:10000 31: 9166 32:10000 33:10000 34:10000 35: 9166 36:10000 37:10000 38:10000 39:10000 40: 9166 41: 8333 42: 4166   [mono-viol x2]
  P5  30: 6666 31: 5833 32: 4166 33: 4166 34: 5000 35: 4166 36: 5000 37: 5000 38: 5000 39: 5000 40: 4166 41: 3333 42:  833   [mono-viol x2]
  P6  30:10000 31:10000 32:10000 33:10000 34:10000 35:10000 36:10000 37:10000 38:10000 39:10000 40:10000 41:10000 42: 7500
  DT  30:10000 31:10000 32:10000 33:10000 34:10000 35: 8333 36: 8333 37: 8333 38: 8333 39: 8333 40: 7500 41: 6666 42: 4166
  NT  30:10000 31:10000 32:10000 33:10000 34:10000 35:10000 36:10000 37:10000 38:10000 39:10000 40:10000 41: 9166 42: 9166
  (9.058s)

hand 106: [22 31 32 33 51 52 54]
  P0  30: 7500 31: 6666 32: 6666 33: 5833 34: 5833 35: 5833 36: 4166 37: 5000 38: 5000 39: 5000 40: 4166 41: 1666 42:  833   [mono-viol x1]
  P1  30: 7500 31: 7500 32: 6666 33: 6666 34: 6666 35: 5833 36: 4166 37: 4166 38: 4166 39: 4166 40: 5000 41: 1666 42:    0   [mono-viol x1]
  P2  30:10000 31:10000 32:10000 33:10000 34:10000 35:10000 36:10000 37: 9166 38: 9166 39: 9166 40: 9166 41: 8333 42: 3333
  P3  30: 8333 31: 8333 32: 7500 33: 7500 34: 8333 35: 7500 36: 5000 37: 5833 38: 5833 39: 5833 40: 6666 41: 4166 42: 1666   [mono-viol x3]
  P4  30: 5000 31: 3333 32: 4166 33: 4166 34: 4166 35: 3333 36: 3333 37: 2500 38: 2500 39: 2500 40: 2500 41: 1666 42:    0   [mono-viol x1]
  P5  30: 9166 31: 5833 32:  833 33:  833 34:  833 35:  833 36:  833 37:  833 38:  833 39:  833 40:  833 41:  833 42:  833
  P6  30: 4166 31: 3333 32: 3333 33: 3333 34: 3333 35: 3333 36: 2500 37: 3333 38: 3333 39: 3333 40: 2500 41:  833 42:    0   [mono-viol x1]
  DT  30: 3333 31: 2500 32: 2500 33: 2500 34: 2500 35: 2500 36: 2500 37: 2500 38: 2500 39: 2500 40: 1666 41: 1666 42:    0
  NT  30: 6666 31: 5833 32: 5833 33: 5833 34: 5833 35: 5833 36: 4166 37: 3333 38: 3333 39: 3333 40: 3333 41: 2500 42: 1666
  (14.476s)

hand 107: [22 31 32 52 54 61 65]
  P0  30: 5000 31: 5000 32: 5000 33: 5000 34: 5000 35: 5000 36: 4166 37: 4166 38: 4166 39: 3333 40: 3333 41: 1666 42:  833
  P1  30: 8333 31: 7500 32: 7500 33: 7500 34: 7500 35: 6666 36: 5833 37: 4166 38: 4166 39: 4166 40: 4166 41: 4166 42: 1666
  P2  30:10000 31: 9166 32: 9166 33: 9166 34: 9166 35: 8333 36: 7500 37: 8333 38: 8333 39: 7500 40: 6666 41: 5833 42: 4166   [mono-viol x1]
  P3  30: 8333 31: 6666 32: 6666 33: 6666 34: 6666 35: 5000 36: 5000 37: 5000 38: 5000 39: 5000 40: 4166 41: 4166 42: 2500
  P4  30: 3333 31: 3333 32: 3333 33: 3333 34: 2500 35: 2500 36: 1666 37: 1666 38: 1666 39: 2500 40:  833 41:  833 42:    0   [mono-viol x1]
  P5  30: 9166 31: 7500 32: 5000 33: 5000 34: 5000 35: 5000 36: 5000 37: 5000 38: 5000 39: 5000 40: 5000 41: 5000 42: 5000
  P6  30: 8333 31: 7500 32: 7500 33: 7500 34: 7500 35: 6666 36: 6666 37: 6666 38: 6666 39: 6666 40: 5000 41: 4166 42: 1666
  DT  30: 5833 31: 5833 32: 5833 33: 5833 34: 5833 35: 5000 36: 4166 37: 4166 38: 4166 39: 4166 40: 3333 41: 2500 42:  833
  NT  30: 9166 31: 8333 32: 8333 33: 8333 34: 7500 35: 7500 36: 7500 37: 6666 38: 6666 39: 6666 40: 7500 41: 7500 42: 4166   [mono-viol x1]
  (11.803s)

hand 108: [11 20 33 41 51 53 63]
  P0  30: 5000 31: 6666 32: 5833 33: 5833 34: 5833 35: 4166 36: 3333 37: 3333 38: 3333 39: 2500 40: 1666 41:  833 42:    0   [mono-viol x1]
  P1  30:10000 31:10000 32: 9166 33: 9166 34: 9166 35:10000 36: 9166 37: 9166 38: 9166 39: 9166 40: 9166 41: 7500 42: 5000   [mono-viol x1]
  P2  30: 7500 31: 8333 32: 8333 33: 8333 34: 5833 35: 5000 36: 7500 37: 5000 38: 5000 39: 5000 40: 5000 41: 3333 42:  833   [mono-viol x2]
  P3  30:10000 31:10000 32: 9166 33: 9166 34: 9166 35: 9166 36: 9166 37: 9166 38: 9166 39: 9166 40: 9166 41: 8333 42: 5833
  P4  30: 5000 31: 5000 32: 5000 33: 5000 34: 5000 35: 5000 36: 3333 37: 3333 38: 3333 39: 2500 40: 2500 41: 3333 42: 1666   [mono-viol x1]
  P5  30: 6666 31: 5000 32: 3333 33: 3333 34: 3333 35: 3333 36: 2500 37: 3333 38: 3333 39: 3333 40: 2500 41: 1666 42:  833   [mono-viol x1]
  P6  30: 5000 31: 5833 32: 4166 33: 4166 34: 4166 35: 4166 36: 2500 37: 4166 38: 4166 39: 4166 40: 4166 41: 2500 42:  833   [mono-viol x2]
  DT  30: 3333 31: 3333 32: 3333 33: 4166 34: 3333 35: 2500 36: 3333 37: 2500 38: 2500 39: 2500 40: 2500 41: 2500 42:  833   [mono-viol x2]
  NT  30: 8333 31: 8333 32: 7500 33: 7500 34: 7500 35: 7500 36: 8333 37: 7500 38: 7500 39: 7500 40: 7500 41: 5833 42: 5833   [mono-viol x1]
  (11.018s)

hand 109: [00 10 32 43 55 64 65]
  P0  30:10000 31: 8333 32: 8333 33: 9166 34: 8333 35: 6666 36: 6666 37: 5000 38: 5000 39: 5000 40: 5000 41: 5000 42: 3333   [mono-viol x1]
  P1  30: 7500 31: 7500 32: 7500 33: 7500 34: 6666 35: 5000 36: 4166 37: 4166 38: 4166 39: 4166 40: 4166 41: 3333 42: 1666
  P2  30: 5000 31: 5833 32: 5833 33: 5833 34: 5000 35: 5000 36: 5000 37: 5000 38: 5000 39: 4166 40: 3333 41: 2500 42: 2500   [mono-viol x1]
  P3  30: 8333 31: 9166 32: 9166 33: 9166 34: 8333 35: 9166 36: 9166 37:10000 38:10000 39: 8333 40: 7500 41: 3333 42:  833   [mono-viol x3]
  P4  30: 9166 31: 9166 32: 9166 33: 9166 34: 9166 35: 8333 36: 8333 37: 9166 38: 9166 39: 8333 40: 9166 41: 5833 42: 2500   [mono-viol x2]
  P5  30:10000 31:10000 32:10000 33:10000 34:10000 35:10000 36: 9166 37: 9166 38: 9166 39: 9166 40: 9166 41: 9166 42: 5000
  P6  30:10000 31:10000 32:10000 33:10000 34:10000 35:10000 36: 8333 37: 8333 38: 8333 39: 8333 40: 8333 41: 7500 42: 4166
  DT  30:10000 31:10000 32: 9166 33: 9166 34: 9166 35:10000 36: 9166 37: 9166 38: 9166 39: 9166 40: 8333 41: 6666 42: 2500   [mono-viol x1]
  NT  30:10000 31: 9166 32: 9166 33: 9166 34: 9166 35: 9166 36: 9166 37: 9166 38: 9166 39: 9166 40: 8333 41: 8333 42: 6666
  (10.077s)

hand 110: [21 22 30 41 43 54 66]
  P0  30: 7500 31: 5833 32: 7500 33: 7500 34: 6666 35: 5833 36: 5000 37: 5833 38: 5833 39: 5833 40: 5000 41: 4166 42:  833   [mono-viol x2]
  P1  30: 9166 31: 9166 32: 9166 33: 8333 34: 9166 35: 7500 36: 6666 37: 6666 38: 6666 39: 6666 40: 5833 41: 5000 42: 2500   [mono-viol x1]
  P2  30:10000 31:10000 32: 9166 33: 9166 34:10000 35: 8333 36: 8333 37: 8333 38: 8333 39: 8333 40: 7500 41: 6666 42: 2500   [mono-viol x1]
  P3  30: 6666 31: 6666 32: 6666 33: 6666 34: 6666 35: 5000 36: 5000 37: 4166 38: 4166 39: 4166 40: 5000 41: 2500 42:  833   [mono-viol x1]
  P4  30: 8333 31: 7500 32: 6666 33: 6666 34: 6666 35: 6666 36: 6666 37: 6666 38: 6666 39: 6666 40: 6666 41: 5833 42: 3333
  P5  30: 4166 31: 4166 32: 4166 33: 4166 34: 3333 35: 3333 36: 3333 37: 4166 38: 4166 39: 4166 40: 4166 41: 1666 42:  833   [mono-viol x1]
  P6  30: 7500 31: 8333 32: 6666 33: 6666 34: 6666 35: 7500 36: 5833 37: 5000 38: 5000 39: 5000 40: 4166 41: 3333 42: 1666   [mono-viol x2]
  DT  30: 9166 31: 8333 32: 8333 33: 8333 34: 6666 35: 6666 36: 5833 37: 5833 38: 5833 39: 5000 40: 3333 41: 3333 42: 2500
  NT  30:10000 31:10000 32:10000 33:10000 34: 9166 35:10000 36: 9166 37: 8333 38: 8333 39: 8333 40: 8333 41: 9166 42: 5000   [mono-viol x2]
  (13.714s)

hand 111: [21 31 32 44 54 64 66]
  P0  30: 5833 31: 5833 32: 5833 33: 5000 34: 5000 35: 3333 36: 2500 37: 3333 38: 3333 39: 3333 40: 1666 41:  833 42:    0   [mono-viol x1]
  P1  30: 8333 31: 8333 32: 8333 33: 7500 34: 6666 35: 7500 36: 6666 37: 5833 38: 5833 39: 5833 40: 5000 41: 4166 42: 2500   [mono-viol x1]
  P2  30: 9166 31: 9166 32: 8333 33: 8333 34: 8333 35: 7500 36: 7500 37: 7500 38: 7500 39: 7500 40: 5000 41: 3333 42: 2500
  P3  30: 9166 31: 8333 32: 8333 33: 8333 34: 7500 35: 7500 36: 7500 37: 7500 38: 7500 39: 6666 40: 5833 41: 4166 42: 3333
  P4  30:10000 31:10000 32:10000 33:10000 34:10000 35:10000 36:10000 37:10000 38:10000 39:10000 40:10000 41:10000 42: 9166
  P5  30: 6666 31: 5833 32: 4166 33: 4166 34: 4166 35: 4166 36: 4166 37: 3333 38: 3333 39: 3333 40: 4166 41: 2500 42: 1666   [mono-viol x1]
  P6  30:10000 31:10000 32:10000 33:10000 34:10000 35:10000 36: 9166 37: 8333 38: 8333 39: 8333 40: 8333 41: 7500 42: 5000
  DT  30: 9166 31: 9166 32: 9166 33: 9166 34: 9166 35: 7500 36: 7500 37: 6666 38: 6666 39: 6666 40: 6666 41: 5833 42: 4166
  NT  30:10000 31: 9166 32:10000 33:10000 34: 9166 35:10000 36: 9166 37:10000 38:10000 39:10000 40: 9166 41: 8333 42: 7500   [mono-viol x3]
  (12.617s)

hand 112: [11 30 33 44 50 54 63]
  P0  30: 8333 31: 8333 32: 8333 33: 8333 34: 8333 35: 7500 36: 6666 37: 7500 38: 7500 39: 7500 40: 6666 41: 4166 42:  833   [mono-viol x1]
  P1  30: 9166 31: 8333 32: 8333 33: 8333 34: 8333 35: 8333 36: 7500 37: 5833 38: 5833 39: 5833 40: 4166 41: 3333 42: 2500
  P2  30: 7500 31: 8333 32: 8333 33: 8333 34: 7500 35: 6666 36: 5833 37: 5000 38: 5000 39: 5000 40: 4166 41: 4166 42:    0   [mono-viol x1]
  P3  30:10000 31:10000 32:10000 33:10000 34:10000 35:10000 36:10000 37:10000 38:10000 39: 9166 40: 9166 41: 9166 42: 6666
  P4  30: 8333 31: 8333 32: 8333 33: 8333 34: 8333 35: 8333 36: 7500 37: 7500 38: 7500 39: 7500 40: 8333 41: 7500 42: 5000   [mono-viol x1]
  P5  30: 8333 31: 6666 32: 3333 33: 3333 34: 3333 35: 3333 36: 3333 37: 3333 38: 3333 39: 3333 40: 3333 41: 3333 42: 2500
  P6  30:10000 31:10000 32: 9166 33: 9166 34: 9166 35: 9166 36: 8333 37: 8333 38: 8333 39: 8333 40: 8333 41: 5833 42: 1666
  DT  30: 8333 31: 6666 32: 5000 33: 5000 34: 5000 35: 5000 36: 5000 37: 5000 38: 5000 39: 5000 40: 5000 41: 3333 42: 2500
  NT  30:10000 31:10000 32:10000 33:10000 34:10000 35:10000 36:10000 37: 9166 38: 9166 39: 9166 40: 9166 41: 8333 42: 8333
  (14.905s)

hand 113: [22 30 41 42 50 60 63]
  P0  30:10000 31: 9166 32: 9166 33: 9166 34: 9166 35: 9166 36: 8333 37: 7500 38: 7500 39: 6666 40: 5833 41: 6666 42:  833   [mono-viol x1]
  P1  30: 4166 31: 4166 32: 4166 33: 4166 34: 3333 35: 2500 36: 2500 37: 2500 38: 2500 39: 2500 40: 1666 41: 1666 42: 1666
  P2  30: 7500 31: 6666 32: 5833 33: 5833 34: 5833 35: 5000 36: 4166 37: 3333 38: 3333 39: 3333 40: 2500 41: 3333 42:  833   [mono-viol x1]
  P3  30: 8333 31: 6666 32: 5833 33: 5833 34: 5833 35: 4166 36: 3333 37: 4166 38: 4166 39: 3333 40: 2500 41: 2500 42: 1666   [mono-viol x1]
  P4  30: 6666 31: 5000 32: 5000 33: 5000 34: 5000 35: 5000 36: 3333 37: 3333 38: 3333 39: 3333 40: 3333 41:  833 42:    0
  P5  30: 4166 31: 3333 32: 2500 33: 2500 34: 2500 35: 1666 36: 2500 37: 3333 38: 3333 39: 2500 40: 1666 41:  833 42:    0   [mono-viol x2]
  P6  30: 6666 31: 5833 32: 5000 33: 5000 34: 5833 35: 4166 36: 4166 37: 3333 38: 3333 39: 3333 40: 2500 41:  833 42:    0   [mono-viol x1]
  DT  30: 4166 31: 4166 32: 4166 33: 4166 34: 3333 35: 1666 36: 1666 37: 2500 38: 2500 39: 1666 40:  833 41:  833 42:  833   [mono-viol x1]
  NT  30: 7500 31: 6666 32: 7500 33: 7500 34: 7500 35: 5833 36: 3333 37: 3333 38: 3333 39: 2500 40: 3333 41:  833 42:    0   [mono-viol x2]
  (8.302s)

hand 114: [31 32 33 40 42 50 65]
  P0  30:10000 31:10000 32: 8333 33: 8333 34: 8333 35: 5833 36: 7500 37: 8333 38: 8333 39: 7500 40: 8333 41: 4166 42: 1666   [mono-viol x3]
  P1  30: 4166 31: 3333 32: 4166 33: 4166 34: 3333 35: 3333 36: 2500 37: 2500 38: 2500 39: 2500 40: 2500 41: 2500 42: 1666   [mono-viol x1]
  P2  30: 6666 31: 5000 32: 5000 33: 5000 34: 4166 35: 3333 36: 2500 37: 3333 38: 3333 39: 3333 40: 3333 41: 2500 42:  833   [mono-viol x1]
  P3  30:10000 31:10000 32:10000 33: 9166 34: 9166 35: 8333 36: 8333 37: 6666 38: 6666 39: 6666 40: 5833 41: 5833 42: 4166
  P4  30: 5000 31: 5000 32: 4166 33: 5000 34: 4166 35: 4166 36: 4166 37: 5000 38: 5000 39: 4166 40: 3333 41: 3333 42: 1666   [mono-viol x2]
  P5  30: 6666 31: 6666 32: 2500 33: 2500 34: 2500 35: 2500 36: 2500 37: 2500 38: 2500 39: 2500 40: 2500 41: 1666 42:  833
  P6  30: 8333 31: 7500 32: 7500 33: 7500 34: 7500 35: 6666 36: 6666 37: 5833 38: 5833 39: 5833 40: 4166 41: 4166 42: 1666
  DT  30: 5000 31: 5000 32: 5000 33: 5000 34: 5000 35: 3333 36: 2500 37: 2500 38: 2500 39: 2500 40: 3333 41: 1666 42:    0   [mono-viol x1]
  NT  30: 7500 31: 6666 32: 5833 33: 5833 34: 5833 35: 5833 36: 5833 37: 4166 38: 4166 39: 4166 40: 4166 41: 3333 42: 4166   [mono-viol x1]
  (10.758s)

hand 115: [20 42 43 44 50 60 61]
  P0  30:10000 31:10000 32:10000 33:10000 34: 9166 35: 9166 36: 9166 37: 8333 38: 8333 39: 8333 40: 8333 41: 7500 42: 4166
  P1  30: 5000 31: 5000 32: 5000 33: 5000 34: 5000 35: 5000 36: 3333 37: 3333 38: 3333 39: 3333 40: 2500 41: 1666 42:  833
  P2  30: 7500 31: 7500 32: 7500 33: 7500 34: 5833 35: 5833 36: 5833 37: 5833 38: 5833 39: 5833 40: 4166 41: 3333 42: 2500
  P3  30: 6666 31: 6666 32: 5833 33: 5833 34: 5000 35: 5000 36: 4166 37: 4166 38: 4166 39: 3333 40: 3333 41: 3333 42:  833
  P4  30: 9166 31: 8333 32: 7500 33: 7500 34: 9166 35: 8333 36: 7500 37: 5833 38: 5833 39: 5000 40: 5833 41: 5000 42: 4166   [mono-viol x2]
  P5  30: 4166 31: 4166 32: 4166 33: 4166 34: 4166 35: 4166 36: 3333 37: 4166 38: 4166 39: 4166 40: 3333 41: 1666 42:  833   [mono-viol x1]
  P6  30: 5833 31: 5833 32: 5000 33: 5000 34: 5000 35: 5000 36: 5833 37: 5000 38: 5000 39: 5000 40: 4166 41: 4166 42: 1666   [mono-viol x1]
  DT  30: 5833 31: 3333 32: 4166 33: 4166 34: 4166 35: 4166 36: 3333 37: 2500 38: 2500 39: 2500 40: 3333 41: 1666 42:  833   [mono-viol x2]
  NT  30: 7500 31: 7500 32: 7500 33: 6666 34: 6666 35: 5833 36: 5833 37: 5833 38: 5833 39: 5833 40: 4166 41: 5000 42: 3333   [mono-viol x1]
  (11.040s)

hand 116: [00 22 40 44 50 60 63]
  P0  30:10000 31:10000 32:10000 33:10000 34:10000 35:10000 36:10000 37:10000 38:10000 39:10000 40:10000 41:10000 42: 8333
  P1  30: 6666 31: 5000 32: 5000 33: 5000 34: 4166 35: 4166 36: 4166 37: 4166 38: 4166 39: 4166 40: 3333 41: 3333 42:    0
  P2  30: 8333 31: 7500 32: 7500 33: 7500 34: 7500 35: 6666 36: 5833 37: 5833 38: 5833 39: 5833 40: 6666 41: 4166 42: 1666   [mono-viol x1]
  P3  30: 8333 31: 8333 32: 7500 33: 7500 34: 7500 35: 6666 36: 5833 37: 5000 38: 5000 39: 5000 40: 5000 41: 4166 42:  833
  P4  30: 8333 31: 8333 32: 7500 33: 7500 34: 6666 35: 6666 36: 5000 37: 4166 38: 4166 39: 4166 40: 5000 41: 4166 42: 1666   [mono-viol x1]
  P5  30: 5000 31: 2500 32:  833 33:  833 34:  833 35:  833 36:  833 37:  833 38:  833 39:  833 40:  833 41:  833 42:    0
  P6  30: 8333 31: 6666 32: 7500 33: 7500 34: 6666 35: 7500 36: 7500 37: 5833 38: 5833 39: 5833 40: 5833 41: 4166 42:  833   [mono-viol x2]
  DT  30: 7500 31: 3333 32: 1666 33: 1666 34: 1666 35: 1666 36:  833 37:  833 38:  833 39:  833 40:  833 41:  833 42:  833
  NT  30: 8333 31: 9166 32: 8333 33: 8333 34: 8333 35: 7500 36: 8333 37: 7500 38: 7500 39: 7500 40: 7500 41: 7500 42: 4166   [mono-viol x2]
  (15.355s)

hand 117: [10 11 32 41 43 52 54]
  P0  30: 3333 31: 3333 32: 3333 33: 3333 34: 3333 35: 2500 36: 1666 37: 2500 38: 2500 39: 2500 40: 1666 41: 1666 42:    0   [mono-viol x1]
  P1  30:10000 31:10000 32:10000 33:10000 34: 9166 35: 9166 36: 9166 37: 9166 38: 9166 39: 8333 40: 6666 41: 5833 42: 3333
  P2  30: 5833 31: 5833 32: 6666 33: 6666 34: 6666 35: 5000 36: 2500 37: 2500 38: 2500 39: 2500 40: 2500 41: 2500 42: 1666   [mono-viol x1]
  P3  30: 7500 31: 5833 32: 7500 33: 7500 34: 6666 35: 5000 36: 5000 37: 5833 38: 5833 39: 5833 40: 5000 41: 2500 42:  833   [mono-viol x2]
  P4  30: 9166 31: 8333 32: 7500 33: 7500 34: 7500 35: 7500 36: 7500 37: 6666 38: 6666 39: 6666 40: 5833 41: 5000 42:    0
  P5  30: 5833 31: 4166 32: 1666 33: 1666 34: 1666 35: 1666 36: 1666 37: 1666 38: 1666 39: 1666 40: 1666 41:  833 42: 1666   [mono-viol x1]
  P6  30: 5833 31: 5833 32: 5000 33: 5000 34: 5000 35: 5000 36: 4166 37: 3333 38: 3333 39: 3333 40: 3333 41: 3333 42:    0
  DT  30: 2500 31: 2500 32: 2500 33: 2500 34: 2500 35: 2500 36: 2500 37: 2500 38: 2500 39: 2500 40: 2500 41: 1666 42:  833
  NT  30: 5833 31: 4166 32: 5000 33: 5000 34: 5000 35: 5000 36: 4166 37: 4166 38: 4166 39: 4166 40: 2500 41: 2500 42: 1666   [mono-viol x1]
  (10.094s)

hand 118: [22 31 41 42 51 62 63]
  P0  30: 5000 31: 5833 32: 5000 33: 5000 34: 4166 35: 2500 36: 2500 37: 2500 38: 2500 39: 2500 40: 2500 41: 1666 42: 1666   [mono-viol x1]
  P1  30:10000 31: 8333 32: 8333 33: 8333 34: 7500 35: 6666 36: 6666 37: 8333 38: 8333 39: 7500 40: 5833 41: 3333 42:  833   [mono-viol x1]
  P2  30:10000 31:10000 32:10000 33:10000 34:10000 35: 9166 36: 9166 37: 8333 38: 8333 39: 8333 40: 8333 41: 7500 42: 4166
  P3  30: 7500 31: 6666 32: 6666 33: 6666 34: 6666 35: 6666 36: 6666 37: 4166 38: 4166 39: 4166 40: 3333 41: 2500 42: 1666
  P4  30: 5000 31: 5000 32: 3333 33: 3333 34: 4166 35: 4166 36: 3333 37: 3333 38: 3333 39: 3333 40: 3333 41: 1666 42:    0   [mono-viol x1]
  P5  30: 6666 31: 5000 32: 5000 33: 5000 34: 5000 35: 5000 36: 4166 37: 3333 38: 3333 39: 4166 40: 4166 41: 3333 42:  833   [mono-viol x1]
  P6  30: 6666 31: 5833 32: 5833 33: 5833 34: 6666 35: 5833 36: 5000 37: 5000 38: 5000 39: 5000 40: 4166 41: 2500 42:  833   [mono-viol x1]
  DT  30: 5000 31: 5833 32: 5833 33: 5833 34: 5000 35: 3333 36: 3333 37: 3333 38: 3333 39: 2500 40: 2500 41: 1666 42:  833   [mono-viol x1]
  NT  30: 6666 31: 8333 32: 8333 33: 8333 34: 7500 35: 5833 36: 5000 37: 4166 38: 4166 39: 4166 40: 4166 41: 3333 42: 1666   [mono-viol x1]
  (10.007s)

hand 119: [11 20 30 40 43 50 64]
  P0  30:10000 31: 9166 32:10000 33:10000 34:10000 35:10000 36: 9166 37: 8333 38: 8333 39: 8333 40: 7500 41: 4166 42: 1666   [mono-viol x1]
  P1  30: 6666 31: 5833 32: 5833 33: 5833 34: 5833 35: 5833 36: 5833 37: 4166 38: 4166 39: 4166 40: 4166 41: 2500 42:  833
  P2  30: 3333 31: 3333 32: 2500 33: 2500 34: 3333 35: 2500 36: 2500 37: 2500 38: 2500 39: 2500 40: 2500 41:  833 42:  833   [mono-viol x1]
  P3  30: 8333 31: 5833 32: 7500 33: 7500 34: 6666 35: 6666 36: 5000 37: 5000 38: 5000 39: 5000 40: 3333 41: 2500 42:  833   [mono-viol x1]
  P4  30: 9166 31:10000 32:10000 33:10000 34: 9166 35: 9166 36: 7500 37: 6666 38: 6666 39: 6666 40: 6666 41: 5000 42: 3333   [mono-viol x1]
  P5  30: 4166 31: 3333 32: 3333 33: 3333 34: 3333 35: 2500 36: 2500 37: 2500 38: 2500 39: 2500 40: 2500 41: 2500 42: 1666
  P6  30: 7500 31: 6666 32: 6666 33: 6666 34: 6666 35: 5833 36: 4166 37: 3333 38: 3333 39: 3333 40: 2500 41: 2500 42:  833
  DT  30: 5000 31: 4166 32: 3333 33: 3333 34: 3333 35: 2500 36: 2500 37: 4166 38: 4166 39: 4166 40: 3333 41: 3333 42:  833   [mono-viol x1]
  NT  30: 8333 31: 8333 32: 8333 33: 8333 34: 8333 35: 6666 36: 6666 37: 7500 38: 7500 39: 7500 40: 6666 41: 4166 42: 2500   [mono-viol x1]
  (8.870s)

hand 120: [11 20 21 22 31 41 53]
  P0  30: 5000 31: 5000 32: 4166 33: 4166 34: 3333 35: 3333 36: 5000 37: 5000 38: 5000 39: 5000 40: 5000 41: 3333 42: 1666   [mono-viol x1]
  P1  30:10000 31:10000 32:10000 33:10000 34:10000 35:10000 36:10000 37:10000 38:10000 39:10000 40:10000 41:10000 42: 6666
  P2  30:10000 31:10000 32: 9166 33: 9166 34: 8333 35: 9166 36: 9166 37: 9166 38: 9166 39: 9166 40: 8333 41: 5833 42: 1666   [mono-viol x1]
  P3  30: 9166 31: 9166 32: 9166 33: 9166 34: 9166 35: 8333 36: 8333 37: 5833 38: 5833 39: 5833 40: 5833 41: 5833 42: 3333
  P4  30: 5000 31: 5000 32: 5000 33: 5000 34: 5000 35: 4166 36: 4166 37: 3333 38: 3333 39: 3333 40: 3333 41: 1666 42:  833
  P5  30: 4166 31: 4166 32: 4166 33: 4166 34: 4166 35: 4166 36: 4166 37: 4166 38: 4166 39: 4166 40: 3333 41: 1666 42:  833
  P6  30: 3333 31: 3333 32: 3333 33: 3333 34: 2500 35: 2500 36: 3333 37: 3333 38: 3333 39: 3333 40: 1666 41: 1666 42:    0   [mono-viol x1]
  DT  30: 7500 31: 5000 32: 5000 33: 5000 34: 4166 35: 4166 36: 3333 37: 3333 38: 3333 39: 3333 40: 2500 41:  833 42:    0
  NT  30: 9166 31: 7500 32: 8333 33: 8333 34: 8333 35: 6666 36: 8333 37: 6666 38: 6666 39: 6666 40: 6666 41: 5833 42: 5000   [mono-viol x2]
  (11.525s)

hand 121: [00 20 22 31 43 53 65]
  P0  30: 6666 31: 6666 32: 6666 33: 6666 34: 5833 35: 6666 36: 5833 37: 5000 38: 5000 39: 5000 40: 5000 41: 3333 42: 2500   [mono-viol x1]
  P1  30: 5000 31: 4166 32: 5000 33: 5000 34: 5000 35: 4166 36: 2500 37: 2500 38: 2500 39: 2500 40: 1666 41:  833 42:    0   [mono-viol x1]
  P2  30: 8333 31: 8333 32: 8333 33: 8333 34: 8333 35: 7500 36: 7500 37: 6666 38: 6666 39: 6666 40: 5000 41: 5833 42: 3333   [mono-viol x1]
  P3  30:10000 31:10000 32:10000 33:10000 34:10000 35:10000 36: 9166 37: 8333 38: 8333 39: 8333 40: 8333 41: 5833 42: 3333
  P4  30: 6666 31: 5000 32: 5000 33: 5000 34: 5000 35: 5000 36: 3333 37: 3333 38: 3333 39: 3333 40: 3333 41: 2500 42:  833
  P5  30: 9166 31: 6666 32: 5000 33: 5000 34: 5000 35: 5000 36: 5000 37: 5000 38: 5000 39: 5000 40: 5000 41: 5000 42: 3333
  P6  30: 8333 31: 5833 32: 5833 33: 5833 34: 5833 35: 6666 36: 5833 37: 4166 38: 4166 39: 4166 40: 3333 41: 1666 42:  833   [mono-viol x1]
  DT  30: 5833 31: 5000 32: 5000 33: 5000 34: 4166 35: 4166 36: 4166 37: 3333 38: 3333 39: 3333 40: 3333 41: 1666 42:  833
  NT  30: 9166 31: 9166 32: 8333 33: 8333 34: 8333 35: 9166 36: 8333 37: 7500 38: 7500 39: 7500 40: 7500 41: 7500 42: 7500   [mono-viol x1]
  (13.897s)

hand 122: [33 40 51 61 62 65 66]
  P0  30: 5000 31: 4166 32: 5000 33: 5000 34: 5000 35: 5833 36: 3333 37: 1666 38: 1666 39: 2500 40: 1666 41: 2500 42: 1666   [mono-viol x4]
  P1  30: 9166 31: 8333 32: 8333 33: 8333 34: 8333 35: 9166 36: 8333 37: 8333 38: 8333 39: 7500 40: 6666 41: 6666 42: 1666   [mono-viol x1]
  P2  30: 6666 31: 6666 32: 5833 33: 5833 34: 5833 35: 5833 36: 3333 37: 3333 38: 3333 39: 3333 40: 3333 41: 2500 42: 1666
  P3  30: 9166 31: 8333 32: 9166 33: 9166 34: 9166 35: 8333 36: 7500 37: 8333 38: 8333 39: 8333 40: 7500 41: 7500 42: 5000   [mono-viol x2]
  P4  30: 5000 31: 4166 32: 4166 33: 4166 34: 4166 35: 4166 36: 2500 37: 3333 38: 3333 39: 4166 40: 4166 41: 2500 42: 1666   [mono-viol x2]
  P5  30: 7500 31: 5833 32: 2500 33: 2500 34: 2500 35: 2500 36: 2500 37: 2500 38: 2500 39: 2500 40: 2500 41: 2500 42: 1666
  P6  30:10000 31:10000 32:10000 33:10000 34:10000 35:10000 36:10000 37:10000 38:10000 39:10000 40:10000 41: 9166 42: 7500
  DT  30: 9166 31: 7500 32: 7500 33: 7500 34: 8333 35: 7500 36: 5833 37: 5000 38: 5000 39: 5000 40: 3333 41: 3333 42: 1666   [mono-viol x1]
  NT  30:10000 31:10000 32: 9166 33: 9166 34: 9166 35: 9166 36: 9166 37: 7500 38: 7500 39: 7500 40: 7500 41: 7500 42: 5833
  (14.194s)

hand 123: [21 22 32 51 54 55 66]
  P0  30: 7500 31: 5833 32: 5833 33: 5833 34: 6666 35: 4166 36: 4166 37: 3333 38: 3333 39: 3333 40: 3333 41: 1666 42: 1666   [mono-viol x1]
  P1  30:10000 31:10000 32: 9166 33: 9166 34: 9166 35:10000 36: 8333 37: 8333 38: 8333 39: 9166 40: 8333 41: 5833 42: 3333   [mono-viol x2]
  P2  30:10000 31:10000 32:10000 33:10000 34:10000 35:10000 36:10000 37:10000 38:10000 39:10000 40:10000 41:10000 42: 8333
  P3  30: 9166 31: 9166 32: 9166 33: 9166 34: 8333 35: 8333 36: 7500 37: 6666 38: 6666 39: 6666 40: 5833 41: 2500 42: 1666
  P4  30: 5833 31: 5000 32: 5000 33: 5000 34: 5000 35: 5000 36: 4166 37: 5000 38: 5000 39: 5000 40: 5000 41: 4166 42:  833   [mono-viol x1]
  P5  30:10000 31:10000 32:10000 33:10000 34:10000 35:10000 36:10000 37:10000 38:10000 39:10000 40:10000 41:10000 42: 6666
  P6  30: 7500 31: 8333 32: 9166 33: 9166 34: 9166 35: 7500 36: 6666 37: 7500 38: 7500 39: 7500 40: 7500 41: 7500 42: 3333   [mono-viol x3]
  DT  30:10000 31:10000 32:10000 33:10000 34:10000 35:10000 36: 9166 37:10000 38:10000 39: 9166 40: 8333 41: 7500 42: 5833   [mono-viol x1]
  NT  30:10000 31:10000 32:10000 33:10000 34:10000 35:10000 36:10000 37:10000 38:10000 39:10000 40:10000 41: 9166 42:10000   [mono-viol x1]
  (11.773s)

hand 124: [30 31 33 40 55 60 62]
  P0  30:10000 31: 9166 32: 8333 33: 8333 34: 8333 35: 8333 36: 8333 37: 5833 38: 5833 39: 5833 40: 5833 41: 6666 42: 1666   [mono-viol x1]
  P1  30: 5000 31: 5000 32: 5833 33: 5833 34: 5833 35: 5000 36: 5000 37: 4166 38: 4166 39: 3333 40: 2500 41: 2500 42: 1666   [mono-viol x1]
  P2  30: 9166 31: 9166 32:10000 33:10000 34: 9166 35: 7500 36: 5833 37: 5000 38: 5000 39: 4166 40: 5000 41: 4166 42:  833   [mono-viol x2]
  P3  30:10000 31:10000 32:10000 33:10000 34:10000 35:10000 36:10000 37: 9166 38: 9166 39: 9166 40: 8333 41: 7500 42: 2500
  P4  30: 5833 31: 5000 32: 5000 33: 5000 34: 5000 35: 5000 36: 4166 37: 4166 38: 4166 39: 4166 40: 4166 41: 1666 42:  833
  P5  30: 9166 31: 8333 32: 6666 33: 6666 34: 7500 35: 5833 36: 5833 37: 5000 38: 5000 39: 4166 40: 3333 41: 3333 42: 1666   [mono-viol x1]
  P6  30: 7500 31: 5833 32: 6666 33: 6666 34: 6666 35: 6666 36: 5000 37: 5833 38: 5833 39: 5000 40: 5833 41: 5000 42: 2500   [mono-viol x3]
  DT  30: 5833 31: 6666 32: 6666 33: 6666 34: 5833 35: 5000 36: 4166 37: 3333 38: 3333 39: 3333 40: 3333 41: 2500 42:    0   [mono-viol x1]
  NT  30: 8333 31: 7500 32: 8333 33: 9166 34: 8333 35: 8333 36: 7500 37: 6666 38: 6666 39: 7500 40: 8333 41: 5000 42: 4166   [mono-viol x4]
  (11.005s)

hand 125: [21 32 43 52 62 63 65]
  P0  30: 3333 31: 3333 32: 2500 33: 2500 34: 2500 35: 2500 36: 2500 37: 2500 38: 2500 39: 1666 40: 1666 41:  833 42:    0
  P1  30: 4166 31: 3333 32: 3333 33: 2500 34: 1666 35: 1666 36: 2500 37: 2500 38: 2500 39: 1666 40: 1666 41: 1666 42:  833   [mono-viol x1]
  P2  30:10000 31:10000 32:10000 33:10000 34:10000 35:10000 36:10000 37:10000 38:10000 39:10000 40:10000 41:10000 42: 2500
  P3  30:10000 31:10000 32:10000 33:10000 34:10000 35:10000 36:10000 37: 8333 38: 8333 39: 8333 40: 9166 41: 9166 42: 2500   [mono-viol x1]
  P4  30: 7500 31: 6666 32: 7500 33: 7500 34: 6666 35: 7500 36: 5833 37: 5833 38: 5833 39: 6666 40: 5000 41: 4166 42: 2500   [mono-viol x3]
  P5  30: 6666 31: 6666 32: 3333 33: 3333 34: 3333 35: 3333 36: 3333 37: 3333 38: 3333 39: 3333 40: 3333 41: 3333 42: 2500
  P6  30:10000 31:10000 32: 9166 33: 9166 34: 8333 35: 9166 36: 8333 37: 7500 38: 7500 39: 7500 40: 6666 41: 5000 42: 1666   [mono-viol x1]
  DT  30: 5833 31: 4166 32: 4166 33: 4166 34: 4166 35: 3333 36: 4166 37: 4166 38: 4166 39: 4166 40: 3333 41: 2500 42:  833   [mono-viol x1]
  NT  30: 8333 31: 9166 32: 9166 33: 8333 34: 8333 35: 7500 36: 6666 37: 6666 38: 6666 39: 5833 40: 7500 41: 4166 42: 5000   [mono-viol x3]
  (13.999s)

hand 126: [20 31 41 42 62 64 66]
  P0  30: 5000 31: 5000 32: 5000 33: 5000 34: 4166 35: 2500 36: 2500 37: 1666 38: 1666 39: 1666 40:  833 41:    0 42:    0
  P1  30: 8333 31: 8333 32: 8333 33: 8333 34: 7500 35: 9166 36: 6666 37: 5833 38: 5833 39: 5833 40: 5000 41: 2500 42: 3333   [mono-viol x2]
  P2  30: 9166 31: 9166 32: 9166 33: 9166 34: 9166 35: 9166 36: 7500 37: 6666 38: 6666 39: 5833 40: 6666 41: 5833 42: 4166   [mono-viol x1]
  P3  30: 5000 31: 4166 32: 4166 33: 4166 34: 4166 35: 3333 36: 4166 37: 4166 38: 5000 39: 4166 40: 2500 41:  833 42:    0   [mono-viol x2]
  P4  30:10000 31:10000 32:10000 33:10000 34:10000 35:10000 36: 9166 37: 8333 38: 8333 39: 8333 40: 6666 41: 4166 42: 1666
  P5  30: 6666 31: 5000 32: 3333 33: 3333 34: 3333 35: 2500 36: 3333 37: 3333 38: 3333 39: 3333 40: 2500 41: 1666 42:  833   [mono-viol x1]
  P6  30:10000 31:10000 32:10000 33:10000 34:10000 35:10000 36: 9166 37: 7500 38: 7500 39: 7500 40: 6666 41: 5833 42: 4166
  DT  30: 5000 31: 4166 32: 4166 33: 5000 34: 4166 35: 3333 36: 3333 37: 3333 38: 3333 39: 3333 40: 3333 41: 2500 42: 1666   [mono-viol x1]
  NT  30:10000 31: 9166 32: 8333 33: 8333 34: 8333 35: 6666 36: 5833 37: 5000 38: 5000 39: 5000 40: 5000 41: 5833 42: 1666   [mono-viol x1]
  (9.677s)

hand 127: [11 31 40 44 50 52 61]
  P0  30: 7500 31: 6666 32: 6666 33: 6666 34: 6666 35: 5833 36: 5000 37: 3333 38: 3333 39: 3333 40: 2500 41: 1666 42:  833
  P1  30:10000 31:10000 32:10000 33:10000 34:10000 35:10000 36: 8333 37: 7500 38: 7500 39: 7500 40: 7500 41: 7500 42: 5833
  P2  30: 5833 31: 4166 32: 3333 33: 3333 34: 3333 35: 4166 36: 3333 37: 2500 38: 2500 39: 1666 40:  833 41: 1666 42:    0   [mono-viol x2]
  P3  30: 5833 31: 5833 32: 5000 33: 5000 34: 4166 35: 5833 36: 3333 37: 5000 38: 5000 39: 5833 40: 3333 41: 1666 42:  833   [mono-viol x3]
  P4  30: 6666 31: 5833 32: 5833 33: 5833 34: 5833 35: 5000 36: 5000 37: 4166 38: 4166 39: 4166 40: 3333 41: 3333 42: 2500
  P5  30: 8333 31: 5833 32: 4166 33: 4166 34: 4166 35: 4166 36: 4166 37: 3333 38: 3333 39: 3333 40: 4166 41: 2500 42:  833   [mono-viol x1]
  P6  30: 8333 31: 6666 32: 6666 33: 6666 34: 5833 35: 5000 36: 5000 37: 5833 38: 5833 39: 5833 40: 5833 41: 3333 42:  833   [mono-viol x1]
  DT  30: 5833 31: 5000 32: 5000 33: 5000 34: 4166 35: 3333 36: 4166 37: 2500 38: 2500 39: 1666 40: 1666 41:  833 42:  833   [mono-viol x1]
  NT  30:10000 31:10000 32: 9166 33: 9166 34: 9166 35: 9166 36: 7500 37: 7500 38: 7500 39: 7500 40: 5833 41: 5000 42: 2500
  (10.093s)

hand 128: [00 11 40 50 53 55 64]
  P0  30:10000 31:10000 32:10000 33:10000 34:10000 35:10000 36:10000 37:10000 38:10000 39:10000 40:10000 41:10000 42: 9166
  P1  30: 8333 31: 8333 32: 8333 33: 8333 34: 9166 35: 7500 36: 6666 37: 5000 38: 5000 39: 5000 40: 5000 41: 4166 42: 1666   [mono-viol x1]
  P2  30: 5833 31: 5833 32: 5833 33: 5833 34: 4166 35: 3333 36: 4166 37: 3333 38: 3333 39: 2500 40: 3333 41:    0 42:    0   [mono-viol x2]
  P3  30: 9166 31: 9166 32: 9166 33: 9166 34: 8333 35: 7500 36: 7500 37: 7500 38: 7500 39: 7500 40: 7500 41: 6666 42: 2500
  P4  30:10000 31:10000 32:10000 33:10000 34:10000 35: 9166 36: 9166 37: 8333 38: 8333 39: 8333 40: 8333 41: 7500 42: 4166
  P5  30:10000 31:10000 32:10000 33:10000 34:10000 35:10000 36: 9166 37:10000 38:10000 39:10000 40: 9166 41: 9166 42: 6666   [mono-viol x1]
  P6  30: 9166 31: 9166 32: 9166 33: 9166 34: 9166 35: 8333 36: 8333 37: 5833 38: 5833 39: 5833 40: 5000 41: 5000 42: 2500
  DT  30:10000 31:10000 32:10000 33:10000 34:10000 35: 9166 36: 8333 37: 9166 38: 9166 39: 7500 40: 7500 41: 5000 42: 1666   [mono-viol x1]
  NT  30:10000 31:10000 32:10000 33:10000 34:10000 35:10000 36:10000 37: 9166 38: 9166 39: 9166 40: 9166 41: 9166 42: 9166
  (11.967s)

hand 129: [00 10 31 40 43 44 61]
  P0  30:10000 31:10000 32: 9166 33: 9166 34: 9166 35: 9166 36: 8333 37: 8333 38: 8333 39: 8333 40: 8333 41: 6666 42: 4166
  P1  30:10000 31:10000 32:10000 33:10000 34:10000 35:10000 36:10000 37: 9166 38: 9166 39: 9166 40: 8333 41: 7500 42: 2500
  P2  30: 8333 31: 6666 32: 6666 33: 7500 34: 5833 35: 5000 36: 4166 37: 4166 38: 4166 39: 4166 40: 4166 41: 1666 42:  833   [mono-viol x1]
  P3  30: 8333 31:10000 32:10000 33:10000 34: 9166 35: 7500 36: 7500 37: 7500 38: 7500 39: 8333 40: 7500 41: 5833 42: 2500   [mono-viol x2]
  P4  30:10000 31:10000 32:10000 33:10000 34:10000 35:10000 36:10000 37: 9166 38: 9166 39: 9166 40: 8333 41: 7500 42: 5000
  P5  30: 5000 31: 5833 32: 5000 33: 5000 34: 5000 35: 5833 36: 5833 37: 5833 38: 5833 39: 5000 40: 5000 41: 3333 42: 2500   [mono-viol x2]
  P6  30: 8333 31: 8333 32: 8333 33: 8333 34: 6666 35: 5833 36: 5833 37: 5000 38: 5000 39: 5000 40: 4166 41: 1666 42:    0
  DT  30: 6666 31: 6666 32: 5833 33: 5833 34: 5833 35: 5833 36: 4166 37: 5000 38: 5000 39: 5000 40: 4166 41: 1666 42:    0   [mono-viol x1]
  NT  30:10000 31:10000 32: 9166 33: 9166 34: 8333 35: 7500 36: 8333 37: 8333 38: 8333 39: 8333 40: 9166 41: 8333 42: 5000   [mono-viol x2]
  (14.378s)

hand 130: [11 20 22 32 42 44 50]
  P0  30: 8333 31: 8333 32: 8333 33: 8333 34: 9166 35: 6666 36: 7500 37: 5833 38: 5833 39: 5833 40: 5833 41: 2500 42:  833   [mono-viol x2]
  P1  30: 8333 31: 6666 32: 6666 33: 6666 34: 7500 35: 6666 36: 5833 37: 5000 38: 5000 39: 5000 40: 5000 41: 3333 42: 2500   [mono-viol x1]
  P2  30:10000 31:10000 32:10000 33:10000 34:10000 35:10000 36:10000 37:10000 38:10000 39:10000 40:10000 41:10000 42: 5000
  P3  30: 9166 31: 9166 32: 7500 33: 8333 34: 7500 35: 7500 36: 7500 37: 8333 38: 8333 39: 6666 40: 6666 41: 2500 42:  833   [mono-viol x2]
  P4  30: 9166 31: 8333 32: 8333 33: 8333 34: 8333 35: 7500 36: 5833 37: 5833 38: 5833 39: 5833 40: 6666 41: 5833 42: 4166   [mono-viol x1]
  P5  30: 4166 31: 2500 32:  833 33:  833 34:  833 35:  833 36:  833 37:  833 38:  833 39:  833 40:  833 41:  833 42:  833
  P6  30: 7500 31: 7500 32: 7500 33: 7500 34: 7500 35: 6666 36: 4166 37: 5833 38: 5833 39: 5833 40: 5833 41: 3333 42:  833   [mono-viol x1]
  DT  30: 5833 31: 5000 32: 3333 33: 3333 34: 3333 35: 3333 36: 2500 37: 2500 38: 2500 39: 2500 40: 2500 41: 2500 42:  833
  NT  30:10000 31:10000 32: 9166 33: 9166 34: 9166 35: 9166 36: 9166 37: 9166 38: 9166 39: 9166 40: 9166 41: 7500 42: 5000
  (13.127s)

hand 131: [11 20 31 32 42 55 61]
  P0  30: 5833 31: 5000 32: 5000 33: 5000 34: 5000 35: 5000 36: 3333 37: 3333 38: 3333 39: 2500 40: 2500 41: 1666 42:  833
  P1  30:10000 31:10000 32:10000 33:10000 34:10000 35:10000 36:10000 37:10000 38:10000 39:10000 40:10000 41:10000 42: 7500
  P2  30: 9166 31:10000 32:10000 33:10000 34:10000 35: 9166 36: 9166 37:10000 38:10000 39: 9166 40: 6666 41: 4166 42:  833   [mono-viol x2]
  P3  30: 8333 31: 9166 32: 9166 33: 9166 34: 9166 35: 6666 36: 6666 37: 6666 38: 6666 39: 6666 40: 3333 41: 2500 42: 1666   [mono-viol x1]
  P4  30: 7500 31: 7500 32: 7500 33: 7500 34: 7500 35: 5833 36: 6666 37: 5833 38: 6666 39: 5833 40: 5833 41: 5000 42: 2500   [mono-viol x2]
  P5  30: 9166 31: 9166 32: 8333 33: 8333 34: 8333 35: 7500 36: 8333 37: 7500 38: 7500 39: 7500 40: 6666 41: 5833 42: 1666   [mono-viol x1]
  P6  30: 9166 31: 9166 32: 8333 33: 9166 34:10000 35: 7500 36: 7500 37: 8333 38: 8333 39: 8333 40: 7500 41: 5000 42: 2500   [mono-viol x3]
  DT  30: 9166 31: 9166 32: 9166 33: 9166 34: 9166 35: 8333 36: 6666 37: 7500 38: 7500 39: 7500 40: 4166 41: 3333 42:  833   [mono-viol x1]
  NT  30:10000 31:10000 32:10000 33:10000 34:10000 35:10000 36:10000 37:10000 38:10000 39:10000 40:10000 41: 7500 42: 4166
  (8.137s)

hand 132: [10 20 21 31 32 41 65]
  P0  30: 4166 31: 5000 32: 5000 33: 5000 34: 5000 35: 3333 36: 4166 37: 4166 38: 4166 39: 4166 40: 4166 41: 2500 42: 1666   [mono-viol x2]
  P1  30: 9166 31:10000 32:10000 33:10000 34:10000 35:10000 36: 9166 37:10000 38:10000 39:10000 40: 7500 41: 4166 42: 2500   [mono-viol x2]
  P2  30: 9166 31:10000 32:10000 33:10000 34:10000 35: 9166 36: 8333 37: 7500 38: 7500 39: 8333 40: 5000 41: 3333 42:  833   [mono-viol x2]
  P3  30: 5000 31: 5000 32: 5000 33: 5000 34: 5000 35: 5000 36: 4166 37: 4166 38: 4166 39: 4166 40: 3333 41: 3333 42: 1666
  P4  30: 2500 31: 1666 32: 1666 33: 1666 34: 1666 35: 1666 36: 1666 37: 1666 38: 1666 39: 1666 40: 1666 41: 1666 42:  833
  P5  30: 3333 31: 2500 32: 2500 33: 2500 34: 2500 35: 2500 36: 2500 37: 1666 38: 1666 39: 1666 40: 2500 41: 2500 42: 1666   [mono-viol x1]
  P6  30: 5000 31: 4166 32: 5000 33: 5000 34: 4166 35: 3333 36: 3333 37: 2500 38: 2500 39: 2500 40: 2500 41: 1666 42:    0   [mono-viol x1]
  DT  30: 3333 31: 3333 32: 2500 33: 2500 34: 2500 35: 1666 36: 2500 37: 1666 38: 1666 39: 1666 40:  833 41:  833 42:    0   [mono-viol x1]
  NT  30: 5000 31: 5000 32: 5000 33: 5000 34: 3333 35: 4166 36: 3333 37: 3333 38: 3333 39: 3333 40: 3333 41: 3333 42: 3333   [mono-viol x1]
  (9.329s)

hand 133: [30 43 44 52 60 62 65]
  P0  30: 8333 31: 7500 32: 6666 33: 6666 34: 5833 35: 5833 36: 5833 37: 5833 38: 5833 39: 5833 40: 5833 41: 4166 42: 3333
  P1  30: 5000 31: 5000 32: 5000 33: 5000 34: 4166 35: 5000 36: 3333 37: 3333 38: 3333 39: 3333 40: 2500 41: 1666 42:  833   [mono-viol x1]
  P2  30:10000 31: 9166 32: 9166 33:10000 34: 8333 35: 7500 36: 9166 37: 7500 38: 7500 39: 8333 40: 8333 41: 5833 42: 2500   [mono-viol x3]
  P3  30: 9166 31: 8333 32: 6666 33: 5000 34: 5833 35: 5000 36: 3333 37: 5000 38: 5000 39: 5000 40: 3333 41: 2500 42:  833   [mono-viol x2]
  P4  30: 9166 31: 8333 32: 8333 33: 8333 34: 9166 35: 7500 36: 8333 37: 6666 38: 6666 39: 6666 40: 6666 41: 6666 42: 5000   [mono-viol x2]
  P5  30: 6666 31: 5833 32: 4166 33: 4166 34: 4166 35: 4166 36: 4166 37: 4166 38: 4166 39: 4166 40: 4166 41: 4166 42: 3333
  P6  30:10000 31:10000 32:10000 33:10000 34:10000 35: 9166 36: 8333 37: 8333 38: 8333 39: 8333 40: 8333 41: 7500 42: 4166
  DT  30: 6666 31: 5833 32: 5833 33: 5833 34: 5833 35: 5833 36: 5000 37: 5000 38: 5000 39: 5000 40: 4166 41: 4166 42: 1666
  NT  30: 8333 31: 9166 32: 9166 33:10000 34: 9166 35:10000 36:10000 37: 9166 38: 9166 39: 9166 40: 8333 41: 6666 42: 6666   [mono-viol x3]
  (13.918s)

hand 134: [11 30 33 40 60 61 66]
  P0  30:10000 31:10000 32:10000 33:10000 34:10000 35:10000 36:10000 37: 9166 38: 9166 39: 9166 40: 9166 41: 7500 42: 1666
  P1  30:10000 31:10000 32:10000 33:10000 34:10000 35:10000 36:10000 37:10000 38:10000 39:10000 40:10000 41:10000 42: 7500
  P2  30: 8333 31: 6666 32: 5833 33: 5833 34: 6666 35: 5000 36: 5000 37: 5000 38: 5000 39: 5000 40: 4166 41: 2500 42:  833   [mono-viol x1]
  P3  30:10000 31: 9166 32: 9166 33: 9166 34: 9166 35: 9166 36: 9166 37: 9166 38: 9166 39: 9166 40: 9166 41: 7500 42: 3333
  P4  30: 5833 31: 5000 32: 4166 33: 4166 34: 4166 35: 4166 36: 4166 37: 3333 38: 3333 39: 3333 40: 2500 41: 2500 42: 1666
  P5  30: 5000 31: 4166 32: 4166 33: 4166 34: 4166 35: 4166 36: 4166 37: 4166 38: 4166 39: 4166 40: 4166 41: 4166 42: 1666
  P6  30:10000 31: 9166 32: 9166 33: 9166 34: 8333 35: 9166 36: 8333 37: 8333 38: 8333 39: 8333 40: 8333 41: 7500 42: 4166   [mono-viol x1]
  DT  30: 9166 31:10000 32: 9166 33: 9166 34: 8333 35: 7500 36: 7500 37: 5833 38: 5833 39: 6666 40: 6666 41: 5000 42: 2500   [mono-viol x2]
  NT  30:10000 31: 9166 32: 8333 33: 8333 34: 8333 35: 9166 36:10000 37: 9166 38: 9166 39: 9166 40: 7500 41: 7500 42: 5833   [mono-viol x2]
  (14.778s)

hand 135: [11 21 32 40 54 63 65]
  P0  30: 6666 31: 6666 32: 5833 33: 5833 34: 6666 35: 5833 36: 5000 37: 3333 38: 3333 39: 3333 40: 4166 41: 4166 42: 2500   [mono-viol x2]
  P1  30: 8333 31: 9166 32: 7500 33: 7500 34: 7500 35: 7500 36: 5833 37: 5833 38: 5833 39: 5833 40: 5000 41: 5000 42: 4166   [mono-viol x1]
  P2  30: 5000 31: 5000 32: 5000 33: 5000 34: 5833 35: 4166 36: 3333 37: 4166 38: 4166 39: 5000 40: 3333 41: 2500 42: 1666   [mono-viol x3]
  P3  30: 8333 31: 7500 32: 8333 33: 8333 34: 6666 35: 5833 36: 7500 37: 5000 38: 5000 39: 5000 40: 4166 41: 4166 42: 1666   [mono-viol x2]
  P4  30: 4166 31: 4166 32: 3333 33: 3333 34: 3333 35: 3333 36: 3333 37: 2500 38: 2500 39: 2500 40: 2500 41: 1666 42: 1666
  P5  30: 6666 31: 5000 32: 3333 33: 3333 34: 3333 35: 3333 36: 3333 37: 3333 38: 3333 39: 3333 40: 3333 41: 3333 42: 3333
  P6  30: 9166 31: 9166 32: 8333 33: 8333 34: 7500 35: 5833 36: 5833 37: 6666 38: 6666 39: 6666 40: 6666 41: 5833 42: 3333   [mono-viol x1]
  DT  30: 5833 31: 5000 32: 5000 33: 5000 34: 5000 35: 5000 36: 5000 37: 5000 38: 5000 39: 5000 40: 5000 41: 4166 42: 3333
  NT  30: 9166 31:10000 32: 9166 33: 9166 34: 9166 35: 7500 36: 6666 37: 6666 38: 6666 39: 6666 40: 7500 41: 6666 42: 6666   [mono-viol x2]
  (12.029s)

hand 136: [21 40 41 43 62 63 64]
  P0  30: 5000 31: 5000 32: 5000 33: 5000 34: 4166 35: 4166 36: 3333 37: 4166 38: 4166 39: 4166 40: 3333 41: 2500 42: 1666   [mono-viol x1]
  P1  30: 7500 31: 7500 32: 6666 33: 6666 34: 5833 35: 5000 36: 5000 37: 4166 38: 4166 39: 3333 40: 2500 41: 1666 42:  833
  P2  30: 6666 31: 7500 32: 7500 33: 7500 34: 7500 35: 6666 36: 5000 37: 5000 38: 5000 39: 4166 40: 4166 41: 2500 42:  833   [mono-viol x1]
  P3  30: 7500 31: 9166 32: 7500 33: 7500 34: 7500 35: 5833 36: 6666 37: 5833 38: 5833 39: 5000 40: 5833 41: 2500 42: 1666   [mono-viol x3]
  P4  30:10000 31:10000 32:10000 33:10000 34:10000 35:10000 36:10000 37:10000 38:10000 39:10000 40:10000 41: 8333 42: 2500
  P5  30: 4166 31: 3333 32: 1666 33: 1666 34: 1666 35: 1666 36: 1666 37: 1666 38: 1666 39: 1666 40: 1666 41:  833 42:    0
  P6  30:10000 31:10000 32: 9166 33: 9166 34: 9166 35: 7500 36: 7500 37: 7500 38: 7500 39: 7500 40: 6666 41: 3333 42: 3333
  DT  30: 2500 31: 2500 32: 2500 33: 2500 34: 2500 35: 2500 36: 2500 37: 2500 38: 2500 39: 2500 40: 2500 41:  833 42:  833
  NT  30: 6666 31: 5000 32: 5000 33: 5000 34: 5833 35: 5000 36: 4166 37: 5000 38: 5000 39: 5833 40: 3333 41: 1666 42:  833   [mono-viol x3]
  (10.114s)

hand 137: [10 32 40 53 63 65 66]
  P0  30: 5833 31: 5000 32: 5833 33: 5833 34: 5833 35: 4166 36: 3333 37: 2500 38: 2500 39: 2500 40: 1666 41: 2500 42:  833   [mono-viol x2]
  P1  30: 5833 31: 6666 32: 5833 33: 5833 34: 5833 35: 3333 36: 3333 37: 3333 38: 3333 39: 3333 40: 3333 41: 3333 42: 2500   [mono-viol x1]
  P2  30: 6666 31: 5833 32: 5833 33: 5833 34: 5833 35: 5000 36: 4166 37: 4166 38: 4166 39: 5000 40: 3333 41: 2500 42:  833   [mono-viol x1]
  P3  30:10000 31:10000 32:10000 33:10000 34:10000 35:10000 36:10000 37:10000 38:10000 39:10000 40:10000 41:10000 42: 3333
  P4  30: 4166 31: 4166 32: 4166 33: 4166 34: 4166 35: 3333 36: 2500 37: 2500 38: 2500 39: 2500 40:  833 41:  833 42:  833
  P5  30: 6666 31: 5000 32: 3333 33: 3333 34: 3333 35: 3333 36: 2500 37: 2500 38: 2500 39: 2500 40: 3333 41: 2500 42: 1666   [mono-viol x1]
  P6  30:10000 31:10000 32:10000 33:10000 34:10000 35:10000 36:10000 37: 8333 38: 8333 39: 8333 40: 8333 41: 7500 42: 5833
  DT  30: 7500 31: 7500 32: 5833 33: 5833 34: 6666 35: 5833 36: 5833 37: 4166 38: 4166 39: 4166 40: 4166 41: 3333 42: 3333   [mono-viol x1]
  NT  30:10000 31:10000 32: 9166 33: 9166 34: 9166 35:10000 36: 9166 37: 7500 38: 7500 39: 7500 40: 7500 41: 7500 42: 7500   [mono-viol x1]
  (12.994s)

hand 138: [21 30 40 41 44 50 51]
  P0  30:10000 31:10000 32:10000 33:10000 34:10000 35:10000 36:10000 37:10000 38:10000 39: 9166 40: 9166 41: 7500 42: 2500
  P1  30:10000 31:10000 32:10000 33:10000 34:10000 35:10000 36:10000 37: 9166 38: 9166 39: 9166 40: 9166 41: 6666 42: 2500
  P2  30: 7500 31: 7500 32: 8333 33: 8333 34: 6666 35: 5833 36: 5000 37: 4166 38: 4166 39: 4166 40: 3333 41: 1666 42:    0   [mono-viol x1]
  P3  30: 7500 31: 5833 32: 6666 33: 6666 34: 6666 35: 5833 36: 3333 37: 3333 38: 3333 39: 3333 40: 5000 41: 1666 42:    0   [mono-viol x2]
  P4  30: 8333 31: 8333 32: 8333 33: 8333 34: 7500 35: 7500 36: 6666 37: 5833 38: 5833 39: 5833 40: 5000 41: 5833 42: 3333   [mono-viol x1]
  P5  30: 5833 31: 4166 32: 4166 33: 4166 34: 4166 35: 4166 36: 4166 37: 4166 38: 4166 39: 4166 40: 4166 41: 2500 42: 2500
  P6  30: 5000 31: 5000 32: 5000 33: 5000 34: 5000 35: 5000 36: 4166 37: 5000 38: 5000 39: 4166 40: 4166 41: 2500 42:    0   [mono-viol x1]
  DT  30: 5833 31: 4166 32: 5000 33: 5000 34: 4166 35: 4166 36: 5000 37: 5000 38: 5000 39: 4166 40: 3333 41: 2500 42:    0   [mono-viol x2]
  NT  30: 8333 31: 7500 32: 7500 33: 7500 34: 7500 35: 7500 36: 7500 37: 6666 38: 6666 39: 6666 40: 4166 41: 5000 42: 3333   [mono-viol x1]
  (10.080s)

hand 139: [30 32 33 52 63 65 66]
  P0  30: 6666 31: 7500 32: 7500 33: 7500 34: 5833 35: 3333 36: 1666 37: 2500 38: 2500 39: 2500 40: 1666 41:  833 42:    0   [mono-viol x2]
  P1  30: 7500 31: 6666 32: 6666 33: 5833 34: 5000 35: 5000 36: 5000 37: 4166 38: 4166 39: 3333 40: 2500 41: 2500 42:  833
  P2  30:10000 31:10000 32:10000 33:10000 34:10000 35: 9166 36: 8333 37: 8333 38: 8333 39: 8333 40: 8333 41: 6666 42: 5833
  P3  30:10000 31:10000 32:10000 33:10000 34:10000 35:10000 36:10000 37:10000 38:10000 39:10000 40:10000 41:10000 42: 7500
  P4  30: 8333 31: 6666 32: 6666 33: 6666 34: 6666 35: 5833 36: 5833 37: 5000 38: 5000 39: 5000 40: 5000 41: 3333 42:  833
  P5  30: 8333 31: 6666 32: 1666 33: 1666 34: 1666 35: 1666 36: 1666 37: 1666 38: 1666 39: 1666 40: 1666 41: 1666 42: 1666
  P6  30:10000 31:10000 32:10000 33:10000 34:10000 35:10000 36:10000 37:10000 38:10000 39:10000 40:10000 41:10000 42: 8333
  DT  30: 9166 31: 9166 32: 9166 33: 9166 34: 9166 35: 7500 36: 6666 37: 5833 38: 5833 39: 5833 40: 5833 41: 5000 42: 2500
  NT  30:10000 31:10000 32:10000 33:10000 34:10000 35: 9166 36: 9166 37: 8333 38: 8333 39: 8333 40: 8333 41: 8333 42: 5833
  (18.893s)

hand 140: [10 30 31 32 42 43 63]
  P0  30: 5833 31: 6666 32: 6666 33: 6666 34: 6666 35: 5000 36: 5000 37: 4166 38: 4166 39: 2500 40: 1666 41:  833 42:    0   [mono-viol x1]
  P1  30: 5000 31: 5833 32: 5000 33: 5000 34: 4166 35: 4166 36: 3333 37: 3333 38: 3333 39: 2500 40: 2500 41: 2500 42:  833   [mono-viol x1]
  P2  30: 6666 31: 6666 32: 6666 33: 6666 34: 5833 35: 5833 36: 6666 37: 5833 38: 5000 39: 5000 40: 3333 41: 2500 42:    0   [mono-viol x1]
  P3  30:10000 31:10000 32:10000 33:10000 34:10000 35:10000 36:10000 37: 9166 38: 9166 39: 9166 40: 9166 41: 5833 42: 5000
  P4  30: 6666 31: 5000 32: 5000 33: 5000 34: 4166 35: 4166 36: 3333 37: 3333 38: 3333 39: 3333 40: 1666 41: 1666 42:  833
  P5  30: 4166 31: 3333 32: 4166 33: 4166 34: 3333 35: 3333 36: 2500 37: 2500 38: 2500 39: 2500 40: 2500 41: 2500 42: 1666   [mono-viol x1]
  P6  30: 6666 31: 5833 32: 6666 33: 6666 34: 6666 35: 5000 36: 3333 37: 2500 38: 2500 39: 2500 40: 2500 41: 1666 42:    0   [mono-viol x1]
  DT  30: 4166 31: 5000 32: 5000 33: 5000 34: 4166 35: 4166 36: 2500 37: 3333 38: 3333 39: 4166 40: 4166 41: 2500 42:  833   [mono-viol x3]
  NT  30: 5833 31: 6666 32: 6666 33: 6666 34: 6666 35: 5000 36: 4166 37: 4166 38: 4166 39: 4166 40: 3333 41: 2500 42: 2500   [mono-viol x1]
  (13.895s)

hand 141: [32 41 44 50 52 55 63]
  P0  30: 5833 31: 6666 32: 5833 33: 5833 34: 5833 35: 5000 36: 3333 37: 3333 38: 3333 39: 3333 40: 2500 41: 2500 42:  833   [mono-viol x1]
  P1  30: 5833 31: 5833 32: 5833 33: 5833 34: 5833 35: 5000 36: 4166 37: 3333 38: 3333 39: 3333 40: 3333 41: 3333 42: 2500
  P2  30: 5000 31: 5000 32: 5833 33: 5833 34: 5833 35: 5833 36: 5000 37: 3333 38: 3333 39: 3333 40: 3333 41: 3333 42: 1666   [mono-viol x1]
  P3  30: 9166 31: 8333 32: 9166 33: 9166 34: 9166 35: 9166 36: 6666 37: 5000 38: 5000 39: 5000 40: 5833 41: 4166 42: 1666   [mono-viol x2]
  P4  30: 8333 31: 7500 32: 6666 33: 6666 34: 5833 35: 5833 36: 5000 37: 3333 38: 3333 39: 3333 40: 3333 41: 3333 42: 2500
  P5  30:10000 31:10000 32:10000 33:10000 34:10000 35: 8333 36: 8333 37: 8333 38: 8333 39: 8333 40: 8333 41: 5833 42: 3333
  P6  30: 6666 31: 5833 32: 6666 33: 6666 34: 6666 35: 6666 36: 5000 37: 5000 38: 5000 39: 5000 40: 5000 41: 5000 42:  833   [mono-viol x1]
  DT  30: 8333 31: 8333 32: 7500 33: 7500 34: 7500 35: 5000 36: 5000 37: 5000 38: 5000 39: 5000 40: 5000 41: 5000 42:  833
  NT  30: 8333 31: 8333 32: 9166 33: 9166 34: 8333 35: 7500 36: 6666 37: 6666 38: 6666 39: 6666 40: 5833 41: 6666 42: 3333   [mono-viol x2]
  (11.904s)

hand 142: [00 22 40 42 51 52 60]
  P0  30:10000 31:10000 32: 9166 33: 9166 34:10000 35: 9166 36:10000 37: 9166 38: 9166 39: 9166 40: 8333 41: 8333 42: 4166   [mono-viol x2]
  P1  30: 6666 31: 5000 32: 5833 33: 5833 34: 5000 35: 4166 36: 4166 37: 3333 38: 3333 39: 3333 40: 3333 41: 1666 42:  833   [mono-viol x1]
  P2  30:10000 31:10000 32:10000 33:10000 34:10000 35:10000 36:10000 37:10000 38:10000 39:10000 40:10000 41: 7500 42: 4166
  P3  30: 6666 31: 5000 32: 5000 33: 4166 34: 3333 35: 3333 36: 3333 37: 2500 38: 2500 39: 2500 40: 2500 41: 1666 42:    0
  P4  30: 7500 31: 5833 32: 5833 33: 5833 34: 5833 35: 5833 36: 5833 37: 5000 38: 5000 39: 5000 40: 5000 41: 3333 42: 1666
  P5  30: 5000 31: 1666 32: 1666 33: 1666 34: 1666 35: 1666 36: 1666 37: 1666 38: 1666 39: 1666 40: 1666 41: 1666 42:  833
  P6  30: 5000 31: 5000 32: 5000 33: 5000 34: 5000 35: 3333 36: 3333 37: 3333 38: 3333 39: 3333 40: 2500 41: 1666 42:  833
  DT  30: 3333 31: 2500 32: 2500 33: 2500 34: 1666 35: 1666 36: 1666 37: 1666 38: 1666 39: 1666 40:  833 41: 1666 42:    0   [mono-viol x1]
  NT  30: 8333 31: 8333 32: 6666 33: 6666 34: 8333 35: 5833 36: 5833 37: 6666 38: 6666 39: 6666 40: 6666 41: 5000 42: 2500   [mono-viol x2]
  (11.827s)

hand 143: [00 10 20 32 41 54 55]
  P0  30:10000 31:10000 32:10000 33:10000 34:10000 35:10000 36: 9166 37: 8333 38: 8333 39: 8333 40: 8333 41: 8333 42: 5000
  P1  30: 7500 31: 7500 32: 8333 33: 8333 34: 8333 35: 7500 36: 6666 37: 6666 38: 6666 39: 6666 40: 5833 41: 1666 42:    0   [mono-viol x1]
  P2  30:10000 31:10000 32:10000 33:10000 34:10000 35: 8333 36: 8333 37: 8333 38: 8333 39: 8333 40: 8333 41: 5000 42: 2500
  P3  30: 9166 31: 9166 32: 9166 33: 9166 34: 7500 35: 8333 36: 6666 37: 7500 38: 7500 39: 5833 40: 3333 41: 1666 42:    0   [mono-viol x2]
  P4  30: 5833 31: 5000 32: 5000 33: 5000 34: 5000 35: 5000 36: 5000 37: 5000 38: 5000 39: 5000 40: 5000 41: 3333 42: 2500
  P5  30:10000 31:10000 32:10000 33:10000 34:10000 35:10000 36:10000 37: 9166 38: 9166 39: 9166 40: 9166 41: 8333 42: 5000
  P6  30: 8333 31: 7500 32: 7500 33: 7500 34: 7500 35: 7500 36: 7500 37: 7500 38: 7500 39: 7500 40: 6666 41: 5833 42:  833
  DT  30: 9166 31: 8333 32: 8333 33: 8333 34: 8333 35: 8333 36: 6666 37: 6666 38: 6666 39: 6666 40: 5000 41: 3333 42:  833
  NT  30:10000 31:10000 32:10000 33:10000 34:10000 35:10000 36: 9166 37: 8333 38: 8333 39: 8333 40: 8333 41: 7500 42: 6666
  (9.798s)

hand 144: [00 30 52 62 64 65 66]
  P0  30: 9166 31:10000 32:10000 33:10000 34: 8333 35: 9166 36: 7500 37: 7500 38: 7500 39: 7500 40: 6666 41: 6666 42: 4166   [mono-viol x2]
  P1  30: 8333 31: 7500 32: 7500 33: 7500 34: 6666 35: 5000 36: 4166 37: 4166 38: 4166 39: 5000 40: 4166 41: 3333 42: 1666   [mono-viol x1]
  P2  30:10000 31: 9166 32: 9166 33: 9166 34: 9166 35:10000 36: 9166 37: 9166 38: 9166 39: 9166 40: 7500 41: 6666 42: 3333   [mono-viol x1]
  P3  30: 8333 31: 7500 32: 7500 33: 7500 34: 6666 35: 5000 36: 4166 37: 5000 38: 5000 39: 5000 40: 3333 41: 1666 42:  833   [mono-viol x1]
  P4  30: 8333 31: 8333 32: 7500 33: 7500 34: 7500 35: 7500 36: 6666 37: 7500 38: 7500 39: 6666 40: 5833 41: 5000 42: 2500   [mono-viol x1]
  P5  30: 9166 31: 8333 32: 3333 33: 3333 34: 3333 35: 3333 36: 3333 37: 3333 38: 3333 39: 3333 40: 3333 41: 3333 42: 3333
  P6  30:10000 31:10000 32:10000 33:10000 34:10000 35:10000 36:10000 37:10000 38:10000 39:10000 40:10000 41:10000 42: 8333
  DT  30:10000 31:10000 32:10000 33:10000 34: 9166 35: 9166 36:10000 37: 8333 38: 8333 39: 8333 40: 8333 41: 8333 42: 5000   [mono-viol x1]
  NT  30:10000 31:10000 32:10000 33:10000 34:10000 35:10000 36:10000 37:10000 38:10000 39:10000 40:10000 41:10000 42: 8333
  (19.072s)

hand 145: [11 30 43 53 55 61 66]
  P0  30: 9166 31: 9166 32: 8333 33: 8333 34: 6666 35: 5833 36: 5000 37: 5000 38: 5000 39: 5000 40: 5000 41: 4166 42: 2500
  P1  30:10000 31:10000 32:10000 33:10000 34:10000 35:10000 36:10000 37:10000 38:10000 39:10000 40: 9166 41: 7500 42: 4166
  P2  30: 7500 31: 8333 32: 8333 33: 7500 34: 6666 35: 5833 36: 5000 37: 5000 38: 5000 39: 4166 40: 4166 41: 1666 42:    0   [mono-viol x1]
  P3  30:10000 31:10000 32:10000 33:10000 34:10000 35:10000 36:10000 37:10000 38:10000 39: 9166 40: 9166 41: 6666 42: 4166
  P4  30: 7500 31: 5833 32: 5000 33: 5000 34: 5000 35: 5000 36: 5000 37: 5000 38: 5000 39: 5000 40: 5000 41: 4166 42: 2500
  P5  30:10000 31:10000 32:10000 33:10000 34:10000 35:10000 36:10000 37:10000 38:10000 39:10000 40:10000 41: 9166 42: 5833
  P6  30:10000 31:10000 32:10000 33:10000 34:10000 35:10000 36: 9166 37: 9166 38: 9166 39: 8333 40: 8333 41: 8333 42: 5000
  DT  30:10000 31:10000 32:10000 33:10000 34:10000 35:10000 36:10000 37:10000 38:10000 39:10000 40:10000 41: 9166 42: 4166
  NT  30:10000 31:10000 32:10000 33:10000 34:10000 35:10000 36:10000 37:10000 38:10000 39:10000 40:10000 41:10000 42: 8333
  (10.497s)

hand 146: [40 41 50 52 55 61 62]
  P0  30:10000 31: 8333 32: 8333 33: 8333 34: 7500 35: 6666 36: 5833 37: 5833 38: 5833 39: 5833 40: 5000 41: 5000 42: 1666
  P1  30: 8333 31: 8333 32: 7500 33: 7500 34: 7500 35: 6666 36: 6666 37: 6666 38: 6666 39: 6666 40: 6666 41: 5833 42: 1666
  P2  30: 9166 31: 8333 32: 7500 33: 8333 34: 7500 35: 5000 36: 4166 37: 4166 38: 4166 39: 4166 40: 5833 41: 2500 42:  833   [mono-viol x2]
  P3  30: 6666 31: 5833 32: 5000 33: 5000 34: 5000 35: 4166 36: 3333 37: 3333 38: 3333 39: 3333 40: 4166 41: 2500 42: 1666   [mono-viol x1]
  P4  30: 5833 31: 5000 32: 3333 33: 3333 34: 3333 35: 2500 36: 2500 37: 2500 38: 2500 39: 1666 40: 1666 41:  833 42:    0
  P5  30: 8333 31: 8333 32: 8333 33: 8333 34: 7500 35: 6666 36: 5833 37: 7500 38: 7500 39: 7500 40: 6666 41: 5833 42: 3333   [mono-viol x1]
  P6  30: 4166 31: 4166 32: 4166 33: 4166 34: 4166 35: 3333 36: 3333 37: 3333 38: 3333 39: 3333 40: 2500 41: 1666 42:  833
  DT  30: 5000 31: 5000 32: 5000 33: 5000 34: 5833 35: 4166 36: 3333 37: 3333 38: 3333 39: 3333 40: 1666 41:    0 42:    0   [mono-viol x1]
  NT  30: 7500 31: 7500 32: 5833 33: 5833 34: 5833 35: 5833 36: 5000 37: 5000 38: 5000 39: 5000 40: 4166 41: 3333 42: 1666
  (9.638s)

hand 147: [21 33 42 51 53 62 66]
  P0  30: 9166 31: 8333 32: 8333 33: 8333 34: 7500 35: 6666 36: 5000 37: 5833 38: 5833 39: 5000 40: 5000 41: 2500 42:  833   [mono-viol x1]
  P1  30:10000 31: 8333 32: 8333 33: 7500 34: 6666 35: 5833 36: 5000 37: 5000 38: 5000 39: 5000 40: 4166 41: 5000 42:  833   [mono-viol x1]
  P2  30:10000 31: 9166 32: 9166 33: 9166 34: 9166 35: 9166 36: 9166 37: 8333 38: 8333 39: 8333 40: 7500 41: 4166 42:  833
  P3  30:10000 31: 9166 32: 8333 33: 8333 34: 8333 35: 8333 36: 9166 37: 7500 38: 7500 39: 7500 40: 7500 41: 6666 42: 5833   [mono-viol x1]
  P4  30: 6666 31: 5000 32: 4166 33: 4166 34: 4166 35: 5000 36: 5000 37: 4166 38: 4166 39: 4166 40: 3333 41: 4166 42: 2500   [mono-viol x2]
  P5  30: 9166 31: 5833 32: 4166 33: 4166 34: 4166 35: 3333 36: 4166 37: 3333 38: 3333 39: 3333 40: 3333 41: 3333 42: 1666   [mono-viol x1]
  P6  30: 9166 31: 9166 32: 9166 33: 9166 34: 8333 35: 7500 36: 7500 37: 5833 38: 5833 39: 5833 40: 5833 41: 4166 42: 1666
  DT  30: 7500 31: 6666 32: 7500 33: 6666 34: 6666 35: 6666 36: 5000 37: 5000 38: 5000 39: 5000 40: 5000 41: 2500 42: 2500   [mono-viol x1]
  NT  30: 9166 31: 9166 32: 9166 33: 9166 34: 9166 35: 8333 36: 6666 37: 7500 38: 7500 39: 7500 40: 8333 41: 6666 42: 5833   [mono-viol x2]
  (13.008s)

hand 148: [20 33 42 43 44 51 61]
  P0  30: 5833 31: 5000 32: 5000 33: 5000 34: 5000 35: 5000 36: 4166 37: 4166 38: 4166 39: 4166 40: 3333 41: 2500 42: 1666
  P1  30:10000 31: 9166 32: 9166 33: 9166 34: 9166 35:10000 36: 8333 37: 7500 38: 7500 39: 7500 40: 8333 41: 8333 42: 3333   [mono-viol x2]
  P2  30: 7500 31: 7500 32: 7500 33: 7500 34: 7500 35: 6666 36: 5833 37: 6666 38: 6666 39: 6666 40: 5833 41: 3333 42: 1666   [mono-viol x1]
  P3  30: 9166 31:10000 32:10000 33:10000 34: 9166 35: 6666 36: 9166 37: 6666 38: 6666 39: 6666 40: 5833 41: 5000 42: 3333   [mono-viol x2]
  P4  30:10000 31:10000 32: 9166 33: 9166 34: 9166 35: 9166 36: 9166 37: 8333 38: 8333 39: 8333 40: 9166 41: 7500 42: 5000   [mono-viol x1]
  P5  30: 5000 31: 2500 32: 1666 33: 1666 34: 1666 35: 1666 36: 1666 37: 1666 38: 1666 39: 1666 40: 1666 41: 1666 42:  833
  P6  30: 7500 31: 8333 32: 7500 33: 7500 34: 7500 35: 7500 36: 5833 37: 4166 38: 4166 39: 4166 40: 4166 41: 3333 42:  833   [mono-viol x1]
  DT  30: 7500 31: 5000 32: 5000 33: 5000 34: 5000 35: 4166 36: 3333 37: 3333 38: 3333 39: 3333 40: 2500 41: 1666 42:    0
  NT  30:10000 31: 9166 32:10000 33:10000 34:10000 35:10000 36:10000 37: 7500 38: 7500 39: 8333 40: 7500 41: 8333 42: 6666   [mono-viol x3]
  (10.767s)

hand 149: [00 30 31 32 41 42 53]
  P0  30: 7500 31: 6666 32: 6666 33: 6666 34: 6666 35: 6666 36: 5833 37: 5833 38: 5833 39: 5833 40: 5000 41: 2500 42:  833
  P1  30: 8333 31: 8333 32: 7500 33: 7500 34: 7500 35: 5000 36: 6666 37: 6666 38: 6666 39: 6666 40: 4166 41: 1666 42:    0   [mono-viol x1]
  P2  30: 7500 31: 5833 32: 5833 33: 5833 34: 5833 35: 5000 36: 5833 37: 5833 38: 5833 39: 5000 40: 5000 41: 1666 42:    0   [mono-viol x1]
  P3  30:10000 31:10000 32:10000 33:10000 34: 9166 35: 8333 36: 8333 37: 8333 38: 8333 39: 8333 40: 8333 41: 4166 42: 1666
  P4  30: 6666 31: 5833 32: 5833 33: 5833 34: 5833 35: 5000 36: 5000 37: 5000 38: 5000 39: 5000 40: 5833 41: 3333 42: 1666   [mono-viol x1]
  P5  30: 3333 31: 2500 32: 2500 33: 2500 34: 2500 35: 2500 36: 2500 37: 2500 38: 2500 39: 2500 40: 2500 41: 1666 42:  833
  P6  30: 5000 31: 5833 32: 5000 33: 5000 34: 5000 35: 5000 36: 5000 37: 4166 38: 4166 39: 4166 40: 4166 41: 2500 42: 1666   [mono-viol x1]
  DT  30: 4166 31: 2500 32: 2500 33: 2500 34: 2500 35: 2500 36: 2500 37: 2500 38: 2500 39: 2500 40: 2500 41: 1666 42:    0
  NT  30: 5000 31: 5000 32: 5000 33: 5000 34: 5000 35: 5000 36: 4166 37: 4166 38: 4166 39: 4166 40: 3333 41: 3333 42: 2500
  (11.770s)

hand 150: [21 32 40 51 54 55 62]
  P0  30: 8333 31: 6666 32: 5833 33: 5833 34: 5833 35: 6666 36: 5000 37: 5000 38: 5000 39: 5000 40: 5000 41: 5833 42:  833   [mono-viol x2]
  P1  30: 7500 31: 8333 32: 7500 33: 6666 34: 5833 35: 5000 36: 5000 37: 5000 38: 5000 39: 5000 40: 3333 41: 2500 42:  833   [mono-viol x1]
  P2  30: 9166 31:10000 32:10000 33:10000 34:10000 35:10000 36: 9166 37: 8333 38: 8333 39: 9166 40: 9166 41: 7500 42: 2500   [mono-viol x2]
  P3  30: 4166 31: 4166 32: 5000 33: 4166 34: 2500 35: 2500 36: 1666 37: 1666 38: 1666 39: 1666 40:  833 41:  833 42:    0   [mono-viol x1]
  P4  30: 7500 31: 7500 32: 6666 33: 6666 34: 6666 35: 6666 36: 6666 37: 5833 38: 5833 39: 5833 40: 6666 41: 5833 42: 3333   [mono-viol x1]
  P5  30:10000 31:10000 32:10000 33:10000 34: 9166 35: 9166 36: 9166 37: 9166 38: 9166 39:10000 40: 9166 41: 7500 42: 5833   [mono-viol x1]
  P6  30: 5000 31: 4166 32: 4166 33: 4166 34: 4166 35: 3333 36: 3333 37: 3333 38: 3333 39: 3333 40: 2500 41: 2500 42:  833
  DT  30: 7500 31: 6666 32: 6666 33: 6666 34: 6666 35: 5000 36: 5000 37: 4166 38: 4166 39: 4166 40: 4166 41: 4166 42: 2500
  NT  30:10000 31: 8333 32: 8333 33: 8333 34: 9166 35: 8333 36: 7500 37: 7500 38: 7500 39: 7500 40: 7500 41: 5833 42: 4166   [mono-viol x1]
  (9.746s)

hand 151: [11 22 41 50 52 60 66]
  P0  30:10000 31:10000 32: 9166 33: 9166 34: 9166 35: 8333 36: 7500 37: 7500 38: 7500 39: 7500 40: 7500 41: 6666 42: 4166
  P1  30: 9166 31: 8333 32: 8333 33: 8333 34: 8333 35: 8333 36: 5833 37: 6666 38: 6666 39: 6666 40: 6666 41: 5833 42: 3333   [mono-viol x1]
  P2  30:10000 31: 9166 32: 9166 33: 9166 34: 9166 35: 8333 36: 7500 37: 6666 38: 6666 39: 6666 40: 6666 41: 7500 42: 5000   [mono-viol x1]
  P3  30: 6666 31: 6666 32: 5833 33: 5833 34: 5000 35: 4166 36: 4166 37: 4166 38: 4166 39: 4166 40: 3333 41: 4166 42:  833   [mono-viol x1]
  P4  30: 7500 31: 7500 32: 6666 33: 6666 34: 6666 35: 6666 36: 5000 37: 5000 38: 5000 39: 5000 40: 4166 41: 3333 42:    0
  P5  30: 6666 31: 5000 32: 3333 33: 3333 34: 3333 35: 3333 36: 3333 37: 3333 38: 3333 39: 3333 40: 3333 41: 2500 42: 1666
  P6  30: 9166 31: 9166 32: 9166 33: 9166 34: 9166 35: 9166 36: 8333 37: 7500 38: 7500 39: 8333 40: 8333 41: 7500 42: 4166   [mono-viol x1]
  DT  30: 8333 31: 8333 32: 8333 33: 8333 34: 8333 35: 8333 36: 7500 37: 5833 38: 6666 39: 6666 40: 4166 41: 3333 42:  833   [mono-viol x1]
  NT  30:10000 31:10000 32: 9166 33: 9166 34: 9166 35: 9166 36:10000 37: 8333 38: 8333 39: 8333 40: 8333 41: 7500 42: 5833   [mono-viol x1]
  (16.074s)

hand 152: [20 21 30 40 41 52 61]
  P0  30: 7500 31: 6666 32: 6666 33: 6666 34: 6666 35: 5000 36: 3333 37: 2500 38: 2500 39: 2500 40: 2500 41: 1666 42:  833
  P1  30: 9166 31: 9166 32: 9166 33: 9166 34: 9166 35: 8333 36: 6666 37: 5833 38: 5833 39: 5833 40: 5833 41: 4166 42: 3333
  P2  30: 8333 31: 7500 32: 8333 33: 8333 34: 7500 35: 7500 36: 5000 37: 4166 38: 4166 39: 4166 40: 4166 41: 2500 42:  833   [mono-viol x1]
  P3  30: 1666 31: 2500 32: 2500 33: 2500 34: 2500 35: 1666 36: 1666 37: 1666 38: 1666 39: 1666 40: 1666 41:  833 42:  833   [mono-viol x1]
  P4  30: 4166 31: 2500 32: 3333 33: 3333 34: 3333 35: 1666 36: 2500 37:  833 38:  833 39:  833 40:  833 41:  833 42:    0   [mono-viol x2]
  P5  30: 5000 31: 4166 32: 3333 33: 3333 34: 3333 35: 3333 36: 2500 37: 2500 38: 2500 39: 2500 40: 1666 41: 1666 42: 1666
  P6  30: 2500 31: 3333 32: 3333 33: 3333 34: 3333 35:  833 36: 1666 37:  833 38:  833 39: 1666 40: 1666 41:  833 42:    0   [mono-viol x3]
  DT  30: 5833 31: 5833 32: 5833 33: 5833 34: 5000 35: 4166 36: 3333 37: 2500 38: 2500 39: 2500 40: 1666 41: 1666 42: 1666
  NT  30: 5000 31: 4166 32: 5000 33: 5000 34: 5000 35: 3333 36: 4166 37: 2500 38: 2500 39: 2500 40: 1666 41: 2500 42:  833   [mono-viol x3]
  (8.286s)

hand 153: [22 41 42 44 51 54 66]
  P0  30: 3333 31: 2500 32: 2500 33: 2500 34: 1666 35: 1666 36: 1666 37: 1666 38: 1666 39: 1666 40: 1666 41:  833 42:    0
  P1  30:10000 31: 9166 32: 9166 33: 9166 34: 9166 35: 9166 36: 9166 37:10000 38:10000 39:10000 40: 8333 41: 7500 42: 2500   [mono-viol x1]
  P2  30:10000 31: 9166 32: 9166 33: 9166 34: 9166 35: 8333 36: 7500 37: 8333 38: 8333 39: 8333 40: 7500 41: 8333 42: 5833   [mono-viol x2]
  P3  30: 8333 31: 8333 32: 9166 33: 9166 34: 9166 35: 7500 36: 6666 37: 6666 38: 6666 39: 6666 40: 6666 41: 4166 42:    0   [mono-viol x1]
  P4  30:10000 31:10000 32: 9166 33: 9166 34: 9166 35: 9166 36: 9166 37:10000 38:10000 39:10000 40:10000 41:10000 42:10000   [mono-viol x1]
  P5  30: 7500 31: 6666 32: 2500 33: 2500 34: 2500 35: 2500 36: 2500 37: 2500 38: 2500 39: 2500 40: 2500 41: 2500 42: 2500
  P6  30:10000 31:10000 32: 9166 33: 9166 34: 9166 35: 9166 36: 9166 37: 7500 38: 7500 39: 7500 40: 7500 41: 5833 42: 3333
  DT  30:10000 31: 9166 32: 8333 33: 8333 34: 8333 35: 8333 36: 7500 37: 6666 38: 6666 39: 6666 40: 6666 41: 5833 42: 2500
  NT  30:10000 31:10000 32: 8333 33: 8333 34: 8333 35: 9166 36: 8333 37: 8333 38: 8333 39: 8333 40: 7500 41: 7500 42: 7500   [mono-viol x1]
  (14.998s)

hand 154: [11 22 30 51 52 53 60]
  P0  30: 8333 31: 6666 32: 5833 33: 5833 34: 5833 35: 5833 36: 5833 37: 5833 38: 5833 39: 5833 40: 5833 41: 4166 42: 1666
  P1  30: 9166 31: 9166 32: 9166 33: 9166 34: 9166 35: 8333 36: 7500 37: 7500 38: 7500 39: 6666 40: 5833 41: 6666 42: 3333   [mono-viol x1]
  P2  30:10000 31: 8333 32: 8333 33: 8333 34: 8333 35: 7500 36: 6666 37: 6666 38: 6666 39: 6666 40: 6666 41: 5833 42: 3333
  P3  30: 9166 31: 9166 32: 8333 33: 8333 34: 7500 35: 7500 36: 7500 37: 5833 38: 5833 39: 5833 40: 5000 41: 3333 42: 2500
  P4  30: 5000 31: 5833 32: 5833 33: 5833 34: 5000 35: 4166 36: 5000 37: 3333 38: 3333 39: 3333 40: 3333 41: 2500 42:  833   [mono-viol x2]
  P5  30: 6666 31: 5000 32: 2500 33: 2500 34: 2500 35: 2500 36: 2500 37: 2500 38: 2500 39: 2500 40: 2500 41: 2500 42: 1666
  P6  30: 5000 31: 5000 32: 5000 33: 5000 34: 5000 35: 5833 36: 5000 37: 5000 38: 5000 39: 5000 40: 5000 41: 1666 42:  833   [mono-viol x1]
  DT  30: 4166 31: 3333 32: 3333 33: 3333 34: 3333 35: 3333 36: 1666 37: 1666 38: 1666 39: 1666 40: 1666 41:  833 42:    0
  NT  30: 6666 31: 6666 32: 5833 33: 5833 34: 5833 35: 7500 36: 5000 37: 4166 38: 4166 39: 4166 40: 4166 41: 4166 42: 2500   [mono-viol x1]
  (11.341s)

hand 155: [10 11 33 40 54 64 66]
  P0  30: 8333 31: 8333 32: 8333 33: 7500 34: 7500 35: 6666 36: 4166 37: 4166 38: 4166 39: 4166 40: 3333 41: 2500 42: 1666
  P1  30:10000 31:10000 32:10000 33:10000 34: 9166 35: 9166 36: 7500 37: 7500 38: 7500 39: 7500 40: 5833 41: 4166 42: 2500
  P2  30: 8333 31: 7500 32: 7500 33: 8333 34: 6666 35: 6666 36: 5000 37: 5833 38: 5833 39: 5833 40: 5833 41: 3333 42: 1666   [mono-viol x2]
  P3  30:10000 31: 9166 32:10000 33:10000 34: 9166 35: 8333 36: 7500 37: 7500 38: 7500 39: 7500 40: 7500 41: 5833 42: 4166   [mono-viol x1]
  P4  30:10000 31:10000 32:10000 33:10000 34:10000 35:10000 36:10000 37:10000 38:10000 39:10000 40:10000 41: 9166 42: 2500
  P5  30:10000 31: 8333 32: 4166 33: 4166 34: 4166 35: 4166 36: 4166 37: 4166 38: 4166 39: 4166 40: 4166 41: 4166 42: 3333
  P6  30:10000 31:10000 32:10000 33:10000 34:10000 35:10000 36:10000 37:10000 38:10000 39:10000 40:10000 41:10000 42: 5000
  DT  30:10000 31:10000 32:10000 33:10000 34:10000 35:10000 36: 8333 37: 6666 38: 6666 39: 6666 40: 7500 41: 6666 42: 4166   [mono-viol x1]
  NT  30:10000 31:10000 32:10000 33:10000 34:10000 35:10000 36:10000 37:10000 38:10000 39:10000 40:10000 41:10000 42: 9166
  (10.962s)

hand 156: [00 21 42 44 50 55 63]
  P0  30:10000 31:10000 32:10000 33:10000 34:10000 35:10000 36:10000 37:10000 38:10000 39:10000 40: 9166 41: 6666 42: 3333
  P1  30: 6666 31: 5833 32: 5833 33: 5833 34: 6666 35: 5000 36: 5000 37: 4166 38: 4166 39: 4166 40: 4166 41: 3333 42: 1666   [mono-viol x1]
  P2  30: 9166 31: 9166 32: 9166 33: 9166 34: 8333 35: 6666 36: 5000 37: 5833 38: 5833 39: 5833 40: 5000 41: 2500 42: 1666   [mono-viol x1]
  P3  30: 8333 31: 7500 32: 7500 33: 7500 34: 7500 35: 6666 36: 6666 37: 6666 38: 6666 39: 6666 40: 5833 41: 3333 42: 1666
  P4  30:10000 31:10000 32:10000 33:10000 34:10000 35:10000 36:10000 37: 9166 38: 9166 39: 9166 40: 8333 41: 9166 42: 5833   [mono-viol x1]
  P5  30:10000 31:10000 32:10000 33:10000 34:10000 35:10000 36: 9166 37:10000 38:10000 39:10000 40:10000 41: 7500 42: 5833   [mono-viol x1]
  P6  30: 8333 31: 8333 32: 7500 33: 7500 34: 6666 35: 6666 36: 5833 37: 6666 38: 6666 39: 6666 40: 6666 41: 3333 42: 1666   [mono-viol x1]
  DT  30:10000 31: 9166 32: 9166 33: 9166 34: 9166 35: 7500 36: 7500 37: 6666 38: 6666 39: 5833 40: 5833 41: 5000 42: 1666
  NT  30:10000 31:10000 32:10000 33:10000 34:10000 35: 9166 36: 9166 37: 8333 38: 8333 39: 7500 40: 7500 41: 7500 42: 6666
  (10.273s)

hand 157: [11 20 31 43 54 61 62]
  P0  30: 4166 31: 4166 32: 5000 33: 5000 34: 5000 35: 3333 36: 2500 37: 2500 38: 2500 39: 2500 40: 2500 41: 2500 42: 1666   [mono-viol x1]
  P1  30:10000 31:10000 32:10000 33:10000 34:10000 35:10000 36:10000 37: 9166 38: 9166 39: 9166 40: 9166 41: 8333 42: 9166   [mono-viol x1]
  P2  30: 7500 31: 7500 32: 7500 33: 7500 34: 8333 35: 5833 36: 5000 37: 4166 38: 4166 39: 4166 40: 4166 41: 4166 42:  833   [mono-viol x1]
  P3  30: 5833 31: 5000 32: 5000 33: 5000 34: 5000 35: 3333 36: 2500 37: 2500 38: 2500 39: 1666 40: 1666 41: 1666 42:    0
  P4  30: 7500 31: 6666 32: 6666 33: 6666 34: 6666 35: 6666 36: 5000 37: 5833 38: 5833 39: 5833 40: 5000 41: 4166 42:  833   [mono-viol x1]
  P5  30: 4166 31: 3333 32: 2500 33: 2500 34: 2500 35: 2500 36: 2500 37: 2500 38: 2500 39: 2500 40: 2500 41: 2500 42: 1666
  P6  30: 6666 31: 6666 32: 5833 33: 5833 34: 5000 35: 5833 36: 5000 37: 5000 38: 5000 39: 5000 40: 4166 41: 2500 42:  833   [mono-viol x1]
  DT  30: 4166 31: 4166 32: 4166 33: 4166 34: 4166 35: 3333 36: 2500 37: 2500 38: 2500 39: 2500 40: 3333 41:  833 42:    0   [mono-viol x1]
  NT  30: 5833 31: 5000 32: 5000 33: 5000 34: 5000 35: 5000 36: 5000 37: 4166 38: 4166 39: 4166 40: 4166 41: 4166 42: 2500
  (10.421s)

hand 158: [00 32 40 41 53 55 63]
  P0  30:10000 31: 9166 32:10000 33:10000 34:10000 35: 9166 36: 9166 37: 7500 38: 7500 39: 7500 40: 8333 41: 7500 42: 7500   [mono-viol x2]
  P1  30: 7500 31: 7500 32: 7500 33: 7500 34: 7500 35: 6666 36: 6666 37: 6666 38: 6666 39: 6666 40: 5833 41: 3333 42: 1666
  P2  30: 5000 31: 5000 32: 5000 33: 5000 34: 5000 35: 5000 36: 5000 37: 5000 38: 5000 39: 5000 40: 5000 41: 2500 42:  833
  P3  30:10000 31:10000 32:10000 33:10000 34:10000 35:10000 36: 8333 37: 9166 38: 9166 39: 8333 40: 9166 41: 7500 42: 4166   [mono-viol x2]
  P4  30: 5000 31: 5000 32: 5000 33: 5000 34: 5833 35: 4166 36: 4166 37: 3333 38: 3333 39: 4166 40: 3333 41: 3333 42: 1666   [mono-viol x2]
  P5  30:10000 31:10000 32:10000 33:10000 34:10000 35: 9166 36: 8333 37: 8333 38: 8333 39: 8333 40: 9166 41: 7500 42: 3333   [mono-viol x1]
  P6  30: 7500 31: 6666 32: 6666 33: 6666 34: 6666 35: 5833 36: 5000 37: 5833 38: 5833 39: 4166 40: 4166 41: 4166 42:  833   [mono-viol x1]
  DT  30: 7500 31: 7500 32: 7500 33: 7500 34: 7500 35: 6666 36: 5000 37: 5000 38: 5000 39: 5000 40: 5000 41: 2500 42:  833
  NT  30: 9166 31:10000 32:10000 33:10000 34: 9166 35: 9166 36: 8333 37: 8333 38: 8333 39: 8333 40: 8333 41: 8333 42: 6666   [mono-viol x1]
  (11.552s)

hand 159: [30 33 44 50 54 61 62]
  P0  30: 8333 31: 8333 32: 8333 33: 8333 34: 9166 35: 6666 36: 5000 37: 5833 38: 5833 39: 5833 40: 5833 41: 4166 42:  833   [mono-viol x2]
  P1  30: 7500 31: 7500 32: 7500 33: 7500 34: 7500 35: 5833 36: 5000 37: 4166 38: 4166 39: 5000 40: 4166 41: 4166 42: 2500   [mono-viol x1]
  P2  30: 7500 31: 6666 32: 6666 33: 6666 34: 6666 35: 6666 36: 5833 37: 5000 38: 5000 39: 5000 40: 5000 41: 5000 42: 1666
  P3  30: 9166 31: 8333 32: 9166 33: 9166 34: 9166 35: 7500 36: 7500 37: 6666 38: 6666 39: 6666 40: 5833 41: 5000 42: 1666   [mono-viol x1]
  P4  30: 9166 31: 8333 32: 9166 33: 9166 34: 9166 35: 9166 36: 8333 37: 8333 38: 8333 39: 8333 40: 7500 41: 6666 42: 5000   [mono-viol x1]
  P5  30: 8333 31: 6666 32: 5000 33: 5000 34: 5000 35: 5000 36: 5000 37: 5000 38: 5000 39: 5000 40: 5000 41: 5000 42: 4166
  P6  30: 7500 31: 7500 32: 7500 33: 7500 34: 7500 35: 6666 36: 6666 37: 6666 38: 6666 39: 6666 40: 6666 41: 6666 42: 2500
  DT  30: 8333 31: 6666 32: 5833 33: 5833 34: 5833 35: 5000 36: 5000 37: 4166 38: 4166 39: 4166 40: 4166 41: 2500 42: 1666
  NT  30:10000 31:10000 32:10000 33:10000 34:10000 35:10000 36: 8333 37: 9166 38: 9166 39: 9166 40: 9166 41: 9166 42: 6666   [mono-viol x1]
  (13.526s)

hand 160: [00 11 21 22 62 63 65]
  P0  30: 5833 31: 5833 32: 5000 33: 5000 34: 5833 35: 5833 36: 4166 37: 4166 38: 4166 39: 4166 40: 5000 41: 3333 42:  833   [mono-viol x2]
  P1  30:10000 31: 9166 32:10000 33:10000 34: 9166 35:10000 36: 6666 37: 6666 38: 6666 39: 6666 40: 6666 41: 6666 42: 4166   [mono-viol x2]
  P2  30:10000 31:10000 32:10000 33:10000 34:10000 35:10000 36:10000 37:10000 38:10000 39:10000 40:10000 41:10000 42: 9166
  P3  30: 8333 31: 8333 32: 6666 33: 6666 34: 6666 35: 6666 36: 5000 37: 6666 38: 6666 39: 6666 40: 5833 41: 3333 42: 1666   [mono-viol x1]
  P4  30: 5833 31: 5833 32: 5000 33: 5000 34: 5000 35: 5000 36: 4166 37: 4166 38: 4166 39: 4166 40: 4166 41: 3333 42: 2500
  P5  30: 7500 31: 3333 32: 1666 33: 1666 34: 1666 35: 1666 36:  833 37:  833 38:  833 39:  833 40:  833 41:  833 42:  833
  P6  30:10000 31:10000 32:10000 33:10000 34:10000 35:10000 36:10000 37:10000 38:10000 39:10000 40:10000 41:10000 42: 3333
  DT  30: 8333 31: 5000 32: 5000 33: 5000 34: 5000 35: 5000 36: 5000 37: 5000 38: 5000 39: 5000 40: 4166 41: 2500 42: 1666
  NT  30:10000 31:10000 32:10000 33:10000 34:10000 35:10000 36:10000 37:10000 38:10000 39:10000 40:10000 41: 9166 42: 6666
  (14.600s)

hand 161: [10 11 40 43 50 53 64]
  P0  30: 9166 31: 9166 32:10000 33:10000 34:10000 35:10000 36: 9166 37: 8333 38: 8333 39: 8333 40: 6666 41: 6666 42: 1666   [mono-viol x1]
  P1  30: 9166 31: 7500 32: 7500 33: 7500 34: 7500 35: 8333 36: 5833 37: 6666 38: 6666 39: 5833 40: 5000 41: 2500 42: 1666   [mono-viol x2]
  P2  30: 6666 31: 7500 32: 7500 33: 7500 34: 6666 35: 5833 36: 5000 37: 4166 38: 4166 39: 4166 40: 4166 41: 2500 42:    0   [mono-viol x1]
  P3  30: 8333 31: 6666 32: 6666 33: 6666 34: 6666 35: 6666 36: 5000 37: 5833 38: 5833 39: 5833 40: 5000 41: 4166 42: 1666   [mono-viol x1]
  P4  30:10000 31: 9166 32: 9166 33: 9166 34: 9166 35:10000 36: 9166 37: 7500 38: 7500 39: 7500 40: 7500 41: 6666 42: 3333   [mono-viol x1]
  P5  30: 3333 31: 1666 32: 1666 33: 1666 34: 1666 35: 1666 36: 1666 37: 1666 38: 1666 39: 1666 40:  833 41:  833 42:  833
  P6  30: 8333 31: 8333 32: 7500 33: 7500 34: 5833 35: 7500 36: 7500 37: 6666 38: 6666 39: 6666 40: 6666 41: 5000 42: 2500   [mono-viol x1]
  DT  30: 4166 31: 3333 32: 3333 33: 3333 34: 3333 35: 3333 36: 2500 37: 1666 38: 1666 39: 1666 40: 2500 41: 1666 42:  833   [mono-viol x1]
  NT  30: 8333 31: 8333 32: 8333 33: 8333 34: 7500 35: 8333 36: 8333 37: 6666 38: 6666 39: 6666 40: 5833 41: 5833 42: 5000   [mono-viol x1]
  (12.815s)

hand 162: [20 32 42 43 50 62 64]
  P0  30: 8333 31: 8333 32: 8333 33: 8333 34: 8333 35: 5833 36: 5833 37: 6666 38: 6666 39: 6666 40: 6666 41: 3333 42: 2500   [mono-viol x1]
  P1  30: 6666 31: 5833 32: 5833 33: 5833 34: 6666 35: 4166 36: 5000 37: 5000 38: 5000 39: 3333 40: 3333 41: 1666 42:  833   [mono-viol x2]
  P2  30: 9166 31: 9166 32: 8333 33: 8333 34: 8333 35: 7500 36: 7500 37: 5833 38: 5833 39: 5833 40: 5000 41: 5000 42: 2500
  P3  30: 6666 31: 6666 32: 5833 33: 5833 34: 5833 35: 5000 36: 5833 37: 5000 38: 5000 39: 4166 40: 4166 41: 2500 42:  833   [mono-viol x1]
  P4  30: 9166 31: 9166 32: 9166 33: 9166 34: 8333 35: 8333 36: 7500 37: 6666 38: 6666 39: 7500 40: 7500 41: 5000 42: 2500   [mono-viol x1]
  P5  30: 2500 31: 2500 32: 2500 33: 2500 34: 2500 35: 2500 36: 1666 37: 1666 38: 1666 39: 1666 40: 1666 41:  833 42:    0
  P6  30: 8333 31: 8333 32: 7500 33: 7500 34: 6666 35: 5000 36: 5833 37: 5000 38: 5000 39: 5000 40: 3333 41: 2500 42: 2500   [mono-viol x1]
  DT  30: 6666 31: 5833 32: 5000 33: 5000 34: 5000 35: 4166 36: 2500 37: 3333 38: 3333 39: 3333 40: 3333 41: 1666 42:  833   [mono-viol x1]
  NT  30: 8333 31: 7500 32: 7500 33: 7500 34: 5833 35: 6666 36: 5833 37: 5000 38: 5000 39: 5000 40: 5000 41: 4166 42: 3333   [mono-viol x1]
  (11.176s)

hand 163: [21 33 42 51 53 63 66]
  P0  30: 4166 31: 4166 32: 4166 33: 4166 34: 3333 35: 2500 36: 2500 37: 2500 38: 2500 39: 2500 40: 2500 41:  833 42:  833
  P1  30: 8333 31: 8333 32: 7500 33: 7500 34: 7500 35: 6666 36: 5000 37: 4166 38: 4166 39: 4166 40: 5833 41: 3333 42: 1666   [mono-viol x1]
  P2  30: 8333 31: 7500 32: 6666 33: 6666 34: 6666 35: 7500 36: 6666 37: 5833 38: 5833 39: 5833 40: 5833 41: 2500 42:  833   [mono-viol x1]
  P3  30:10000 31:10000 32:10000 33:10000 34:10000 35:10000 36:10000 37:10000 38:10000 39:10000 40:10000 41: 9166 42: 8333
  P4  30: 6666 31: 6666 32: 5000 33: 5000 34: 5000 35: 5000 36: 5000 37: 4166 38: 4166 39: 4166 40: 5000 41: 1666 42:  833   [mono-viol x1]
  P5  30: 7500 31: 5000 32: 2500 33: 2500 34: 2500 35: 2500 36: 2500 37: 2500 38: 2500 39: 2500 40: 2500 41: 2500 42: 1666
  P6  30: 9166 31: 8333 32: 7500 33: 7500 34: 7500 35: 6666 36: 6666 37: 5833 38: 5833 39: 5000 40: 5833 41: 3333 42: 1666   [mono-viol x1]
  DT  30: 7500 31: 8333 32: 8333 33: 8333 34: 7500 35: 5833 36: 5000 37: 5000 38: 5000 39: 5000 40: 5000 41: 2500 42:  833   [mono-viol x1]
  NT  30: 9166 31:10000 32: 8333 33: 8333 34: 8333 35: 8333 36: 6666 37: 7500 38: 7500 39: 7500 40: 5833 41: 5833 42: 5833   [mono-viol x2]
  (13.516s)

hand 164: [00 32 41 44 51 52 60]
  P0  30:10000 31: 9166 32: 9166 33: 9166 34: 9166 35: 9166 36: 8333 37: 6666 38: 6666 39: 6666 40: 6666 41: 5833 42: 3333
  P1  30: 9166 31: 8333 32: 8333 33: 8333 34: 8333 35: 7500 36: 6666 37: 5833 38: 5833 39: 5833 40: 5833 41: 4166 42:  833
  P2  30: 9166 31: 9166 32: 9166 33: 9166 34:10000 35: 8333 36: 7500 37: 6666 38: 6666 39: 6666 40: 5833 41: 5000 42: 2500   [mono-viol x1]
  P3  30: 5833 31: 5000 32: 5000 33: 5000 34: 5000 35: 5000 36: 3333 37: 2500 38: 2500 39: 2500 40: 2500 41: 1666 42:  833
  P4  30: 8333 31: 9166 32: 7500 33: 7500 34: 5833 35: 5833 36: 5833 37: 5000 38: 5000 39: 5000 40: 5000 41: 2500 42: 1666   [mono-viol x1]
  P5  30: 5000 31: 2500 32: 2500 33: 2500 34: 2500 35: 2500 36: 1666 37: 1666 38: 1666 39: 1666 40: 1666 41:  833 42:    0
  P6  30: 7500 31: 6666 32: 5833 33: 5833 34: 5833 35: 5000 36: 4166 37: 5000 38: 5000 39: 5000 40: 4166 41: 2500 42: 1666   [mono-viol x1]
  DT  30: 5000 31: 4166 32: 3333 33: 3333 34: 2500 35: 3333 36: 2500 37:  833 38:  833 39:  833 40:  833 41:    0 42:  833   [mono-viol x2]
  NT  30: 8333 31: 7500 32: 7500 33: 7500 34: 7500 35: 8333 36: 5833 37: 4166 38: 4166 39: 4166 40: 5000 41: 5000 42: 3333   [mono-viol x2]
  (10.430s)

hand 165: [00 10 20 22 43 44 62]
  P0  30:10000 31:10000 32:10000 33:10000 34: 9166 35: 9166 36: 9166 37: 9166 38: 9166 39: 9166 40: 8333 41: 9166 42: 5000   [mono-viol x1]
  P1  30: 6666 31: 5833 32: 6666 33: 6666 34: 5833 35: 6666 36: 4166 37: 4166 38: 4166 39: 4166 40: 4166 41: 4166 42:  833   [mono-viol x2]
  P2  30:10000 31:10000 32:10000 33:10000 34:10000 35:10000 36:10000 37:10000 38:10000 39:10000 40:10000 41: 9166 42: 7500
  P3  30: 7500 31: 7500 32: 7500 33: 7500 34: 6666 35: 5000 36: 5000 37: 4166 38: 4166 39: 4166 40: 4166 41: 2500 42:    0
  P4  30:10000 31: 9166 32: 9166 33: 9166 34: 9166 35: 8333 36: 8333 37: 8333 38: 8333 39: 7500 40: 7500 41: 5833 42: 5000
  P5  30: 5000 31: 2500 32: 2500 33: 2500 34: 2500 35: 2500 36: 1666 37: 1666 38: 1666 39: 1666 40:  833 41:  833 42:  833
  P6  30: 6666 31: 6666 32: 6666 33: 6666 34: 6666 35: 6666 36: 6666 37: 5833 38: 5833 39: 5833 40: 5833 41: 5833 42: 3333
  DT  30: 5833 31: 5000 32: 5000 33: 5000 34: 5000 35: 5000 36: 4166 37: 4166 38: 4166 39: 4166 40: 4166 41: 3333 42:  833
  NT  30:10000 31: 9166 32:10000 33:10000 34:10000 35: 9166 36: 9166 37: 9166 38: 9166 39: 9166 40: 9166 41:10000 42: 7500   [mono-viol x2]
  (14.562s)

hand 166: [10 11 30 33 53 62 63]
  P0  30: 7500 31: 6666 32: 6666 33: 6666 34: 5833 35: 6666 36: 4166 37: 4166 38: 4166 39: 4166 40: 4166 41: 3333 42: 1666   [mono-viol x1]
  P1  30: 8333 31: 9166 32: 9166 33: 9166 34: 9166 35: 9166 36: 7500 37: 7500 38: 7500 39: 7500 40: 7500 41: 5833 42: 3333   [mono-viol x1]
  P2  30: 6666 31: 5833 32: 5000 33: 5000 34: 5000 35: 4166 36: 2500 37: 2500 38: 2500 39: 2500 40: 1666 41: 1666 42:  833
  P3  30:10000 31:10000 32:10000 33:10000 34:10000 35:10000 36:10000 37:10000 38:10000 39:10000 40:10000 41:10000 42: 8333
  P4  30: 3333 31: 3333 32: 3333 33: 3333 34: 3333 35: 3333 36: 3333 37: 3333 38: 3333 39: 3333 40: 3333 41: 3333 42:  833
  P5  30: 7500 31: 7500 32: 5833 33: 5833 34: 5833 35: 5833 36: 5000 37: 4166 38: 4166 39: 4166 40: 5000 41: 5000 42: 3333   [mono-viol x1]
  P6  30: 7500 31: 6666 32: 5833 33: 5833 34: 5833 35: 5000 36: 5000 37: 5000 38: 5000 39: 5000 40: 5000 41: 4166 42:    0
  DT  30: 5833 31: 5833 32: 5833 33: 5833 34: 5000 35: 5000 36: 5833 37: 5833 38: 5833 39: 5833 40: 4166 41: 2500 42: 1666   [mono-viol x1]
  NT  30:10000 31: 9166 32: 8333 33: 8333 34: 8333 35: 8333 36: 7500 37: 7500 38: 7500 39: 7500 40: 7500 41: 6666 42: 4166
  (14.297s)

hand 167: [10 21 44 53 61 65 66]
  P0  30: 7500 31: 6666 32: 8333 33: 8333 34: 7500 35: 5000 36: 5000 37: 5000 38: 5000 39: 5000 40: 4166 41: 3333 42: 1666   [mono-viol x1]
  P1  30:10000 31:10000 32:10000 33:10000 34:10000 35:10000 36:10000 37:10000 38:10000 39:10000 40:10000 41: 6666 42: 2500
  P2  30: 5833 31: 7500 32: 7500 33: 7500 34: 5000 35: 3333 36: 3333 37: 3333 38: 3333 39: 3333 40: 3333 41: 1666 42:  833   [mono-viol x1]
  P3  30: 7500 31: 7500 32: 8333 33: 8333 34: 8333 35: 5000 36: 5833 37: 5000 38: 5000 39: 5000 40: 5000 41: 3333 42:  833   [mono-viol x2]
  P4  30: 6666 31: 5000 32: 5000 33: 5000 34: 5000 35: 4166 36: 3333 37: 3333 38: 3333 39: 3333 40: 3333 41: 1666 42:  833
  P5  30: 8333 31: 5833 32: 2500 33: 2500 34: 2500 35: 2500 36: 2500 37: 2500 38: 2500 39: 2500 40: 2500 41: 2500 42: 1666
  P6  30:10000 31:10000 32:10000 33:10000 34:10000 35:10000 36:10000 37:10000 38:10000 39:10000 40:10000 41: 8333 42: 6666
  DT  30: 9166 31: 8333 32: 8333 33: 8333 34: 8333 35: 8333 36: 7500 37: 7500 38: 7500 39: 7500 40: 7500 41: 5000 42: 2500
  NT  30:10000 31:10000 32:10000 33:10000 34:10000 35: 9166 36: 8333 37:10000 38:10000 39:10000 40:10000 41: 9166 42: 6666   [mono-viol x1]
  (14.308s)

hand 168: [11 21 32 41 44 52 65]
  P0  30: 6666 31: 6666 32: 6666 33: 6666 34: 6666 35: 4166 36: 5833 37: 4166 38: 4166 39: 4166 40: 3333 41: 1666 42:    0   [mono-viol x1]
  P1  30:10000 31:10000 32:10000 33:10000 34:10000 35:10000 36:10000 37:10000 38:10000 39:10000 40:10000 41: 9166 42: 5000
  P2  30:10000 31:10000 32:10000 33:10000 34:10000 35:10000 36:10000 37: 9166 38: 9166 39: 9166 40: 8333 41: 5833 42: 2500
  P3  30: 5833 31: 5833 32: 5833 33: 5833 34: 6666 35: 6666 36: 4166 37: 4166 38: 4166 39: 4166 40: 3333 41: 1666 42:  833   [mono-viol x1]
  P4  30: 8333 31: 8333 32: 7500 33: 7500 34: 8333 35: 7500 36: 5833 37: 4166 38: 4166 39: 4166 40: 5000 41: 5833 42: 2500   [mono-viol x3]
  P5  30: 8333 31: 7500 32: 3333 33: 3333 34: 3333 35: 3333 36: 3333 37: 3333 38: 3333 39: 3333 40: 3333 41: 3333 42: 3333
  P6  30: 7500 31: 5833 32: 5833 33: 5833 34: 5833 35: 5000 36: 5833 37: 5833 38: 5833 39: 5833 40: 4166 41: 3333 42: 3333   [mono-viol x1]
  DT  30: 6666 31: 5000 32: 5833 33: 5833 34: 5833 35: 5833 36: 4166 37: 5000 38: 5000 39: 5000 40: 4166 41: 4166 42: 2500   [mono-viol x2]
  NT  30:10000 31:10000 32:10000 33:10000 34:10000 35:10000 36: 9166 37: 9166 38: 9166 39: 9166 40: 9166 41: 8333 42: 8333
  (9.775s)

hand 169: [21 50 51 53 55 61 64]
  P0  30: 6666 31: 5833 32: 5833 33: 5833 34: 5833 35: 5000 36: 4166 37: 5000 38: 5000 39: 4166 40: 4166 41: 4166 42: 1666   [mono-viol x1]
  P1  30:10000 31:10000 32:10000 33:10000 34: 9166 35:10000 36:10000 37: 8333 38: 8333 39: 8333 40: 8333 41: 6666 42:  833   [mono-viol x1]
  P2  30: 5833 31: 6666 32: 6666 33: 7500 34: 7500 35: 5000 36: 3333 37: 3333 38: 3333 39: 3333 40: 3333 41: 2500 42:  833   [mono-viol x2]
  P3  30: 5833 31: 5833 32: 5000 33: 5000 34: 5000 35: 3333 36: 3333 37: 3333 38: 3333 39: 3333 40: 2500 41: 2500 42: 1666
  P4  30: 8333 31: 7500 32: 8333 33: 9166 34: 7500 35: 7500 36: 6666 37: 5833 38: 5833 39: 5000 40: 5000 41: 2500 42:    0   [mono-viol x2]
  P5  30:10000 31:10000 32:10000 33:10000 34:10000 35:10000 36:10000 37: 9166 38: 9166 39: 9166 40: 9166 41: 9166 42: 5000
  P6  30:10000 31:10000 32: 9166 33: 9166 34: 9166 35: 9166 36: 8333 37: 9166 38: 9166 39: 9166 40: 7500 41: 7500 42: 4166   [mono-viol x1]
  DT  30:10000 31:10000 32:10000 33:10000 34: 8333 35: 7500 36: 5833 37: 6666 38: 6666 39: 8333 40: 5833 41: 5000 42:  833   [mono-viol x2]
  NT  30:10000 31:10000 32:10000 33:10000 34:10000 35: 9166 36: 8333 37: 7500 38: 7500 39: 7500 40: 6666 41: 5833 42: 5833
  (9.335s)

hand 170: [11 40 43 54 62 65 66]
  P0  30: 5000 31: 4166 32: 4166 33: 4166 34: 5000 35: 4166 36: 3333 37: 4166 38: 4166 39: 4166 40: 3333 41: 2500 42: 1666   [mono-viol x2]
  P1  30: 7500 31: 7500 32: 7500 33: 6666 34: 6666 35: 5000 36: 5000 37: 4166 38: 4166 39: 4166 40: 4166 41: 4166 42: 1666
  P2  30: 5833 31: 5833 32: 5833 33: 5833 34: 5000 35: 5833 36: 4166 37: 5000 38: 5000 39: 5000 40: 4166 41: 2500 42:  833   [mono-viol x2]
  P3  30: 7500 31: 8333 32: 8333 33: 8333 34: 6666 35: 6666 36: 5000 37: 4166 38: 4166 39: 4166 40: 5000 41: 3333 42: 1666   [mono-viol x2]
  P4  30:10000 31: 7500 32: 4166 33: 4166 34: 4166 35: 4166 36: 4166 37: 4166 38: 4166 39: 4166 40: 4166 41: 4166 42: 3333
  P5  30: 7500 31: 7500 32: 2500 33: 2500 34: 2500 35: 2500 36: 2500 37: 2500 38: 2500 39: 2500 40: 2500 41: 2500 42: 2500
  P6  30:10000 31:10000 32:10000 33:10000 34:10000 35:10000 36:10000 37:10000 38:10000 39:10000 40:10000 41: 9166 42: 7500
  DT  30:10000 31: 9166 32: 8333 33: 8333 34: 9166 35: 8333 36: 7500 37: 6666 38: 6666 39: 6666 40: 5833 41: 4166 42: 1666   [mono-viol x1]
  NT  30:10000 31:10000 32:10000 33:10000 34:10000 35: 9166 36: 8333 37: 8333 38: 8333 39: 8333 40: 9166 41: 9166 42: 5833   [mono-viol x1]
  (17.210s)

hand 171: [00 21 31 32 53 55 61]
  P0  30: 9166 31: 7500 32: 8333 33: 8333 34: 8333 35: 7500 36: 5833 37: 5000 38: 5000 39: 5833 40: 5000 41: 4166 42: 1666   [mono-viol x2]
  P1  30:10000 31:10000 32:10000 33:10000 34:10000 35:10000 36: 9166 37: 8333 38: 8333 39: 8333 40: 8333 41: 7500 42: 5000
  P2  30:10000 31:10000 32:10000 33:10000 34: 9166 35: 9166 36: 9166 37: 9166 38: 9166 39: 7500 40: 6666 41: 5833 42: 3333
  P3  30:10000 31:10000 32:10000 33:10000 34:10000 35:10000 36: 9166 37: 9166 38: 9166 39: 9166 40: 9166 41: 5833 42: 2500
  P4  30: 5000 31: 2500 32: 3333 33: 3333 34: 3333 35: 2500 36: 3333 37: 2500 38: 2500 39: 1666 40: 1666 41: 1666 42:    0   [mono-viol x2]
  P5  30:10000 31:10000 32:10000 33:10000 34:10000 35: 9166 36: 9166 37:10000 38:10000 39: 9166 40: 8333 41: 5000 42: 1666   [mono-viol x1]
  P6  30: 7500 31: 5833 32: 5833 33: 5833 34: 5833 35: 5833 36: 5833 37: 5000 38: 5000 39: 5000 40: 5000 41: 3333 42: 1666
  DT  30: 9166 31: 9166 32: 9166 33: 9166 34: 8333 35: 8333 36: 6666 37: 7500 38: 7500 39: 7500 40: 5833 41: 3333 42: 2500   [mono-viol x1]
  NT  30:10000 31:10000 32:10000 33:10000 34:10000 35:10000 36: 8333 37: 9166 38: 9166 39: 9166 40: 9166 41: 8333 42: 5833   [mono-viol x1]
  (11.581s)

hand 172: [21 31 44 55 61 62 65]
  P0  30: 6666 31: 6666 32: 5833 33: 5833 34: 4166 35: 5000 36: 4166 37: 5000 38: 5000 39: 4166 40: 3333 41: 2500 42:  833   [mono-viol x2]
  P1  30:10000 31:10000 32:10000 33:10000 34:10000 35: 8333 36: 9166 37: 7500 38: 7500 39: 7500 40: 7500 41: 5833 42: 2500   [mono-viol x1]
  P2  30:10000 31:10000 32:10000 33:10000 34:10000 35: 9166 36: 8333 37: 8333 38: 8333 39: 6666 40: 7500 41: 3333 42:    0   [mono-viol x1]
  P3  30:10000 31:10000 32:10000 33:10000 34:10000 35: 8333 36: 7500 37: 5833 38: 5833 39: 5000 40: 5000 41: 1666 42:  833
  P4  30: 8333 31: 7500 32: 8333 33: 7500 34: 6666 35: 5833 36: 6666 37: 5833 38: 5833 39: 5833 40: 4166 41: 3333 42: 2500   [mono-viol x2]
  P5  30:10000 31:10000 32:10000 33:10000 34:10000 35: 8333 36: 8333 37: 8333 38: 8333 39: 7500 40: 7500 41: 7500 42: 3333
  P6  30:10000 31:10000 32: 8333 33: 8333 34: 9166 35: 8333 36: 8333 37: 8333 38: 8333 39: 8333 40: 8333 41: 4166 42: 2500   [mono-viol x1]
  DT  30: 9166 31:10000 32:10000 33:10000 34:10000 35: 9166 36: 8333 37: 7500 38: 7500 39: 6666 40: 6666 41: 3333 42: 2500   [mono-viol x1]
  NT  30:10000 31: 9166 32: 9166 33: 8333 34: 9166 35: 9166 36: 7500 37: 8333 38: 8333 39: 8333 40: 6666 41: 4166 42: 3333   [mono-viol x2]
  (9.688s)

hand 173: [20 21 22 31 32 60 64]
  P0  30: 9166 31: 9166 32: 9166 33: 9166 34: 9166 35: 7500 36: 7500 37: 6666 38: 6666 39: 6666 40: 5000 41: 3333 42: 1666
  P1  30: 7500 31: 7500 32: 7500 33: 7500 34: 7500 35: 5833 36: 5000 37: 5000 38: 5000 39: 5000 40: 3333 41: 2500 42:  833
  P2  30:10000 31:10000 32:10000 33:10000 34:10000 35:10000 36:10000 37:10000 38:10000 39:10000 40:10000 41: 8333 42: 4166
  P3  30: 7500 31: 7500 32: 6666 33: 6666 34: 5833 35: 5833 36: 3333 37: 4166 38: 4166 39: 4166 40: 2500 41: 1666 42:  833   [mono-viol x1]
  P4  30: 9166 31: 6666 32: 6666 33: 6666 34: 6666 35: 6666 36: 4166 37: 5000 38: 5000 39: 5000 40: 5833 41: 2500 42:  833   [mono-viol x2]
  P5  30: 6666 31: 5833 32: 5000 33: 5000 34: 4166 35: 4166 36: 3333 37: 3333 38: 3333 39: 3333 40: 2500 41: 2500 42:  833
  P6  30: 9166 31: 9166 32:10000 33:10000 34: 9166 35: 9166 36: 8333 37: 8333 38: 8333 39: 8333 40: 8333 41: 5000 42: 3333   [mono-viol x1]
  DT  30: 5833 31: 5833 32: 5833 33: 5833 34: 5833 35: 4166 36: 4166 37: 5000 38: 5000 39: 5000 40: 3333 41: 2500 42: 1666   [mono-viol x1]
  NT  30: 7500 31: 8333 32: 7500 33: 7500 34: 7500 35: 7500 36: 6666 37: 6666 38: 6666 39: 6666 40: 8333 41: 5000 42: 1666   [mono-viol x2]
  (11.442s)

hand 174: [31 42 44 54 55 60 64]
  P0  30: 7500 31: 5833 32: 5833 33: 5833 34: 5833 35: 5000 36: 4166 37: 3333 38: 3333 39: 3333 40: 2500 41: 2500 42: 2500
  P1  30: 7500 31: 6666 32: 6666 33: 5833 34: 5833 35: 5833 36: 5833 37: 5000 38: 5000 39: 5000 40: 4166 41: 3333 42:  833
  P2  30: 8333 31: 8333 32: 8333 33: 8333 34: 8333 35: 7500 36: 6666 37: 6666 38: 6666 39: 6666 40: 4166 41: 3333 42: 2500
  P3  30: 9166 31: 9166 32: 9166 33: 9166 34: 9166 35: 8333 36: 7500 37: 6666 38: 6666 39: 6666 40: 6666 41: 5000 42: 2500
  P4  30:10000 31:10000 32:10000 33:10000 34:10000 35:10000 36:10000 37:10000 38:10000 39:10000 40:10000 41:10000 42:10000
  P5  30:10000 31:10000 32:10000 33:10000 34:10000 35:10000 36:10000 37: 9166 38: 9166 39: 9166 40: 9166 41: 8333 42: 6666
  P6  30:10000 31:10000 32:10000 33:10000 34:10000 35:10000 36:10000 37:10000 38:10000 39:10000 40: 9166 41: 5833 42: 1666
  DT  30:10000 31:10000 32:10000 33:10000 34:10000 35:10000 36: 7500 37: 6666 38: 6666 39: 6666 40: 6666 41: 5833 42: 1666
  NT  30:10000 31:10000 32:10000 33:10000 34:10000 35:10000 36:10000 37: 9166 38: 9166 39: 9166 40: 9166 41:10000 42: 8333   [mono-viol x1]
  (9.017s)

hand 175: [00 30 40 52 60 63 66]
  P0  30:10000 31:10000 32:10000 33:10000 34:10000 35:10000 36:10000 37: 9166 38: 9166 39: 9166 40: 9166 41: 9166 42: 6666
  P1  30: 4166 31: 3333 32: 3333 33: 4166 34: 3333 35: 2500 36: 3333 37: 2500 38: 2500 39: 2500 40: 2500 41: 1666 42: 1666   [mono-viol x2]
  P2  30: 7500 31: 6666 32: 5833 33: 5833 34: 5833 35: 5000 36: 5000 37: 4166 38: 4166 39: 4166 40: 5000 41: 2500 42: 1666   [mono-viol x1]
  P3  30: 9166 31: 9166 32: 9166 33: 9166 34: 9166 35: 7500 36: 5833 37: 5833 38: 5833 39: 5833 40: 5833 41: 3333 42: 1666
  P4  30: 3333 31: 3333 32: 3333 33: 3333 34: 3333 35: 3333 36: 3333 37: 3333 38: 3333 39: 3333 40: 3333 41: 3333 42: 2500
  P5  30: 5833 31: 3333 32: 1666 33: 1666 34: 1666 35: 1666 36: 1666 37: 1666 38: 1666 39: 1666 40: 1666 41:  833 42:    0
  P6  30:10000 31: 9166 32: 8333 33: 8333 34: 8333 35: 8333 36: 7500 37: 6666 38: 6666 39: 6666 40: 7500 41: 7500 42: 2500   [mono-viol x1]
  DT  30: 7500 31: 6666 32: 6666 33: 6666 34: 5833 35: 5000 36: 3333 37: 3333 38: 3333 39: 3333 40: 2500 41:  833 42:  833
  NT  30: 8333 31: 7500 32: 9166 33: 9166 34: 7500 35: 6666 36: 6666 37: 6666 38: 6666 39: 6666 40: 6666 41: 5000 42: 5833   [mono-viol x2]
  (15.698s)

hand 176: [20 30 31 42 44 60 66]
  P0  30:10000 31:10000 32:10000 33:10000 34:10000 35:10000 36:10000 37: 8333 38: 8333 39: 8333 40: 8333 41: 7500 42: 1666
  P1  30: 7500 31: 5833 32: 6666 33: 6666 34: 6666 35: 4166 36: 4166 37: 4166 38: 4166 39: 4166 40: 2500 41: 1666 42:  833   [mono-viol x1]
  P2  30: 8333 31: 9166 32: 8333 33: 8333 34: 7500 35: 9166 36: 7500 37: 6666 38: 6666 39: 6666 40: 5833 41: 3333 42: 1666   [mono-viol x2]
  P3  30:10000 31:10000 32:10000 33:10000 34:10000 35: 9166 36: 9166 37: 9166 38: 9166 39: 9166 40: 8333 41: 5000 42: 3333
  P4  30: 9166 31: 9166 32: 9166 33: 9166 34: 7500 35: 7500 36: 3333 37: 3333 38: 3333 39: 3333 40: 2500 41: 2500 42: 1666
  P5  30: 6666 31: 5833 32: 5833 33: 5833 34: 5833 35: 5833 36: 5000 37: 5000 38: 5000 39: 5000 40: 4166 41: 4166 42: 1666
  P6  30:10000 31:10000 32:10000 33:10000 34:10000 35: 8333 36: 8333 37: 6666 38: 6666 39: 6666 40: 6666 41: 6666 42: 2500
  DT  30:10000 31:10000 32:10000 33:10000 34: 9166 35: 7500 36: 5833 37: 5000 38: 5000 39: 5000 40: 5000 41: 3333 42:  833
  NT  30:10000 31:10000 32:10000 33:10000 34: 9166 35:10000 36: 9166 37: 7500 38: 7500 39: 7500 40: 7500 41: 5000 42: 4166   [mono-viol x1]
  (10.903s)

hand 177: [20 30 32 43 54 60 66]
  P0  30:10000 31: 8333 32: 8333 33: 8333 34: 9166 35: 8333 36: 5833 37: 5000 38: 5000 39: 5000 40: 5833 41: 4166 42: 1666   [mono-viol x2]
  P1  30: 5833 31: 4166 32: 4166 33: 4166 34: 3333 35: 2500 36: 1666 37: 2500 38: 2500 39: 2500 40: 1666 41:  833 42:  833   [mono-viol x1]
  P2  30:10000 31: 8333 32: 7500 33: 8333 34: 7500 35: 5833 36: 6666 37: 7500 38: 7500 39: 5833 40: 5833 41: 4166 42:    0   [mono-viol x3]
  P3  30:10000 31:10000 32:10000 33:10000 34:10000 35: 9166 36:10000 37: 9166 38: 9166 39: 9166 40: 8333 41: 6666 42: 3333   [mono-viol x1]
  P4  30: 9166 31: 6666 32: 6666 33: 6666 34: 6666 35: 5000 36: 5000 37: 4166 38: 4166 39: 4166 40: 4166 41: 2500 42: 1666
  P5  30: 7500 31: 5000 32: 5000 33: 5000 34: 5000 35: 5000 36: 5000 37: 5000 38: 5000 39: 5000 40: 5000 41: 5000 42: 4166
  P6  30: 9166 31: 9166 32: 9166 33: 9166 34: 9166 35: 9166 36: 6666 37: 7500 38: 7500 39: 7500 40: 7500 41: 5833 42: 3333   [mono-viol x1]
  DT  30: 7500 31: 7500 32: 6666 33: 6666 34: 5833 35: 6666 36: 6666 37: 5833 38: 5833 39: 5833 40: 5000 41: 5000 42: 1666   [mono-viol x1]
  NT  30:10000 31: 9166 32:10000 33:10000 34: 9166 35:10000 36:10000 37:10000 38:10000 39: 9166 40: 8333 41: 8333 42: 5000   [mono-viol x2]
  (14.448s)

hand 178: [22 30 31 43 55 60 65]
  P0  30: 9166 31: 9166 32: 7500 33: 7500 34: 7500 35: 6666 36: 6666 37: 7500 38: 7500 39: 7500 40: 6666 41: 4166 42: 2500   [mono-viol x1]
  P1  30: 5833 31: 5000 32: 5000 33: 5000 34: 5000 35: 5000 36: 4166 37: 4166 38: 4166 39: 4166 40: 4166 41: 1666 42:  833
  P2  30:10000 31: 9166 32: 9166 33: 9166 34: 9166 35: 6666 36: 6666 37: 7500 38: 7500 39: 7500 40: 7500 41: 5833 42: 1666   [mono-viol x1]
  P3  30:10000 31:10000 32:10000 33:10000 34:10000 35:10000 36:10000 37: 6666 38: 6666 39: 6666 40: 6666 41: 4166 42:  833
  P4  30: 9166 31: 8333 32: 8333 33: 8333 34: 8333 35: 8333 36: 8333 37: 7500 38: 7500 39: 7500 40: 7500 41: 5000 42: 5000
  P5  30:10000 31:10000 32:10000 33:10000 34:10000 35:10000 36:10000 37:10000 38:10000 39:10000 40: 9166 41: 9166 42: 6666
  P6  30: 9166 31: 8333 32: 7500 33: 8333 34: 8333 35: 7500 36: 8333 37: 6666 38: 6666 39: 6666 40: 6666 41: 5833 42: 4166   [mono-viol x2]
  DT  30:10000 31:10000 32:10000 33:10000 34:10000 35: 9166 36: 8333 37: 6666 38: 6666 39: 6666 40: 5833 41: 5833 42: 4166
  NT  30:10000 31:10000 32:10000 33:10000 34:10000 35: 9166 36: 9166 37:10000 38:10000 39:10000 40: 9166 41: 8333 42: 7500   [mono-viol x1]
  (9.074s)

hand 179: [22 30 32 51 53 62 65]
  P0  30: 5833 31: 6666 32: 5000 33: 5000 34: 3333 35: 2500 36: 3333 37: 3333 38: 3333 39: 3333 40: 3333 41: 1666 42:  833   [mono-viol x2]
  P1  30: 5833 31: 6666 32: 5833 33: 5000 34: 5000 35: 4166 36: 4166 37: 4166 38: 4166 39: 4166 40: 2500 41: 1666 42:  833   [mono-viol x1]
  P2  30: 9166 31:10000 32:10000 33:10000 34:10000 35:10000 36: 9166 37: 7500 38: 7500 39: 7500 40: 8333 41: 7500 42: 6666   [mono-viol x2]
  P3  30:10000 31:10000 32:10000 33:10000 34:10000 35:10000 36:10000 37: 9166 38: 9166 39: 9166 40:10000 41: 5833 42: 3333   [mono-viol x1]
  P4  30: 5833 31: 5833 32: 5000 33: 5000 34: 5000 35: 4166 36: 4166 37: 3333 38: 3333 39: 3333 40: 4166 41: 1666 42:  833   [mono-viol x1]
  P5  30: 9166 31: 6666 32: 4166 33: 4166 34: 4166 35: 4166 36: 4166 37: 4166 38: 4166 39: 4166 40: 4166 41: 4166 42: 4166
  P6  30: 8333 31: 7500 32: 7500 33: 6666 34: 7500 35: 8333 36: 6666 37: 5833 38: 5833 39: 5833 40: 6666 41: 5000 42: 2500   [mono-viol x3]
  DT  30: 5833 31: 5833 32: 5833 33: 5833 34: 5833 35: 4166 36: 4166 37: 4166 38: 4166 39: 4166 40: 3333 41: 3333 42: 1666
  NT  30: 9166 31: 9166 32: 9166 33: 9166 34: 9166 35: 9166 36: 9166 37: 9166 38: 9166 39: 9166 40: 8333 41: 8333 42: 4166
  (12.374s)

hand 180: [10 11 22 32 44 60 62]
  P0  30: 9166 31: 8333 32: 8333 33: 8333 34: 9166 35: 7500 36: 6666 37: 6666 38: 6666 39: 6666 40: 6666 41: 5833 42: 3333   [mono-viol x1]
  P1  30: 8333 31: 8333 32: 8333 33: 8333 34: 8333 35: 8333 36: 7500 37: 5833 38: 5833 39: 5833 40: 4166 41: 3333 42: 1666
  P2  30:10000 31:10000 32:10000 33:10000 34:10000 35:10000 36:10000 37:10000 38:10000 39:10000 40:10000 41:10000 42: 8333
  P3  30: 9166 31: 9166 32: 7500 33: 7500 34: 7500 35: 6666 36: 7500 37: 5833 38: 5833 39: 5833 40: 4166 41: 2500 42:    0   [mono-viol x1]
  P4  30: 6666 31: 5833 32: 5833 33: 5833 34: 5000 35: 5833 36: 3333 37: 4166 38: 4166 39: 4166 40: 4166 41: 2500 42:  833   [mono-viol x2]
  P5  30: 3333 31: 1666 32:  833 33:  833 34:  833 35:  833 36:  833 37:  833 38:  833 39:  833 40:  833 41:    0 42:    0
  P6  30: 9166 31: 7500 32: 6666 33: 6666 34: 6666 35: 6666 36: 5833 37: 6666 38: 6666 39: 6666 40: 6666 41: 5000 42: 2500   [mono-viol x1]
  DT  30: 5000 31: 5000 32: 5000 33: 4166 34: 4166 35: 3333 36: 3333 37: 3333 38: 3333 39: 3333 40: 3333 41: 3333 42: 1666
  NT  30:10000 31: 9166 32: 9166 33: 9166 34:10000 35: 9166 36: 9166 37: 7500 38: 7500 39: 7500 40: 7500 41: 6666 42: 5833   [mono-viol x1]
  (13.595s)

hand 181: [10 21 30 50 52 54 66]
  P0  30: 9166 31: 9166 32: 9166 33: 8333 34: 8333 35: 8333 36: 4166 37: 4166 38: 4166 39: 4166 40: 5000 41: 2500 42:  833   [mono-viol x1]
  P1  30: 6666 31: 5833 32: 5000 33: 5000 34: 5000 35: 4166 36: 4166 37: 1666 38: 1666 39: 1666 40: 1666 41: 1666 42:  833
  P2  30: 5000 31: 5833 32: 5833 33: 5000 34: 5000 35: 5000 36: 4166 37: 5000 38: 5000 39: 3333 40: 3333 41: 2500 42: 1666   [mono-viol x2]
  P3  30: 5833 31: 5833 32: 5833 33: 5000 34: 5000 35: 4166 36: 5000 37: 4166 38: 4166 39: 4166 40: 4166 41: 4166 42: 2500   [mono-viol x1]
  P4  30: 4166 31: 3333 32: 4166 33: 4166 34: 3333 35: 3333 36: 3333 37: 3333 38: 3333 39: 3333 40: 2500 41: 2500 42:  833   [mono-viol x1]
  P5  30: 6666 31: 4166 32:  833 33:  833 34:  833 35:  833 36:  833 37:  833 38:  833 39:  833 40:  833 41:  833 42:  833
  P6  30: 4166 31: 3333 32: 3333 33: 3333 34: 3333 35: 3333 36: 2500 37: 1666 38: 1666 39: 2500 40: 1666 41: 1666 42:    0   [mono-viol x1]
  DT  30: 5000 31: 4166 32: 2500 33: 2500 34: 2500 35:  833 36: 1666 37: 1666 38: 1666 39:  833 40:  833 41:  833 42:    0   [mono-viol x1]
  NT  30: 5000 31: 6666 32: 6666 33: 6666 34: 5000 35: 5000 36: 4166 37: 1666 38: 1666 39: 1666 40: 1666 41: 1666 42: 1666   [mono-viol x1]
  (8.858s)

hand 182: [21 30 32 42 53 60 61]
  P0  30: 5833 31: 5000 32: 5833 33: 5833 34: 5000 35: 5000 36: 4166 37: 3333 38: 3333 39: 3333 40: 2500 41:  833 42:  833   [mono-viol x1]
  P1  30: 5000 31: 4166 32: 5000 33: 4166 34: 5000 35: 4166 36: 3333 37: 2500 38: 2500 39: 2500 40: 2500 41:  833 42:  833   [mono-viol x2]
  P2  30: 9166 31: 8333 32: 7500 33: 7500 34: 6666 35: 5833 36: 5833 37: 5833 38: 5833 39: 5833 40: 4166 41: 3333 42: 1666
  P3  30: 7500 31: 7500 32: 7500 33: 5833 34: 5833 35: 6666 36: 5833 37: 5833 38: 5833 39: 4166 40: 3333 41: 1666 42:    0   [mono-viol x1]
  P4  30: 4166 31: 4166 32: 4166 33: 3333 34: 3333 35: 2500 36: 3333 37: 3333 38: 3333 39: 3333 40: 3333 41: 1666 42:    0   [mono-viol x1]
  P5  30: 3333 31: 2500 32: 2500 33: 2500 34: 2500 35: 2500 36: 1666 37:  833 38:  833 39:  833 40: 1666 41:  833 42:    0   [mono-viol x1]
  P6  30: 5000 31: 5833 32: 5000 33: 4166 34: 3333 35: 3333 36: 4166 37: 3333 38: 3333 39: 3333 40: 1666 41: 2500 42:  833   [mono-viol x3]
  DT  30: 4166 31: 4166 32: 3333 33: 3333 34: 2500 35: 2500 36: 2500 37: 2500 38: 2500 39: 2500 40: 2500 41: 1666 42:  833
  NT  30: 4166 31: 4166 32: 3333 33: 3333 34: 4166 35: 5000 36: 4166 37: 4166 38: 4166 39: 4166 40: 3333 41: 3333 42: 1666   [mono-viol x2]
  (8.851s)

hand 183: [00 10 11 42 44 53 55]
  P0  30:10000 31:10000 32:10000 33:10000 34:10000 35:10000 36:10000 37:10000 38:10000 39:10000 40: 9166 41: 7500 42: 5833
  P1  30:10000 31:10000 32:10000 33:10000 34:10000 35: 9166 36: 9166 37: 9166 38: 9166 39: 9166 40: 9166 41: 5833 42: 3333
  P2  30: 5833 31: 6666 32: 6666 33: 6666 34: 5000 35: 3333 36: 3333 37: 2500 38: 2500 39: 2500 40: 1666 41:  833 42:  833   [mono-viol x1]
  P3  30: 9166 31:10000 32:10000 33:10000 34:10000 35: 9166 36:10000 37:10000 38: 9166 39: 8333 40: 8333 41: 6666 42: 5000   [mono-viol x2]
  P4  30:10000 31:10000 32:10000 33:10000 34:10000 35:10000 36: 9166 37: 9166 38: 9166 39: 9166 40: 9166 41: 8333 42: 7500
  P5  30:10000 31:10000 32:10000 33:10000 34:10000 35:10000 36:10000 37:10000 38:10000 39:10000 40:10000 41:10000 42: 6666
  P6  30: 9166 31: 7500 32: 7500 33: 7500 34: 7500 35: 7500 36: 7500 37: 7500 38: 7500 39: 7500 40: 7500 41: 3333 42:  833
  DT  30:10000 31:10000 32:10000 33:10000 34:10000 35:10000 36: 9166 37: 8333 38: 8333 39: 8333 40: 9166 41: 6666 42:  833   [mono-viol x1]
  NT  30:10000 31:10000 32:10000 33:10000 34:10000 35:10000 36:10000 37:10000 38:10000 39:10000 40:10000 41:10000 42:10000
  (9.059s)

hand 184: [31 32 40 42 52 53 54]
  P0  30: 6666 31: 5833 32: 5000 33: 5000 34: 5000 35: 4166 36: 3333 37: 3333 38: 3333 39: 2500 40: 2500 41:  833 42:  833
  P1  30: 5833 31: 5000 32: 4166 33: 4166 34: 5000 35: 4166 36: 3333 37: 4166 38: 4166 39: 4166 40: 4166 41: 2500 42:  833   [mono-viol x2]
  P2  30: 9166 31: 9166 32: 8333 33: 8333 34: 8333 35: 8333 36: 7500 37: 6666 38: 6666 39: 6666 40: 5833 41: 4166 42:  833
  P3  30: 9166 31: 8333 32: 8333 33: 8333 34: 8333 35: 7500 36: 5000 37: 5000 38: 5000 39: 5000 40: 4166 41: 3333 42: 2500
  P4  30: 7500 31: 4166 32: 3333 33: 3333 34: 3333 35: 3333 36: 3333 37: 3333 38: 3333 39: 3333 40: 2500 41: 1666 42: 1666
  P5  30: 5833 31: 5833 32: 4166 33: 4166 34: 4166 35: 4166 36: 4166 37: 3333 38: 3333 39: 3333 40: 3333 41: 2500 42: 2500
  P6  30: 5833 31: 4166 32: 4166 33: 4166 34: 3333 35: 4166 36: 3333 37: 3333 38: 3333 39: 3333 40: 2500 41: 2500 42:  833   [mono-viol x1]
  DT  30: 5000 31: 4166 32: 4166 33: 4166 34: 3333 35: 3333 36: 4166 37: 4166 38: 4166 39: 4166 40: 3333 41:  833 42:    0   [mono-viol x1]
  NT  30: 7500 31: 7500 32: 7500 33: 7500 34: 6666 35: 6666 36: 5000 37: 4166 38: 4166 39: 4166 40: 2500 41: 3333 42: 2500   [mono-viol x1]
  (11.743s)

hand 185: [40 42 43 52 53 61 62]
  P0  30: 3333 31: 3333 32: 3333 33: 3333 34: 3333 35: 2500 36: 2500 37: 2500 38: 2500 39: 2500 40: 2500 41: 1666 42:  833
  P1  30: 4166 31: 5000 32: 5000 33: 5000 34: 5000 35: 4166 36: 3333 37: 3333 38: 3333 39: 3333 40: 2500 41: 1666 42: 1666   [mono-viol x1]
  P2  30: 9166 31: 9166 32: 8333 33: 9166 34:10000 35: 8333 36: 7500 37: 5833 38: 5833 39: 5000 40: 5000 41: 5000 42: 3333   [mono-viol x2]
  P3  30: 5833 31: 2500 32: 3333 33: 3333 34: 4166 35: 3333 36: 2500 37: 2500 38: 2500 39: 2500 40:  833 41:  833 42:    0   [mono-viol x2]
  P4  30: 5000 31: 3333 32: 3333 33: 3333 34: 2500 35: 2500 36: 1666 37: 1666 38: 1666 39: 1666 40: 1666 41: 1666 42:    0
  P5  30: 6666 31: 5833 32: 5833 33: 4166 34: 4166 35: 5000 36: 4166 37: 4166 38: 4166 39: 4166 40: 3333 41: 3333 42:    0   [mono-viol x1]
  P6  30: 5000 31: 3333 32: 3333 33: 3333 34: 4166 35: 3333 36: 1666 37: 2500 38: 2500 39: 1666 40: 1666 41: 1666 42:  833   [mono-viol x2]
  DT  30: 5000 31: 5833 32: 5833 33: 5833 34: 5000 35: 4166 36: 5000 37: 5833 38: 5833 39: 5833 40: 2500 41:  833 42:  833   [mono-viol x3]
  NT  30: 5833 31: 5000 32: 4166 33: 4166 34: 5000 35: 4166 36: 3333 37: 2500 38: 2500 39: 2500 40: 2500 41: 2500 42:  833   [mono-viol x1]
  (8.735s)

hand 186: [21 22 41 42 44 53 61]
  P0  30: 5833 31: 5833 32: 5833 33: 5833 34: 3333 35: 3333 36: 3333 37: 3333 38: 3333 39: 3333 40: 3333 41: 2500 42:    0
  P1  30:10000 31:10000 32:10000 33:10000 34:10000 35:10000 36:10000 37:10000 38:10000 39: 9166 40: 8333 41: 6666 42:  833
  P2  30:10000 31:10000 32:10000 33:10000 34:10000 35: 9166 36: 9166 37: 9166 38: 9166 39: 9166 40: 9166 41: 7500 42: 4166
  P3  30: 7500 31: 7500 32: 6666 33: 6666 34: 5833 35: 6666 36: 8333 37: 7500 38: 7500 39: 7500 40: 6666 41: 4166 42:  833   [mono-viol x2]
  P4  30:10000 31:10000 32:10000 33:10000 34:10000 35:10000 36:10000 37: 9166 38: 9166 39: 9166 40: 8333 41: 7500 42: 4166
  P5  30: 6666 31: 2500 32: 1666 33: 1666 34: 1666 35: 1666 36: 1666 37: 1666 38: 1666 39: 1666 40: 1666 41: 1666 42:  833
  P6  30: 5833 31: 4166 32: 4166 33: 4166 34: 4166 35: 4166 36: 4166 37: 4166 38: 4166 39: 4166 40: 4166 41: 2500 42:    0
  DT  30: 2500 31: 2500 32: 2500 33: 2500 34: 1666 35:  833 36:  833 37:  833 38:  833 39:  833 40:  833 41:    0 42:    0
  NT  30: 9166 31: 9166 32: 8333 33: 8333 34: 7500 35: 8333 36: 9166 37: 9166 38: 9166 39: 9166 40: 8333 41: 6666 42: 3333   [mono-viol x2]
  (12.070s)

hand 187: [20 21 22 31 50 54 64]
  P0  30: 5833 31: 6666 32: 6666 33: 7500 34: 7500 35: 5833 36: 6666 37: 5000 38: 5000 39: 4166 40: 3333 41: 3333 42:  833   [mono-viol x3]
  P1  30: 5833 31: 5833 32: 6666 33: 6666 34: 6666 35: 4166 36: 4166 37: 4166 38: 4166 39: 4166 40: 3333 41: 2500 42:  833   [mono-viol x1]
  P2  30: 6666 31: 6666 32: 6666 33: 6666 34: 8333 35: 5000 36: 6666 37: 5000 38: 5000 39: 5000 40: 5000 41: 3333 42: 1666   [mono-viol x2]
  P3  30: 5833 31: 5000 32: 5000 33: 5000 34: 3333 35: 2500 36: 3333 37: 1666 38: 1666 39: 1666 40:  833 41:  833 42:  833   [mono-viol x1]
  P4  30: 8333 31: 9166 32: 9166 33: 9166 34: 9166 35: 7500 36: 5833 37: 5833 38: 5833 39: 5000 40: 3333 41: 3333 42:    0   [mono-viol x1]
  P5  30: 7500 31: 5000 32: 2500 33: 2500 34: 2500 35: 2500 36: 2500 37: 2500 38: 2500 39: 2500 40: 2500 41: 2500 42: 1666
  P6  30: 7500 31: 6666 32: 5000 33: 5000 34: 4166 35: 4166 36: 4166 37: 4166 38: 4166 39: 4166 40: 2500 41: 2500 42:  833
  DT  30: 3333 31: 4166 32: 4166 33: 4166 34: 4166 35: 2500 36: 3333 37: 1666 38: 1666 39: 1666 40: 1666 41: 1666 42:    0   [mono-viol x2]
  NT  30: 6666 31: 5000 32: 5833 33: 6666 34: 6666 35: 5000 36: 4166 37: 3333 38: 2500 39: 2500 40: 2500 41: 2500 42: 2500   [mono-viol x2]
  (8.896s)

hand 188: [00 22 30 52 54 55 66]
  P0  30:10000 31:10000 32:10000 33:10000 34: 9166 35: 9166 36: 8333 37: 7500 38: 7500 39: 7500 40: 7500 41: 6666 42: 4166
  P1  30:10000 31:10000 32:10000 33:10000 34: 8333 35: 8333 36: 9166 37: 8333 38: 8333 39: 8333 40: 6666 41: 5000 42: 3333   [mono-viol x1]
  P2  30:10000 31:10000 32:10000 33:10000 34:10000 35:10000 36:10000 37:10000 38:10000 39:10000 40:10000 41: 9166 42: 5833
  P3  30: 7500 31: 8333 32: 8333 33: 8333 34: 8333 35: 7500 36: 6666 37: 6666 38: 6666 39: 6666 40: 5000 41: 5000 42: 2500   [mono-viol x1]
  P4  30:10000 31: 6666 32: 6666 33: 6666 34: 6666 35: 6666 36: 6666 37: 6666 38: 6666 39: 6666 40: 6666 41: 6666 42: 1666
  P5  30:10000 31:10000 32:10000 33:10000 34:10000 35:10000 36:10000 37:10000 38:10000 39:10000 40:10000 41:10000 42: 8333
  P6  30: 9166 31: 8333 32: 7500 33: 7500 34: 7500 35: 8333 36: 7500 37: 8333 38: 8333 39: 8333 40: 7500 41: 5833 42: 3333   [mono-viol x2]
  DT  30:10000 31:10000 32:10000 33:10000 34:10000 35:10000 36:10000 37:10000 38:10000 39:10000 40: 9166 41: 9166 42: 5833
  NT  30:10000 31:10000 32:10000 33:10000 34:10000 35:10000 36:10000 37:10000 38:10000 39:10000 40:10000 41:10000 42: 6666
  (13.973s)

hand 189: [10 11 42 50 54 62 66]
  P0  30: 8333 31: 8333 32: 7500 33: 7500 34: 7500 35: 7500 36: 6666 37: 5833 38: 5833 39: 5833 40: 4166 41: 3333 42: 1666
  P1  30:10000 31:10000 32:10000 33:10000 34: 9166 35:10000 36: 9166 37: 8333 38: 8333 39: 8333 40: 7500 41: 5833 42: 1666   [mono-viol x1]
  P2  30: 9166 31: 9166 32: 9166 33: 9166 34: 8333 35: 8333 36: 7500 37: 8333 38: 8333 39: 8333 40: 7500 41: 6666 42: 2500   [mono-viol x1]
  P3  30: 5833 31: 5833 32: 5000 33: 4166 34: 4166 35: 5000 36: 5000 37: 5833 38: 5833 39: 5833 40: 5000 41: 3333 42:  833   [mono-viol x2]
  P4  30: 5833 31: 4166 32: 3333 33: 3333 34: 3333 35: 3333 36: 3333 37: 3333 38: 3333 39: 3333 40: 3333 41: 1666 42:  833
  P5  30: 8333 31: 5833 32: 2500 33: 2500 34: 2500 35: 2500 36: 2500 37: 2500 38: 2500 39: 2500 40: 2500 41: 2500 42:  833
  P6  30: 9166 31: 9166 32: 9166 33: 9166 34: 8333 35: 7500 36: 5833 37: 5833 38: 5833 39: 5833 40: 5833 41: 5833 42: 2500
  DT  30: 6666 31: 7500 32: 8333 33: 8333 34: 7500 35: 5833 36: 6666 37: 6666 38: 6666 39: 6666 40: 5000 41: 2500 42:  833   [mono-viol x3]
  NT  30: 9166 31: 9166 32: 8333 33: 8333 34: 7500 35: 6666 36: 5833 37: 6666 38: 6666 39: 6666 40: 6666 41: 5000 42: 5000   [mono-viol x1]
  (14.503s)

hand 190: [11 31 42 50 55 63 66]
  P0  30: 7500 31: 7500 32: 8333 33: 8333 34: 5833 35: 6666 36: 5000 37: 4166 38: 4166 39: 3333 40: 3333 41: 1666 42:  833   [mono-viol x2]
  P1  30:10000 31: 9166 32: 9166 33: 9166 34: 9166 35: 8333 36: 8333 37: 7500 38: 7500 39: 7500 40: 7500 41: 6666 42: 5000
  P2  30: 6666 31: 8333 32: 7500 33: 7500 34: 6666 35: 5833 36: 5000 37: 5000 38: 5000 39: 5000 40: 5000 41: 4166 42: 3333   [mono-viol x1]
  P3  30:10000 31:10000 32: 9166 33: 9166 34:10000 35: 9166 36: 8333 37: 8333 38: 8333 39: 7500 40: 7500 41: 6666 42: 5000   [mono-viol x1]
  P4  30: 5000 31: 5000 32: 5000 33: 5000 34: 5000 35: 5000 36: 5000 37: 4166 38: 4166 39: 4166 40: 5000 41: 4166 42: 1666   [mono-viol x1]
  P5  30:10000 31:10000 32:10000 33:10000 34:10000 35: 8333 36: 7500 37: 8333 38: 8333 39: 8333 40: 8333 41: 5833 42: 1666   [mono-viol x1]
  P6  30:10000 31:10000 32:10000 33:10000 34:10000 35:10000 36: 9166 37: 8333 38: 8333 39: 8333 40: 8333 41: 6666 42: 4166
  DT  30:10000 31:10000 32: 9166 33: 9166 34: 9166 35:10000 36: 8333 37: 8333 38: 8333 39: 8333 40: 8333 41: 6666 42: 2500   [mono-viol x1]
  NT  30:10000 31:10000 32:10000 33:10000 34:10000 35:10000 36:10000 37: 9166 38: 9166 39: 9166 40: 8333 41: 8333 42: 7500
  (10.751s)

hand 191: [10 20 30 42 61 65 66]
  P0  30: 8333 31: 8333 32: 8333 33: 8333 34: 8333 35: 7500 36: 7500 37: 7500 38: 7500 39: 7500 40: 7500 41: 6666 42: 3333
  P1  30: 6666 31: 7500 32: 8333 33: 8333 34: 7500 35: 6666 36: 5833 37: 5000 38: 5000 39: 5000 40: 4166 41: 2500 42: 2500   [mono-viol x2]
  P2  30:10000 31: 9166 32: 8333 33: 8333 34: 7500 35: 7500 36: 6666 37: 6666 38: 6666 39: 6666 40: 5833 41: 5000 42: 1666
  P3  30: 8333 31: 7500 32: 6666 33: 6666 34: 5833 35: 7500 36: 6666 37: 8333 38: 8333 39: 8333 40: 5833 41: 4166 42:  833   [mono-viol x2]
  P4  30: 6666 31: 5833 32: 5000 33: 5000 34: 5833 35: 5000 36: 5000 37: 3333 38: 3333 39: 3333 40: 2500 41: 2500 42: 2500   [mono-viol x1]
  P5  30: 4166 31: 2500 32: 2500 33: 2500 34: 2500 35: 2500 36: 1666 37: 1666 38: 1666 39: 1666 40: 1666 41: 2500 42: 1666   [mono-viol x1]
  P6  30:10000 31:10000 32:10000 33:10000 34:10000 35: 8333 36: 9166 37: 9166 38: 9166 39:10000 40: 9166 41: 7500 42: 6666   [mono-viol x2]
  DT  30: 8333 31: 7500 32: 5833 33: 5833 34: 5833 35: 5000 36: 5000 37: 4166 38: 4166 39: 4166 40: 4166 41: 3333 42: 1666
  NT  30: 9166 31: 9166 32: 9166 33: 9166 34: 9166 35:10000 36: 7500 37: 8333 38: 8333 39: 8333 40: 9166 41: 6666 42: 5000   [mono-viol x3]
  (10.570s)

hand 192: [32 33 43 51 52 63 64]
  P0  30: 4166 31: 4166 32: 4166 33: 3333 34: 3333 35: 4166 36: 2500 37: 1666 38: 1666 39: 1666 40: 1666 41:  833 42:  833   [mono-viol x1]
  P1  30: 7500 31: 7500 32: 6666 33: 6666 34: 5833 35: 5833 36: 4166 37: 4166 38: 4166 39: 4166 40: 4166 41: 2500 42: 1666
  P2  30: 8333 31: 7500 32: 7500 33: 7500 34: 8333 35: 6666 36: 6666 37: 6666 38: 6666 39: 5833 40: 5000 41: 2500 42:  833   [mono-viol x1]
  P3  30:10000 31:10000 32:10000 33:10000 34:10000 35:10000 36:10000 37:10000 38:10000 39:10000 40:10000 41:10000 42: 8333
  P4  30: 9166 31: 8333 32:10000 33: 9166 34:10000 35: 9166 36: 8333 37: 5833 38: 5833 39: 5833 40: 6666 41: 5833 42: 2500   [mono-viol x3]
  P5  30: 8333 31: 6666 32: 5833 33: 5833 34: 5833 35: 5833 36: 5833 37: 5833 38: 5833 39: 5833 40: 5833 41: 4166 42: 1666
  P6  30: 9166 31:10000 32: 9166 33: 9166 34: 9166 35:10000 36: 7500 37: 8333 38: 8333 39: 8333 40: 7500 41: 4166 42: 3333   [mono-viol x3]
  DT  30: 6666 31: 7500 32: 7500 33: 7500 34: 8333 35: 6666 36: 5000 37: 5000 38: 5000 39: 5000 40: 4166 41: 2500 42: 1666   [mono-viol x2]
  NT  30:10000 31: 9166 32: 8333 33: 8333 34: 8333 35: 9166 36: 9166 37:10000 38:10000 39:10000 40: 9166 41: 7500 42: 3333   [mono-viol x2]
  (11.536s)

hand 193: [22 31 40 42 50 53 54]
  P0  30: 8333 31: 8333 32: 8333 33: 8333 34: 8333 35: 5833 36: 5833 37: 5000 38: 5000 39: 5000 40: 5000 41: 2500 42:  833
  P1  30: 5000 31: 3333 32: 3333 33: 3333 34: 3333 35: 3333 36: 1666 37: 1666 38: 1666 39: 1666 40: 1666 41:    0 42:    0
  P2  30: 7500 31: 6666 32: 6666 33: 6666 34: 6666 35: 5833 36: 5000 37: 6666 38: 6666 39: 6666 40: 5000 41: 3333 42: 1666   [mono-viol x1]
  P3  30: 5833 31: 5833 32: 5833 33: 5833 34: 5000 35: 4166 36: 3333 37: 3333 38: 3333 39: 3333 40: 3333 41: 2500 42:  833
  P4  30: 5833 31: 2500 32: 2500 33: 2500 34: 2500 35: 2500 36: 2500 37: 1666 38: 1666 39: 1666 40: 1666 41: 1666 42:  833
  P5  30: 8333 31: 5833 32: 4166 33: 4166 34: 4166 35: 4166 36: 4166 37: 4166 38: 4166 39: 4166 40: 4166 41: 4166 42: 1666
  P6  30: 5000 31: 3333 32: 3333 33: 3333 34: 3333 35: 2500 36: 2500 37: 1666 38: 1666 39: 1666 40: 2500 41:  833 42:  833   [mono-viol x1]
  DT  30: 4166 31: 3333 32: 3333 33: 3333 34: 3333 35: 2500 36: 2500 37: 2500 38: 2500 39: 2500 40: 2500 41:  833 42:    0
  NT  30: 6666 31: 6666 32: 5000 33: 5000 34: 5000 35: 5000 36: 5000 37: 5000 38: 5000 39: 5000 40: 3333 41: 3333 42: 1666
  (12.419s)

hand 194: [20 22 40 50 55 64 65]
  P0  30:10000 31:10000 32:10000 33:10000 34:10000 35:10000 36: 9166 37: 9166 38: 9166 39: 9166 40: 9166 41: 5833 42: 3333
  P1  30: 7500 31: 6666 32: 6666 33: 7500 34: 5833 35: 4166 36: 5000 37: 5000 38: 5000 39: 4166 40: 2500 41: 1666 42:  833   [mono-viol x2]
  P2  30: 9166 31: 9166 32: 8333 33: 8333 34: 9166 35: 7500 36: 6666 37: 5833 38: 5833 39: 5833 40: 6666 41: 5000 42: 2500   [mono-viol x2]
  P3  30: 5833 31: 6666 32: 6666 33: 6666 34: 6666 35: 5000 36: 5000 37: 5000 38: 5000 39: 4166 40: 3333 41: 2500 42:  833   [mono-viol x1]
  P4  30:10000 31:10000 32:10000 33:10000 34:10000 35: 8333 36: 8333 37: 8333 38: 8333 39: 8333 40: 8333 41: 6666 42: 3333
  P5  30:10000 31:10000 32:10000 33:10000 34:10000 35:10000 36:10000 37:10000 38:10000 39:10000 40:10000 41:10000 42: 7500
  P6  30:10000 31:10000 32:10000 33:10000 34:10000 35:10000 36: 7500 37: 7500 38: 7500 39: 6666 40: 8333 41: 5000 42: 3333   [mono-viol x1]
  DT  30:10000 31:10000 32:10000 33:10000 34:10000 35: 9166 36: 5833 37: 5000 38: 5000 39: 5833 40: 6666 41: 4166 42: 2500   [mono-viol x2]
  NT  30:10000 31:10000 32:10000 33:10000 34:10000 35:10000 36:10000 37: 9166 38: 9166 39: 9166 40: 9166 41: 8333 42: 5833
  (9.221s)

hand 195: [21 22 30 33 41 53 63]
  P0  30: 6666 31: 5000 32: 5000 33: 4166 34: 5000 35: 4166 36: 2500 37: 2500 38: 2500 39: 2500 40: 2500 41: 1666 42:  833   [mono-viol x1]
  P1  30:10000 31: 9166 32: 9166 33: 9166 34: 9166 35: 9166 36: 9166 37: 9166 38: 9166 39: 9166 40: 8333 41: 4166 42:    0
  P2  30: 9166 31: 7500 32: 7500 33: 7500 34: 7500 35: 5833 36: 5000 37: 5000 38: 5000 39: 5000 40: 4166 41: 5000 42: 1666   [mono-viol x1]
  P3  30:10000 31:10000 32:10000 33:10000 34:10000 35:10000 36:10000 37:10000 38:10000 39:10000 40:10000 41:10000 42:10000
  P4  30: 7500 31: 5833 32: 6666 33: 6666 34: 5000 35: 5000 36: 5833 37: 5833 38: 5833 39: 5000 40: 4166 41: 5000 42: 1666   [mono-viol x3]
  P5  30: 5833 31: 5000 32: 4166 33: 4166 34: 4166 35: 4166 36: 3333 37: 3333 38: 3333 39: 3333 40: 3333 41: 2500 42: 1666
  P6  30: 9166 31: 6666 32: 5833 33: 5833 34: 5833 35: 5833 36: 5000 37: 5833 38: 5833 39: 5833 40: 5833 41: 4166 42: 2500   [mono-viol x1]
  DT  30: 5833 31: 5000 32: 5833 33: 5000 34: 5000 35: 5000 36: 4166 37: 4166 38: 4166 39: 4166 40: 4166 41: 3333 42:  833   [mono-viol x1]
  NT  30:10000 31: 9166 32: 9166 33: 9166 34: 8333 35: 8333 36: 8333 37: 8333 38: 8333 39: 8333 40: 9166 41: 6666 42: 5000   [mono-viol x1]
  (11.846s)

hand 196: [11 41 51 61 62 63 66]
  P0  30: 4166 31: 4166 32: 4166 33: 4166 34: 4166 35: 1666 36: 1666 37: 1666 38: 1666 39: 1666 40: 1666 41:  833 42:    0
  P1  30:10000 31:10000 32:10000 33:10000 34:10000 35:10000 36:10000 37:10000 38:10000 39:10000 40:10000 41:10000 42:10000
  P2  30: 6666 31: 6666 32: 6666 33: 6666 34: 5000 35: 5833 36: 3333 37: 3333 38: 3333 39: 3333 40: 3333 41: 2500 42: 1666   [mono-viol x1]
  P3  30: 9166 31: 7500 32: 7500 33: 7500 34: 7500 35: 7500 36: 6666 37: 5833 38: 5833 39: 5833 40: 5833 41: 5000 42:  833
  P4  30: 6666 31: 5833 32: 5833 33: 5833 34: 5833 35: 5833 36: 5833 37: 5000 38: 5000 39: 5000 40: 5000 41: 4166 42: 1666
  P5  30: 7500 31: 5833 32: 5833 33: 5833 34: 5833 35: 5833 36: 5833 37: 5000 38: 5000 39: 5000 40: 5000 41: 3333 42: 2500
  P6  30:10000 31:10000 32: 9166 33: 9166 34: 9166 35: 9166 36: 9166 37: 9166 38: 9166 39: 9166 40: 9166 41: 9166 42: 3333
  DT  30: 8333 31: 5833 32: 5833 33: 5833 34: 5833 35: 5833 36: 4166 37: 4166 38: 4166 39: 4166 40: 4166 41:  833 42:  833
  NT  30: 9166 31: 8333 32: 9166 33: 9166 34: 9166 35:10000 36: 9166 37: 9166 38: 9166 39: 9166 40: 9166 41: 9166 42: 8333   [mono-viol x2]
  (13.749s)

hand 197: [30 41 43 50 51 62 64]
  P0  30: 6666 31: 6666 32: 7500 33: 7500 34: 6666 35: 5000 36: 5000 37: 4166 38: 4166 39: 3333 40: 4166 41: 1666 42:  833   [mono-viol x2]
  P1  30: 6666 31: 5833 32: 5833 33: 5000 34: 4166 35: 2500 36: 1666 37: 1666 38: 1666 39: 1666 40: 1666 41:  833 42:    0
  P2  30: 4166 31: 5000 32: 5000 33: 4166 34: 4166 35: 5000 36: 4166 37: 3333 38: 3333 39: 3333 40: 3333 41: 1666 42:    0   [mono-viol x2]
  P3  30: 6666 31: 6666 32: 6666 33: 6666 34: 5833 35: 4166 36: 3333 37: 2500 38: 2500 39: 2500 40: 3333 41: 3333 42:  833   [mono-viol x1]
  P4  30: 8333 31: 9166 32: 8333 33: 9166 34: 8333 35: 8333 36: 8333 37: 8333 38: 8333 39: 7500 40: 5833 41: 4166 42: 2500   [mono-viol x2]
  P5  30: 4166 31: 4166 32: 3333 33: 3333 34: 3333 35: 3333 36: 3333 37: 2500 38: 2500 39: 2500 40: 2500 41: 1666 42:  833
  P6  30: 7500 31: 7500 32: 7500 33: 7500 34: 6666 35: 6666 36: 5833 37: 5833 38: 5833 39: 4166 40: 5000 41: 2500 42:    0   [mono-viol x1]
  DT  30: 4166 31: 3333 32: 3333 33: 4166 34: 4166 35: 2500 36: 2500 37: 2500 38: 2500 39: 2500 40:  833 41:  833 42:    0   [mono-viol x1]
  NT  30: 7500 31: 7500 32: 7500 33: 7500 34: 7500 35: 5000 36: 4166 37: 4166 38: 4166 39: 4166 40: 3333 41: 3333 42: 3333
  (8.864s)

hand 198: [00 41 42 52 62 63 65]
  P0  30: 5833 31: 5833 32: 5000 33: 5000 34: 5000 35: 4166 36: 5000 37: 4166 38: 4166 39: 4166 40: 4166 41: 3333 42:  833   [mono-viol x1]
  P1  30: 5000 31: 5000 32: 4166 33: 4166 34: 4166 35: 4166 36: 3333 37: 4166 38: 4166 39: 4166 40: 3333 41: 2500 42:    0   [mono-viol x1]
  P2  30:10000 31:10000 32: 9166 33: 9166 34: 8333 35: 8333 36: 8333 37: 8333 38: 8333 39: 7500 40: 7500 41: 5833 42: 3333
  P3  30: 3333 31: 3333 32: 3333 33: 3333 34: 3333 35: 3333 36: 2500 37: 3333 38: 3333 39: 3333 40: 2500 41: 1666 42:    0   [mono-viol x1]
  P4  30: 6666 31: 5833 32: 5000 33: 5000 34: 5000 35: 5000 36: 5000 37: 5000 38: 5000 39: 5000 40: 5000 41: 4166 42:  833
  P5  30: 6666 31: 5000 32: 4166 33: 4166 34: 4166 35: 4166 36: 4166 37: 4166 38: 4166 39: 4166 40: 4166 41: 4166 42: 3333
  P6  30:10000 31:10000 32: 8333 33: 8333 34: 8333 35: 8333 36: 8333 37: 8333 38: 8333 39: 8333 40: 8333 41: 5833 42: 2500
  DT  30: 5833 31: 5000 32: 5000 33: 5000 34: 5000 35: 4166 36: 4166 37: 4166 38: 4166 39: 4166 40: 3333 41: 1666 42:  833
  NT  30: 7500 31:10000 32: 9166 33: 9166 34: 9166 35: 7500 36: 8333 37: 7500 38: 7500 39: 7500 40: 6666 41: 6666 42: 5000   [mono-viol x2]
  (11.812s)

hand 199: [20 43 52 60 62 63 64]
  P0  30: 6666 31: 6666 32: 5833 33: 5833 34: 5833 35: 5833 36: 4166 37: 5000 38: 5000 39: 5833 40: 4166 41: 3333 42: 1666   [mono-viol x2]
  P1  30: 5000 31: 4166 32: 5000 33: 5000 34: 4166 35: 4166 36: 4166 37: 3333 38: 3333 39: 3333 40: 2500 41: 3333 42:    0   [mono-viol x2]
  P2  30:10000 31:10000 32:10000 33:10000 34:10000 35:10000 36: 9166 37: 8333 38: 8333 39: 8333 40: 9166 41: 5833 42: 1666   [mono-viol x1]
  P3  30:10000 31:10000 32:10000 33:10000 34:10000 35: 8333 36: 7500 37: 7500 38: 7500 39: 6666 40: 6666 41: 4166 42:  833
  P4  30:10000 31: 9166 32: 9166 33: 9166 34: 8333 35: 8333 36: 5833 37: 6666 38: 6666 39: 6666 40: 5000 41: 5000 42: 1666   [mono-viol x1]
  P5  30: 5000 31: 3333 32: 3333 33: 3333 34: 3333 35: 2500 36: 2500 37: 2500 38: 2500 39: 2500 40: 1666 41: 1666 42: 1666
  P6  30:10000 31:10000 32:10000 33:10000 34:10000 35: 9166 36: 8333 37: 8333 38: 8333 39: 8333 40: 7500 41: 5833 42: 1666
  DT  30: 5000 31: 4166 32: 4166 33: 4166 34: 4166 35: 4166 36: 3333 37: 3333 38: 3333 39: 3333 40: 2500 41:  833 42:  833
  NT  30: 8333 31: 8333 32: 7500 33: 7500 34: 7500 35: 6666 36: 4166 37: 4166 38: 4166 39: 4166 40: 4166 41: 3333 42: 2500
  (12.969s)

nothing above exploratory tier; bid-curve values are never receipts; not a P-A21 statement
